UDF1,Timestamp,EventType
6465,2025-11-03 07:13:18,IN
5009,2025-11-03 07:13:22,IN
7412,2025-11-03 07:22:24,IN
4566,2025-11-03 07:29:59,IN
1327,2025-11-03 07:37:34,IN
2112,2025-11-03 08:04:58,IN
5558,2025-11-03 08:05:32,IN
4054,2025-11-03 08:08:08,IN
3762,2025-11-03 08:11:02,IN
8518,2025-11-03 08:17:07,IN
7412,2025-11-03 08:32:24,OUT
5024,2025-11-03 08:47:21,IN
9839,2025-11-03 08:49:52,IN
1327,2025-11-03 09:10:34,OUT
6465,2025-11-03 09:20:18,OUT
1553,2025-11-03 09:35:09,IN
4364,2025-11-03 09:43:45,IN
6129,2025-11-03 09:55:30,IN
5558,2025-11-03 09:57:32,OUT
7721,2025-11-03 09:57:59,IN
9910,2025-11-03 09:58:59,IN
3762,2025-11-03 10:00:02,OUT
2112,2025-11-03 10:16:58,OUT
6465,2025-11-03 10:17:18,IN
8518,2025-11-03 10:20:07,OUT
5558,2025-11-03 10:31:32,IN
2112,2025-11-03 10:49:58,IN
3762,2025-11-03 10:54:02,IN
4566,2025-11-03 10:56:59,OUT
5009,2025-11-03 11:07:22,OUT
4364,2025-11-03 11:08:45,OUT
4054,2025-11-03 11:10:08,OUT
8518,2025-11-03 11:13:07,IN
4364,2025-11-03 11:24:45,IN
4566,2025-11-03 11:27:59,IN
5009,2025-11-03 11:30:22,IN
6129,2025-11-03 11:45:30,OUT
6129,2025-11-03 12:03:30,IN
4054,2025-11-03 12:08:08,IN
5024,2025-11-03 12:10:21,OUT
9839,2025-11-03 12:12:52,OUT
9910,2025-11-03 12:18:59,OUT
7721,2025-11-03 12:26:59,OUT
5558,2025-11-03 12:31:32,OUT
9910,2025-11-03 12:38:59,IN
9839,2025-11-03 12:49:52,IN
7721,2025-11-03 12:49:59,IN
5024,2025-11-03 12:58:21,IN
6465,2025-11-03 13:00:18,OUT
2112,2025-11-03 13:08:58,OUT
5558,2025-11-03 13:16:32,IN
3762,2025-11-03 13:17:02,OUT
8518,2025-11-03 13:18:07,OUT
6129,2025-11-03 13:20:30,OUT
1553,2025-11-03 13:26:09,OUT
2112,2025-11-03 13:29:58,IN
6129,2025-11-03 13:39:30,IN
4364,2025-11-03 13:41:45,OUT
9910,2025-11-03 13:59:59,OUT
4566,2025-11-03 14:06:59,OUT
1553,2025-11-03 14:11:09,IN
9910,2025-11-03 14:15:59,IN
5009,2025-11-03 14:18:22,OUT
4566,2025-11-03 14:26:59,IN
5024,2025-11-03 14:50:21,OUT
2112,2025-11-03 14:54:58,OUT
9839,2025-11-03 15:07:52,OUT
1553,2025-11-03 15:19:09,OUT
2112,2025-11-03 15:41:58,IN
4054,2025-11-03 15:45:08,OUT
7721,2025-11-03 16:07:59,OUT
9910,2025-11-03 16:26:59,OUT
6129,2025-11-03 16:43:30,OUT
6129,2025-11-03 16:59:30,IN
7721,2025-11-03 17:02:59,IN
5558,2025-11-03 17:03:32,OUT
4566,2025-11-03 17:32:59,OUT
2112,2025-11-03 19:21:58,OUT
6129,2025-11-03 19:25:30,OUT
7721,2025-11-03 20:22:59,OUT
3762,2025-11-04 07:01:49,IN
6129,2025-11-04 07:32:43,IN
6827,2025-11-04 07:35:24,IN
6718,2025-11-04 07:43:06,IN
4364,2025-11-04 07:46:27,IN
5146,2025-11-04 07:46:50,IN
1327,2025-11-04 07:53:13,IN
5024,2025-11-04 07:56:34,IN
7258,2025-11-04 08:07:48,IN
4763,2025-11-04 08:09:23,IN
3762,2025-11-04 08:43:49,OUT
1903,2025-11-04 08:47:50,IN
5146,2025-11-04 08:54:50,OUT
6465,2025-11-04 08:55:43,IN
8518,2025-11-04 09:04:29,IN
6827,2025-11-04 09:11:24,OUT
4566,2025-11-04 09:12:06,IN
7721,2025-11-04 09:39:22,IN
3640,2025-11-04 09:43:15,IN
6718,2025-11-04 09:51:06,OUT
8834,2025-11-04 09:52:00,IN
4364,2025-11-04 09:58:27,OUT
7258,2025-11-04 10:00:48,OUT
6718,2025-11-04 10:08:06,IN
7258,2025-11-04 10:30:48,IN
4364,2025-11-04 10:46:27,IN
8518,2025-11-04 10:55:29,OUT
6129,2025-11-04 11:13:43,OUT
8834,2025-11-04 11:14:00,OUT
3640,2025-11-04 11:16:15,OUT
4566,2025-11-04 11:23:06,OUT
8518,2025-11-04 11:25:29,IN
7721,2025-11-04 11:35:22,OUT
4763,2025-11-04 11:37:23,OUT
1903,2025-11-04 11:43:50,OUT
5024,2025-11-04 11:45:34,OUT
1327,2025-11-04 11:48:13,OUT
3640,2025-11-04 11:53:15,IN
4566,2025-11-04 11:58:06,IN
6465,2025-11-04 12:06:43,OUT
8834,2025-11-04 12:11:00,IN
6718,2025-11-04 12:27:06,OUT
5024,2025-11-04 12:29:34,IN
6465,2025-11-04 12:36:43,IN
6718,2025-11-04 12:53:06,IN
3640,2025-11-04 13:00:15,OUT
4566,2025-11-04 13:30:06,OUT
8834,2025-11-04 13:44:00,OUT
4364,2025-11-04 13:50:27,OUT
7258,2025-11-04 13:59:48,OUT
4364,2025-11-04 14:11:27,IN
4566,2025-11-04 14:24:06,IN
5024,2025-11-04 14:25:34,OUT
8834,2025-11-04 14:28:00,IN
6718,2025-11-04 14:30:06,OUT
8518,2025-11-04 14:32:29,OUT
5024,2025-11-04 14:53:34,IN
7258,2025-11-04 14:53:48,IN
6465,2025-11-04 14:54:43,OUT
8518,2025-11-04 15:04:29,IN
6465,2025-11-04 15:11:43,IN
5024,2025-11-04 16:07:34,OUT
6465,2025-11-04 16:38:43,OUT
6465,2025-11-04 16:53:43,IN
4566,2025-11-04 16:57:06,OUT
8834,2025-11-04 17:23:00,OUT
8518,2025-11-04 17:44:29,OUT
4566,2025-11-04 17:53:06,IN
4364,2025-11-04 17:56:27,OUT
8834,2025-11-04 18:23:00,IN
7258,2025-11-04 18:26:48,OUT
8518,2025-11-04 18:32:29,IN
6465,2025-11-04 19:42:43,OUT
8518,2025-11-04 20:54:29,OUT
8834,2025-11-04 20:55:00,OUT
4566,2025-11-04 21:34:06,OUT
7412,2025-11-05 07:08:25,IN
4364,2025-11-05 07:10:12,IN
5024,2025-11-05 07:22:49,IN
6465,2025-11-05 07:53:23,IN
8834,2025-11-05 08:05:09,IN
7721,2025-11-05 08:08:52,IN
5360,2025-11-05 08:09:44,IN
7258,2025-11-05 08:33:27,IN
6129,2025-11-05 08:42:57,IN
5009,2025-11-05 08:47:38,IN
1125,2025-11-05 08:47:42,IN
3762,2025-11-05 08:56:22,IN
2112,2025-11-05 08:56:43,IN
9910,2025-11-05 09:01:48,IN
5976,2025-11-05 09:09:40,IN
3640,2025-11-05 09:09:57,IN
9839,2025-11-05 09:22:02,IN
3556,2025-11-05 09:35:30,IN
6465,2025-11-05 09:38:23,OUT
1327,2025-11-05 09:47:24,IN
8518,2025-11-05 09:48:30,IN
8834,2025-11-05 09:56:09,OUT
1125,2025-11-05 09:59:42,OUT
5360,2025-11-05 10:03:44,OUT
3762,2025-11-05 10:18:22,OUT
2112,2025-11-05 10:25:43,OUT
1125,2025-11-05 10:28:42,IN
7721,2025-11-05 10:34:52,OUT
8834,2025-11-05 10:35:09,IN
3640,2025-11-05 10:48:57,OUT
4364,2025-11-05 10:49:12,OUT
5024,2025-11-05 10:54:49,OUT
5976,2025-11-05 10:55:40,OUT
5360,2025-11-05 10:56:44,IN
1327,2025-11-05 10:59:24,OUT
7412,2025-11-05 11:06:25,OUT
7258,2025-11-05 11:11:27,OUT
2112,2025-11-05 11:11:43,IN
5024,2025-11-05 11:11:49,IN
3640,2025-11-05 11:20:57,IN
9910,2025-11-05 11:27:48,OUT
5976,2025-11-05 11:28:40,IN
4364,2025-11-05 11:30:12,IN
7412,2025-11-05 11:31:25,IN
3556,2025-11-05 11:34:30,OUT
1125,2025-11-05 11:34:42,OUT
1327,2025-11-05 11:35:24,IN
6129,2025-11-05 11:37:57,OUT
7258,2025-11-05 11:50:27,IN
9910,2025-11-05 11:56:48,IN
1125,2025-11-05 12:07:42,IN
3640,2025-11-05 12:36:57,OUT
5009,2025-11-05 12:46:38,OUT
7412,2025-11-05 12:49:25,OUT
9839,2025-11-05 13:06:02,OUT
1327,2025-11-05 13:10:24,OUT
5360,2025-11-05 13:10:44,OUT
8518,2025-11-05 13:23:30,OUT
5024,2025-11-05 13:27:49,OUT
4364,2025-11-05 13:29:12,OUT
8834,2025-11-05 13:35:09,OUT
5009,2025-11-05 13:41:38,IN
2112,2025-11-05 13:45:43,OUT
4364,2025-11-05 13:53:12,IN
8834,2025-11-05 13:54:09,IN
8518,2025-11-05 14:11:30,IN
5976,2025-11-05 14:26:40,OUT
5024,2025-11-05 14:26:49,IN
7258,2025-11-05 14:39:27,OUT
5976,2025-11-05 14:44:40,IN
4364,2025-11-05 15:09:12,OUT
1125,2025-11-05 15:16:42,OUT
9910,2025-11-05 15:16:48,OUT
4364,2025-11-05 15:26:12,IN
5009,2025-11-05 15:39:38,OUT
9910,2025-11-05 16:02:48,IN
8834,2025-11-05 16:10:09,OUT
5024,2025-11-05 16:38:49,OUT
5976,2025-11-05 16:45:40,OUT
8518,2025-11-05 16:55:30,OUT
4364,2025-11-05 19:24:12,OUT
9910,2025-11-05 19:59:48,OUT
9910,2025-11-05 20:16:48,IN
9910,2025-11-05 22:33:48,OUT
1125,2025-11-06 07:04:30,IN
3556,2025-11-06 07:04:42,IN
2112,2025-11-06 07:09:42,IN
7412,2025-11-06 07:16:38,IN
7721,2025-11-06 07:24:45,IN
8518,2025-11-06 07:33:46,IN
6827,2025-11-06 07:34:25,IN
5024,2025-11-06 07:50:22,IN
3556,2025-11-06 08:07:42,OUT
5146,2025-11-06 08:07:53,IN
5976,2025-11-06 08:10:51,IN
1327,2025-11-06 08:21:30,IN
3640,2025-11-06 08:30:04,IN
3762,2025-11-06 08:36:11,IN
1125,2025-11-06 08:46:30,OUT
5558,2025-11-06 08:57:15,IN
7721,2025-11-06 09:04:45,OUT
8518,2025-11-06 09:06:46,OUT
3556,2025-11-06 09:07:42,IN
8565,2025-11-06 09:12:31,IN
5360,2025-11-06 09:25:30,IN
7721,2025-11-06 09:27:45,IN
4364,2025-11-06 09:29:36,IN
5024,2025-11-06 09:30:22,OUT
8518,2025-11-06 09:30:46,IN
6129,2025-11-06 09:40:47,IN
3640,2025-11-06 09:42:04,OUT
7258,2025-11-06 09:47:43,IN
5024,2025-11-06 10:22:22,IN
5976,2025-11-06 10:27:51,OUT
2112,2025-11-06 10:44:42,OUT
7258,2025-11-06 10:53:43,OUT
5146,2025-11-06 11:05:53,OUT
2112,2025-11-06 11:12:42,IN
7412,2025-11-06 11:13:38,OUT
5976,2025-11-06 11:14:51,IN
6129,2025-11-06 11:28:47,OUT
3556,2025-11-06 11:31:42,OUT
6827,2025-11-06 11:32:25,OUT
5360,2025-11-06 11:32:30,OUT
7258,2025-11-06 11:34:43,IN
5146,2025-11-06 11:35:53,IN
8565,2025-11-06 11:41:31,OUT
1327,2025-11-06 11:44:30,OUT
7412,2025-11-06 11:53:38,IN
7721,2025-11-06 11:54:45,OUT
3556,2025-11-06 11:55:42,IN
3762,2025-11-06 11:57:11,OUT
8565,2025-11-06 12:02:31,IN
6827,2025-11-06 12:04:25,IN
1327,2025-11-06 12:08:30,IN
4364,2025-11-06 12:10:36,OUT
5360,2025-11-06 12:19:30,IN
7721,2025-11-06 12:22:45,IN
4364,2025-11-06 12:29:36,IN
5558,2025-11-06 12:40:15,OUT
3762,2025-11-06 12:42:11,IN
5976,2025-11-06 13:22:51,OUT
5024,2025-11-06 13:25:22,OUT
8518,2025-11-06 13:29:46,OUT
6827,2025-11-06 13:34:25,OUT
5558,2025-11-06 13:36:15,IN
2112,2025-11-06 13:37:42,OUT
8518,2025-11-06 13:50:46,IN
5024,2025-11-06 14:05:22,IN
7721,2025-11-06 14:12:45,OUT
3762,2025-11-06 14:18:11,OUT
2112,2025-11-06 14:25:42,IN
3556,2025-11-06 14:26:42,OUT
7721,2025-11-06 14:40:45,IN
7258,2025-11-06 14:42:43,OUT
5558,2025-11-06 14:53:15,OUT
3556,2025-11-06 14:58:42,IN
5360,2025-11-06 14:59:30,OUT
5024,2025-11-06 15:09:22,OUT
5146,2025-11-06 15:13:53,OUT
1327,2025-11-06 15:24:30,OUT
8565,2025-11-06 15:29:31,OUT
4364,2025-11-06 15:36:36,OUT
1327,2025-11-06 15:48:30,IN
7412,2025-11-06 15:52:38,OUT
8565,2025-11-06 15:54:31,IN
4364,2025-11-06 16:04:36,IN
5146,2025-11-06 16:05:53,IN
2112,2025-11-06 16:32:42,OUT
8518,2025-11-06 17:00:46,OUT
3556,2025-11-06 17:24:42,OUT
8518,2025-11-06 17:35:46,IN
7721,2025-11-06 17:37:45,OUT
5146,2025-11-06 18:12:53,OUT
8565,2025-11-06 18:29:31,OUT
5146,2025-11-06 18:31:53,IN
8565,2025-11-06 18:47:31,IN
1327,2025-11-06 18:57:30,OUT
4364,2025-11-06 19:48:36,OUT
5146,2025-11-06 20:28:53,OUT
8565,2025-11-06 20:31:31,OUT
4364,2025-11-06 20:46:36,IN
8518,2025-11-06 20:58:46,OUT
4364,2025-11-06 22:50:36,OUT
9839,2025-11-07 07:11:14,IN
6604,2025-11-07 07:22:52,IN
5360,2025-11-07 07:25:15,IN
7258,2025-11-07 07:25:37,IN
4566,2025-11-07 07:26:48,IN
8518,2025-11-07 07:28:52,IN
7721,2025-11-07 07:35:28,IN
3640,2025-11-07 07:41:12,IN
8834,2025-11-07 08:04:43,IN
6129,2025-11-07 08:05:56,IN
6465,2025-11-07 08:07:25,IN
3762,2025-11-07 08:17:40,IN
9839,2025-11-07 08:26:14,OUT
5360,2025-11-07 08:38:15,OUT
7721,2025-11-07 08:39:28,OUT
1016,2025-11-07 08:40:20,IN
4054,2025-11-07 08:56:07,IN
7258,2025-11-07 09:01:37,OUT
5360,2025-11-07 09:05:15,IN
3556,2025-11-07 09:05:41,IN
8565,2025-11-07 09:13:07,IN
6465,2025-11-07 09:13:25,OUT
1903,2025-11-07 09:13:46,IN
2112,2025-11-07 09:14:25,IN
6129,2025-11-07 09:14:56,OUT
1553,2025-11-07 09:16:04,IN
7258,2025-11-07 09:16:37,IN
5009,2025-11-07 09:17:16,IN
9910,2025-11-07 09:31:48,IN
2657,2025-11-07 09:44:10,IN
8518,2025-11-07 09:45:52,OUT
6827,2025-11-07 09:49:42,IN
5024,2025-11-07 09:57:52,IN
6465,2025-11-07 09:58:25,IN
6129,2025-11-07 10:09:56,IN
4054,2025-11-07 10:16:07,OUT
3556,2025-11-07 10:19:41,OUT
1016,2025-11-07 10:23:20,OUT
1553,2025-11-07 10:33:04,OUT
4566,2025-11-07 10:34:48,OUT
4054,2025-11-07 10:40:07,IN
7258,2025-11-07 10:59:37,OUT
3556,2025-11-07 11:01:41,IN
4566,2025-11-07 11:04:48,IN
6604,2025-11-07 11:07:52,OUT
5009,2025-11-07 11:12:16,OUT
1016,2025-11-07 11:12:20,IN
9910,2025-11-07 11:15:48,OUT
2112,2025-11-07 11:19:25,OUT
8834,2025-11-07 11:23:43,OUT
5360,2025-11-07 11:26:15,OUT
6129,2025-11-07 11:27:56,OUT
3640,2025-11-07 11:32:12,OUT
3762,2025-11-07 11:40:40,OUT
6604,2025-11-07 11:40:52,IN
8834,2025-11-07 11:53:43,IN
6827,2025-11-07 11:57:42,OUT
3762,2025-11-07 12:01:40,IN
9910,2025-11-07 12:10:48,IN
5009,2025-11-07 12:11:16,IN
2112,2025-11-07 12:11:25,IN
6129,2025-11-07 12:17:56,IN
3640,2025-11-07 12:18:12,IN
2657,2025-11-07 12:35:10,OUT
1903,2025-11-07 12:41:46,OUT
6827,2025-11-07 12:48:42,IN
8565,2025-11-07 12:51:07,OUT
1903,2025-11-07 13:04:46,IN
1016,2025-11-07 13:14:20,OUT
3556,2025-11-07 13:15:41,OUT
6129,2025-11-07 13:31:56,OUT
1016,2025-11-07 13:43:20,IN
9910,2025-11-07 13:44:48,OUT
8565,2025-11-07 13:49:07,IN
5024,2025-11-07 13:49:52,OUT
8834,2025-11-07 13:53:43,OUT
6465,2025-11-07 13:55:25,OUT
6604,2025-11-07 14:02:52,OUT
3762,2025-11-07 14:07:40,OUT
5024,2025-11-07 14:18:52,IN
6129,2025-11-07 14:18:56,IN
4054,2025-11-07 14:20:07,OUT
4566,2025-11-07 14:22:48,OUT
6465,2025-11-07 14:29:25,IN
6604,2025-11-07 14:32:52,IN
3762,2025-11-07 14:39:40,IN
1903,2025-11-07 14:47:46,OUT
3640,2025-11-07 14:58:12,OUT
5009,2025-11-07 15:05:16,OUT
6827,2025-11-07 15:16:42,OUT
4566,2025-11-07 15:21:48,IN
8565,2025-11-07 15:30:07,OUT
5024,2025-11-07 15:31:52,OUT
6604,2025-11-07 15:34:52,OUT
3640,2025-11-07 15:41:12,IN
6827,2025-11-07 15:45:42,IN
2112,2025-11-07 15:46:25,OUT
8565,2025-11-07 15:50:07,IN
6465,2025-11-07 16:01:25,OUT
1016,2025-11-07 16:16:20,OUT
5024,2025-11-07 16:28:52,IN
6465,2025-11-07 16:51:25,IN
3640,2025-11-07 16:56:12,OUT
1016,2025-11-07 16:56:20,IN
3762,2025-11-07 17:18:40,OUT
3640,2025-11-07 17:34:12,IN
6129,2025-11-07 17:57:56,OUT
6827,2025-11-07 18:15:42,OUT
6465,2025-11-07 18:19:25,OUT
4566,2025-11-07 18:32:48,OUT
1016,2025-11-07 18:48:20,OUT
4566,2025-11-07 18:58:48,IN
3640,2025-11-07 19:27:12,OUT
8565,2025-11-07 19:46:07,OUT
8565,2025-11-07 20:01:07,IN
5024,2025-11-07 20:02:52,OUT
5024,2025-11-07 20:39:52,IN
8565,2025-11-07 21:14:07,OUT
4566,2025-11-07 21:18:48,OUT
5024,2025-11-08 00:00:52,OUT
5976,2025-11-10 07:01:12,IN
6465,2025-11-10 07:02:12,IN
3762,2025-11-10 07:03:10,IN
9910,2025-11-10 07:09:48,IN
4566,2025-11-10 07:17:09,IN
2112,2025-11-10 07:49:28,IN
7721,2025-11-10 07:52:40,IN
3640,2025-11-10 08:13:17,IN
1553,2025-11-10 08:20:44,IN
9839,2025-11-10 08:27:36,IN
3556,2025-11-10 08:32:30,IN
8565,2025-11-10 08:38:17,IN
1327,2025-11-10 08:40:09,IN
4364,2025-11-10 08:46:30,IN
8518,2025-11-10 08:51:53,IN
6129,2025-11-10 08:58:13,IN
5024,2025-11-10 09:03:59,IN
6827,2025-11-10 09:06:03,IN
5558,2025-11-10 09:10:20,IN
3762,2025-11-10 09:11:10,OUT
7721,2025-11-10 09:25:40,OUT
6465,2025-11-10 09:38:12,OUT
5009,2025-11-10 09:38:27,IN
4566,2025-11-10 09:40:09,OUT
8518,2025-11-10 09:51:53,OUT
3762,2025-11-10 09:55:10,IN
7721,2025-11-10 10:06:40,IN
3640,2025-11-10 10:17:17,OUT
6129,2025-11-10 10:18:13,OUT
1327,2025-11-10 10:20:09,OUT
6465,2025-11-10 10:23:12,IN
8518,2025-11-10 10:27:53,IN
3556,2025-11-10 10:37:30,OUT
4566,2025-11-10 10:40:09,IN
9839,2025-11-10 10:40:36,OUT
3640,2025-11-10 10:41:17,IN
5009,2025-11-10 10:49:27,OUT
1327,2025-11-10 10:55:09,IN
3762,2025-11-10 10:57:10,OUT
2112,2025-11-10 10:58:28,OUT
5976,2025-11-10 10:59:12,OUT
4364,2025-11-10 11:03:30,OUT
9910,2025-11-10 11:07:48,OUT
6129,2025-11-10 11:11:13,IN
3556,2025-11-10 11:15:30,IN
9910,2025-11-10 11:26:48,IN
5024,2025-11-10 11:28:59,OUT
9839,2025-11-10 11:33:36,IN
8565,2025-11-10 11:38:17,OUT
6827,2025-11-10 11:43:03,OUT
8518,2025-11-10 11:46:53,OUT
4364,2025-11-10 11:49:30,IN
2112,2025-11-10 11:55:28,IN
5024,2025-11-10 12:03:59,IN
1553,2025-11-10 12:10:44,OUT
5558,2025-11-10 12:14:20,OUT
7721,2025-11-10 12:14:40,OUT
6827,2025-11-10 12:22:03,IN
8565,2025-11-10 12:27:17,IN
6465,2025-11-10 12:48:12,OUT
6129,2025-11-10 12:57:13,OUT
1553,2025-11-10 13:04:44,IN
6465,2025-11-10 13:23:12,IN
9910,2025-11-10 13:35:48,OUT
4566,2025-11-10 14:03:09,OUT
5024,2025-11-10 14:04:59,OUT
1553,2025-11-10 14:13:44,OUT
3556,2025-11-10 14:23:30,OUT
3640,2025-11-10 14:28:17,OUT
6827,2025-11-10 14:44:03,OUT
1327,2025-11-10 14:46:09,OUT
2112,2025-11-10 14:47:28,OUT
4566,2025-11-10 14:52:09,IN
4364,2025-11-10 15:05:30,OUT
3556,2025-11-10 15:05:30,IN
3640,2025-11-10 15:09:17,IN
1327,2025-11-10 15:13:09,IN
9839,2025-11-10 15:14:36,OUT
6827,2025-11-10 15:27:03,IN
4364,2025-11-10 15:28:30,IN
2112,2025-11-10 15:39:28,IN
3640,2025-11-10 16:10:17,OUT
8565,2025-11-10 16:24:17,OUT
3640,2025-11-10 16:38:17,IN
6465,2025-11-10 16:40:12,OUT
4566,2025-11-10 16:51:09,OUT
8565,2025-11-10 17:00:17,IN
6465,2025-11-10 17:11:12,IN
4566,2025-11-10 17:21:09,IN
3556,2025-11-10 17:39:30,OUT
1327,2025-11-10 17:47:09,OUT
8565,2025-11-10 18:12:17,OUT
4364,2025-11-10 18:24:30,OUT
2112,2025-11-10 19:02:28,OUT
6827,2025-11-10 19:10:03,OUT
4566,2025-11-10 19:27:09,OUT
6827,2025-11-10 19:32:03,IN
3640,2025-11-10 19:52:17,OUT
6465,2025-11-10 20:19:12,OUT
6827,2025-11-10 23:00:03,OUT
7258,2025-11-11 07:25:56,IN
5976,2025-11-11 07:42:36,IN
5146,2025-11-11 07:57:52,IN
5009,2025-11-11 08:02:58,IN
3640,2025-11-11 08:14:35,IN
6465,2025-11-11 08:22:37,IN
7721,2025-11-11 08:29:00,IN
5024,2025-11-11 08:31:27,IN
6129,2025-11-11 08:31:41,IN
9193,2025-11-11 08:34:02,IN
1327,2025-11-11 08:35:33,IN
1125,2025-11-11 08:35:39,IN
9910,2025-11-11 08:42:05,IN
4566,2025-11-11 08:49:22,IN
2657,2025-11-11 08:57:14,IN
2112,2025-11-11 09:02:02,IN
7258,2025-11-11 09:14:56,OUT
7412,2025-11-11 09:24:51,IN
3640,2025-11-11 09:26:35,OUT
4364,2025-11-11 09:27:19,IN
8518,2025-11-11 09:34:58,IN
6827,2025-11-11 09:39:07,IN
5976,2025-11-11 09:39:36,OUT
7258,2025-11-11 09:49:56,IN
5976,2025-11-11 09:58:36,IN
9193,2025-11-11 10:00:02,OUT
5009,2025-11-11 10:04:58,OUT
6129,2025-11-11 10:11:41,OUT
5009,2025-11-11 10:36:58,IN
9193,2025-11-11 10:55:02,IN
1327,2025-11-11 11:08:33,OUT
5024,2025-11-11 11:22:27,OUT
9910,2025-11-11 11:33:05,OUT
2657,2025-11-11 11:37:14,OUT
7258,2025-11-11 11:39:56,OUT
8518,2025-11-11 11:41:58,OUT
2112,2025-11-11 11:43:02,OUT
4566,2025-11-11 11:43:22,OUT
5146,2025-11-11 11:51:52,OUT
2112,2025-11-11 12:00:02,IN
1327,2025-11-11 12:00:33,IN
1125,2025-11-11 12:02:39,OUT
7721,2025-11-11 12:04:00,OUT
7258,2025-11-11 12:06:56,IN
5146,2025-11-11 12:11:52,IN
5009,2025-11-11 12:12:58,OUT
6465,2025-11-11 12:18:37,OUT
2657,2025-11-11 12:22:14,IN
9910,2025-11-11 12:31:05,IN
9193,2025-11-11 12:33:02,OUT
1125,2025-11-11 12:41:39,IN
4364,2025-11-11 12:42:19,OUT
9193,2025-11-11 12:52:02,IN
7721,2025-11-11 12:59:00,IN
5009,2025-11-11 13:08:58,IN
7412,2025-11-11 13:11:51,OUT
4364,2025-11-11 13:21:19,IN
7258,2025-11-11 13:23:56,OUT
6827,2025-11-11 13:38:07,OUT
5976,2025-11-11 13:45:36,OUT
7412,2025-11-11 13:46:51,IN
2657,2025-11-11 14:05:14,OUT
1327,2025-11-11 14:30:33,OUT
4364,2025-11-11 14:43:19,OUT
1327,2025-11-11 14:48:33,IN
2657,2025-11-11 14:53:14,IN
2112,2025-11-11 15:28:02,OUT
4364,2025-11-11 15:31:19,IN
9193,2025-11-11 15:35:02,OUT
7721,2025-11-11 15:36:00,OUT
5146,2025-11-11 15:36:52,OUT
1125,2025-11-11 16:09:39,OUT
9910,2025-11-11 16:14:05,OUT
2112,2025-11-11 16:16:02,IN
5146,2025-11-11 16:16:52,IN
7412,2025-11-11 16:32:51,OUT
5009,2025-11-11 16:58:58,OUT
7412,2025-11-11 17:15:51,IN
5009,2025-11-11 17:26:58,IN
2657,2025-11-11 17:48:14,OUT
2112,2025-11-11 18:09:02,OUT
4364,2025-11-11 18:11:19,OUT
5009,2025-11-11 18:28:58,OUT
1327,2025-11-11 18:35:33,OUT
5146,2025-11-11 18:50:52,OUT
2112,2025-11-11 18:58:02,IN
1327,2025-11-11 19:10:33,IN
7412,2025-11-11 19:59:51,OUT
7412,2025-11-11 20:39:51,IN
7412,2025-11-11 21:50:51,OUT
2112,2025-11-11 22:20:02,OUT
1327,2025-11-11 22:42:33,OUT
4566,2025-11-12 07:01:18,IN
3556,2025-11-12 07:14:20,IN
3762,2025-11-12 07:36:20,IN
7258,2025-11-12 07:37:34,IN
1553,2025-11-12 07:41:50,IN
8518,2025-11-12 07:45:20,IN
6465,2025-11-12 08:03:06,IN
4566,2025-11-12 08:05:18,OUT
1327,2025-11-12 08:11:40,IN
4364,2025-11-12 08:13:10,IN
6129,2025-11-12 08:16:32,IN
4054,2025-11-12 08:28:51,IN
6604,2025-11-12 08:46:26,IN
7721,2025-11-12 08:47:04,IN
4566,2025-11-12 09:05:18,IN
2112,2025-11-12 09:08:07,IN
8565,2025-11-12 09:08:52,IN
1903,2025-11-12 09:10:55,IN
3640,2025-11-12 09:26:03,IN
1016,2025-11-12 09:38:46,IN
8518,2025-11-12 09:44:20,OUT
1553,2025-11-12 09:49:50,OUT
5024,2025-11-12 09:53:09,IN
1553,2025-11-12 10:08:50,IN
6465,2025-11-12 10:11:06,OUT
4566,2025-11-12 10:15:18,OUT
7258,2025-11-12 10:23:34,OUT
7721,2025-11-12 10:29:04,OUT
6465,2025-11-12 10:29:06,IN
8518,2025-11-12 10:31:20,IN
4566,2025-11-12 10:56:18,IN
7721,2025-11-12 10:57:04,IN
3556,2025-11-12 11:01:20,OUT
7258,2025-11-12 11:08:34,IN
3762,2025-11-12 11:17:20,OUT
6129,2025-11-12 11:18:32,OUT
1327,2025-11-12 11:24:40,OUT
4054,2025-11-12 11:35:51,OUT
5024,2025-11-12 11:37:09,OUT
4364,2025-11-12 11:38:10,OUT
3762,2025-11-12 11:52:20,IN
8565,2025-11-12 11:52:52,OUT
3556,2025-11-12 11:56:20,IN
1553,2025-11-12 12:07:50,OUT
3640,2025-11-12 12:11:03,OUT
4054,2025-11-12 12:11:51,IN
8565,2025-11-12 12:19:52,IN
1016,2025-11-12 12:40:46,OUT
6604,2025-11-12 12:45:26,OUT
7258,2025-11-12 12:47:34,OUT
1903,2025-11-12 12:54:55,OUT
2112,2025-11-12 12:58:07,OUT
2112,2025-11-12 13:13:07,IN
6604,2025-11-12 13:15:26,IN
6465,2025-11-12 13:28:06,OUT
1903,2025-11-12 13:28:55,IN
3762,2025-11-12 13:34:20,OUT
1016,2025-11-12 13:38:46,IN
3762,2025-11-12 13:52:20,IN
8565,2025-11-12 13:58:52,OUT
6465,2025-11-12 14:06:06,IN
7721,2025-11-12 14:12:04,OUT
8518,2025-11-12 14:15:20,OUT
4566,2025-11-12 14:17:18,OUT
4054,2025-11-12 14:24:51,OUT
7721,2025-11-12 14:30:04,IN
2112,2025-11-12 14:36:07,OUT
3556,2025-11-12 14:40:20,OUT
4054,2025-11-12 14:41:51,IN
2112,2025-11-12 14:51:07,IN
3556,2025-11-12 15:40:20,IN
1903,2025-11-12 16:49:55,OUT
1016,2025-11-12 16:56:46,OUT
3762,2025-11-12 16:59:20,OUT
6604,2025-11-12 17:09:26,OUT
7721,2025-11-12 17:18:04,OUT
1903,2025-11-12 17:25:55,IN
6604,2025-11-12 17:28:26,IN
7721,2025-11-12 17:33:04,IN
6465,2025-11-12 17:42:06,OUT
1016,2025-11-12 17:46:46,IN
4054,2025-11-12 17:58:51,OUT
2112,2025-11-12 18:25:07,OUT
3556,2025-11-12 18:44:20,OUT
7721,2025-11-12 19:01:04,OUT
3556,2025-11-12 19:06:20,IN
1903,2025-11-12 19:11:55,OUT
1016,2025-11-12 20:18:46,OUT
6604,2025-11-12 20:30:26,OUT
6604,2025-11-12 20:55:26,IN
3556,2025-11-12 21:03:20,OUT
6604,2025-11-13 00:41:26,OUT
5360,2025-11-13 07:12:36,IN
8518,2025-11-13 07:34:18,IN
9910,2025-11-13 07:37:55,IN
3762,2025-11-13 07:42:27,IN
8834,2025-11-13 07:56:04,IN
4566,2025-11-13 07:58:26,IN
3640,2025-11-13 07:59:53,IN
4763,2025-11-13 08:01:36,IN
4364,2025-11-13 08:05:13,IN
5360,2025-11-13 08:18:36,OUT
5009,2025-11-13 08:23:53,IN
2657,2025-11-13 08:25:43,IN
5024,2025-11-13 08:33:09,IN
2112,2025-11-13 08:47:13,IN
7721,2025-11-13 08:52:45,IN
8518,2025-11-13 08:54:18,OUT
9839,2025-11-13 08:55:11,IN
5976,2025-11-13 09:02:41,IN
3640,2025-11-13 09:04:53,OUT
6129,2025-11-13 09:08:55,IN
5360,2025-11-13 09:09:36,IN
7258,2025-11-13 09:11:09,IN
3556,2025-11-13 09:11:11,IN
1903,2025-11-13 09:27:35,IN
4566,2025-11-13 09:37:26,OUT
6827,2025-11-13 09:37:54,IN
3640,2025-11-13 09:39:53,IN
6718,2025-11-13 09:42:07,IN
4054,2025-11-13 09:46:13,IN
5009,2025-11-13 09:48:53,OUT
1327,2025-11-13 09:54:09,IN
6465,2025-11-13 09:58:31,IN
5558,2025-11-13 09:59:57,IN
4364,2025-11-13 10:13:13,OUT
5976,2025-11-13 10:17:41,OUT
5009,2025-11-13 10:21:53,IN
2112,2025-11-13 10:23:13,OUT
5024,2025-11-13 10:26:09,OUT
4566,2025-11-13 10:29:26,IN
3556,2025-11-13 10:32:11,OUT
5976,2025-11-13 10:37:41,IN
6718,2025-11-13 10:45:07,OUT
5024,2025-11-13 10:49:09,IN
2657,2025-11-13 10:50:43,OUT
6718,2025-11-13 11:03:07,IN
4054,2025-11-13 11:03:13,OUT
4763,2025-11-13 11:05:36,OUT
8834,2025-11-13 11:10:04,OUT
4364,2025-11-13 11:13:13,IN
3762,2025-11-13 11:17:27,OUT
2657,2025-11-13 11:17:43,IN
5360,2025-11-13 11:27:36,OUT
9839,2025-11-13 11:31:11,OUT
8834,2025-11-13 11:32:04,IN
3556,2025-11-13 11:32:11,IN
1327,2025-11-13 11:33:09,OUT
4054,2025-11-13 11:33:13,IN
9910,2025-11-13 11:34:55,OUT
6129,2025-11-13 11:55:55,OUT
9839,2025-11-13 11:56:11,IN
3762,2025-11-13 12:04:27,IN
7721,2025-11-13 12:06:45,OUT
1327,2025-11-13 12:08:09,IN
5360,2025-11-13 12:08:36,IN
9910,2025-11-13 12:29:55,IN
6129,2025-11-13 12:32:55,IN
2657,2025-11-13 12:34:43,OUT
5976,2025-11-13 12:45:41,OUT
6827,2025-11-13 12:50:54,OUT
4566,2025-11-13 12:58:26,OUT
4364,2025-11-13 13:00:13,OUT
3556,2025-11-13 13:05:11,OUT
6465,2025-11-13 13:05:31,OUT
5558,2025-11-13 13:06:57,OUT
5976,2025-11-13 13:07:41,IN
6827,2025-11-13 13:09:54,IN
7258,2025-11-13 13:10:09,OUT
1903,2025-11-13 13:20:35,OUT
3556,2025-11-13 13:23:11,IN
5360,2025-11-13 13:29:36,OUT
3640,2025-11-13 13:32:53,OUT
6465,2025-11-13 13:33:31,IN
8834,2025-11-13 13:35:04,OUT
5024,2025-11-13 13:41:09,OUT
5009,2025-11-13 13:45:53,OUT
4566,2025-11-13 13:46:26,IN
6129,2025-11-13 13:48:55,OUT
4364,2025-11-13 13:50:13,IN
3640,2025-11-13 13:50:53,IN
5558,2025-11-13 13:51:57,IN
1327,2025-11-13 14:06:09,OUT
5360,2025-11-13 14:06:36,IN
6129,2025-11-13 14:12:55,IN
5009,2025-11-13 14:21:53,IN
4054,2025-11-13 14:23:13,OUT
1327,2025-11-13 14:49:09,IN
6718,2025-11-13 14:55:07,OUT
3640,2025-11-13 14:56:53,OUT
3762,2025-11-13 14:57:27,OUT
4364,2025-11-13 15:03:13,OUT
4054,2025-11-13 15:04:13,IN
9910,2025-11-13 15:06:55,OUT
6827,2025-11-13 15:19:54,OUT
3640,2025-11-13 15:25:53,IN
6718,2025-11-13 15:31:07,IN
3556,2025-11-13 15:31:11,OUT
6827,2025-11-13 15:46:54,IN
9910,2025-11-13 15:47:55,IN
3762,2025-11-13 15:51:27,IN
9839,2025-11-13 15:52:11,OUT
6465,2025-11-13 16:15:31,OUT
5976,2025-11-13 16:37:41,OUT
6718,2025-11-13 16:43:07,OUT
4054,2025-11-13 16:50:13,OUT
9839,2025-11-13 16:51:11,IN
5558,2025-11-13 16:53:57,OUT
4566,2025-11-13 16:58:26,OUT
5009,2025-11-13 17:01:53,OUT
5360,2025-11-13 17:08:36,OUT
6465,2025-11-13 17:15:31,IN
5558,2025-11-13 17:20:57,IN
6827,2025-11-13 17:26:54,OUT
3762,2025-11-13 17:45:27,OUT
6129,2025-11-13 17:45:55,OUT
5009,2025-11-13 17:46:53,IN
6827,2025-11-13 18:00:54,IN
9839,2025-11-13 18:15:11,OUT
1327,2025-11-13 18:24:09,OUT
9839,2025-11-13 18:43:11,IN
1327,2025-11-13 18:50:09,IN
6827,2025-11-13 19:23:54,OUT
3640,2025-11-13 19:24:53,OUT
9910,2025-11-13 19:31:55,OUT
5558,2025-11-13 19:33:57,OUT
5009,2025-11-13 19:45:53,OUT
6465,2025-11-13 21:06:31,OUT
6465,2025-11-13 21:29:31,IN
9839,2025-11-13 22:31:11,OUT
1327,2025-11-13 22:35:09,OUT
6465,2025-11-14 00:47:31,OUT
1327,2025-11-14 07:12:15,IN
5146,2025-11-14 07:16:51,IN
4566,2025-11-14 07:17:46,IN
3762,2025-11-14 07:40:16,IN
5360,2025-11-14 07:45:28,IN
3640,2025-11-14 08:03:41,IN
8565,2025-11-14 08:08:37,IN
1125,2025-11-14 08:36:46,IN
4566,2025-11-14 08:54:46,OUT
3762,2025-11-14 08:56:16,OUT
8518,2025-11-14 09:05:42,IN
1553,2025-11-14 09:16:03,IN
2112,2025-11-14 09:20:57,IN
9839,2025-11-14 09:21:37,IN
4364,2025-11-14 09:23:26,IN
6465,2025-11-14 09:32:23,IN
3762,2025-11-14 09:33:16,IN
5024,2025-11-14 09:46:53,IN
4566,2025-11-14 09:49:46,IN
7258,2025-11-14 09:54:48,IN
6129,2025-11-14 09:58:42,IN
7721,2025-11-14 09:58:50,IN
1125,2025-11-14 10:09:46,OUT
2112,2025-11-14 10:29:57,OUT
1327,2025-11-14 10:56:15,OUT
5360,2025-11-14 11:00:28,OUT
4364,2025-11-14 11:04:26,OUT
1125,2025-11-14 11:05:46,IN
5146,2025-11-14 11:05:51,OUT
2112,2025-11-14 11:07:57,IN
8518,2025-11-14 11:14:42,OUT
4364,2025-11-14 11:20:26,IN
5360,2025-11-14 11:20:28,IN
8565,2025-11-14 11:21:37,OUT
3640,2025-11-14 11:23:41,OUT
3762,2025-11-14 11:25:16,OUT
6129,2025-11-14 11:25:42,OUT
1327,2025-11-14 11:28:15,IN
8518,2025-11-14 11:49:42,IN
4566,2025-11-14 11:50:46,OUT
3640,2025-11-14 11:51:41,IN
5146,2025-11-14 11:52:51,IN
7258,2025-11-14 11:57:48,OUT
1125,2025-11-14 12:08:46,OUT
4566,2025-11-14 12:14:46,IN
6129,2025-11-14 12:15:42,IN
3762,2025-11-14 12:20:16,IN
9839,2025-11-14 12:21:37,OUT
6465,2025-11-14 12:31:23,OUT
9839,2025-11-14 12:44:37,IN
1125,2025-11-14 12:48:46,IN
1553,2025-11-14 12:50:03,OUT
7721,2025-11-14 13:11:50,OUT
5024,2025-11-14 13:12:53,OUT
6465,2025-11-14 13:17:23,IN
5360,2025-11-14 13:17:28,OUT
8518,2025-11-14 13:28:42,OUT
5024,2025-11-14 13:33:53,IN
5360,2025-11-14 13:37:28,IN
1553,2025-11-14 13:41:03,IN
3640,2025-11-14 13:43:41,OUT
2112,2025-11-14 13:55:57,OUT
7721,2025-11-14 14:00:50,IN
8518,2025-11-14 14:18:42,IN
1327,2025-11-14 14:25:15,OUT
2112,2025-11-14 14:46:57,IN
1327,2025-11-14 14:57:15,IN
5146,2025-11-14 14:58:51,OUT
3762,2025-11-14 14:59:16,OUT
4364,2025-11-14 15:05:26,OUT
5146,2025-11-14 15:21:51,IN
4364,2025-11-14 15:27:26,IN
6465,2025-11-14 15:30:23,OUT
1553,2025-11-14 15:48:03,OUT
9839,2025-11-14 15:49:37,OUT
5360,2025-11-14 15:59:28,OUT
4566,2025-11-14 16:00:46,OUT
6129,2025-11-14 16:03:42,OUT
8518,2025-11-14 16:04:42,OUT
1125,2025-11-14 16:17:46,OUT
1327,2025-11-14 16:19:15,OUT
2112,2025-11-14 16:35:57,OUT
4566,2025-11-14 16:36:46,IN
5024,2025-11-14 16:46:53,OUT
1125,2025-11-14 16:48:46,IN
6129,2025-11-14 16:57:42,IN
1327,2025-11-14 16:58:15,IN
2112,2025-11-14 17:18:57,IN
7721,2025-11-14 17:57:50,OUT
7721,2025-11-14 18:13:50,IN
5146,2025-11-14 18:30:51,OUT
4364,2025-11-14 18:51:26,OUT
5146,2025-11-14 18:54:51,IN
4566,2025-11-14 19:05:46,OUT
4364,2025-11-14 19:15:26,IN
1125,2025-11-14 20:08:46,OUT
2112,2025-11-14 20:13:57,OUT
1327,2025-11-14 20:19:15,OUT
6129,2025-11-14 20:20:42,OUT
7721,2025-11-14 20:53:50,OUT
5146,2025-11-14 20:53:51,OUT
7721,2025-11-14 21:42:50,IN
4364,2025-11-14 21:54:26,OUT
7721,2025-11-15 00:21:50,OUT
7258,2025-11-17 07:00:06,IN
3556,2025-11-17 07:03:06,IN
4364,2025-11-17 07:04:37,IN
8518,2025-11-17 07:05:33,IN
6465,2025-11-17 07:11:50,IN
1125,2025-11-17 07:25:46,IN
9839,2025-11-17 07:34:01,IN
5024,2025-11-17 07:35:20,IN
3640,2025-11-17 07:44:56,IN
1327,2025-11-17 07:57:57,IN
6827,2025-11-17 08:06:37,IN
3762,2025-11-17 08:10:02,IN
8565,2025-11-17 08:28:36,IN
5024,2025-11-17 08:36:20,OUT
5558,2025-11-17 08:45:59,IN
4566,2025-11-17 09:11:03,IN
9839,2025-11-17 09:18:01,OUT
3640,2025-11-17 09:20:56,OUT
3762,2025-11-17 09:28:02,OUT
1327,2025-11-17 09:40:57,OUT
7721,2025-11-17 09:43:30,IN
4364,2025-11-17 09:46:37,OUT
9910,2025-11-17 09:46:44,IN
2112,2025-11-17 09:50:07,IN
6129,2025-11-17 09:57:32,IN
3556,2025-11-17 10:02:06,OUT
9839,2025-11-17 10:12:01,IN
1327,2025-11-17 10:21:57,IN
6465,2025-11-17 10:38:50,OUT
4364,2025-11-17 10:39:37,IN
1125,2025-11-17 10:41:46,OUT
3556,2025-11-17 10:53:06,IN
6465,2025-11-17 10:54:50,IN
7258,2025-11-17 10:55:06,OUT
8518,2025-11-17 10:58:33,OUT
4566,2025-11-17 11:00:03,OUT
1125,2025-11-17 11:01:46,IN
7721,2025-11-17 11:10:30,OUT
9839,2025-11-17 11:14:01,OUT
7258,2025-11-17 11:26:06,IN
6827,2025-11-17 11:41:37,OUT
4566,2025-11-17 11:53:03,IN
9839,2025-11-17 11:54:01,IN
6129,2025-11-17 11:54:32,OUT
6465,2025-11-17 11:57:50,OUT
9910,2025-11-17 11:58:44,OUT
2112,2025-11-17 12:02:07,OUT
8565,2025-11-17 12:03:36,OUT
7721,2025-11-17 12:09:30,IN
6129,2025-11-17 12:10:32,IN
6465,2025-11-17 12:20:50,IN
5558,2025-11-17 12:27:59,OUT
1327,2025-11-17 12:37:57,OUT
1125,2025-11-17 12:42:46,OUT
9910,2025-11-17 12:50:44,IN
2112,2025-11-17 12:57:07,IN
7258,2025-11-17 13:02:06,OUT
5558,2025-11-17 13:23:59,IN
1327,2025-11-17 13:30:57,IN
1125,2025-11-17 13:35:46,IN
4566,2025-11-17 13:45:03,OUT
7258,2025-11-17 13:45:06,IN
6129,2025-11-17 13:58:32,OUT
9839,2025-11-17 13:59:01,OUT
7721,2025-11-17 14:08:30,OUT
3556,2025-11-17 14:09:06,OUT
4566,2025-11-17 14:27:03,IN
7721,2025-11-17 14:32:30,IN
3556,2025-11-17 14:33:06,IN
6129,2025-11-17 14:34:32,IN
4364,2025-11-17 14:34:37,OUT
5558,2025-11-17 14:34:59,OUT
1327,2025-11-17 14:47:57,OUT
9910,2025-11-17 14:55:44,OUT
6465,2025-11-17 15:09:50,OUT
5558,2025-11-17 15:09:59,IN
7721,2025-11-17 15:36:30,OUT
1125,2025-11-17 15:45:46,OUT
7258,2025-11-17 15:46:06,OUT
2112,2025-11-17 15:55:07,OUT
4566,2025-11-17 16:07:03,OUT
1125,2025-11-17 16:23:46,IN
7258,2025-11-17 16:35:06,IN
4566,2025-11-17 16:41:03,IN
2112,2025-11-17 16:43:07,IN
3556,2025-11-17 17:01:06,OUT
5558,2025-11-17 17:26:59,OUT
1125,2025-11-17 17:45:46,OUT
6129,2025-11-17 18:14:32,OUT
6129,2025-11-17 18:46:32,IN
4566,2025-11-17 19:05:03,OUT
2112,2025-11-17 19:41:07,OUT
7258,2025-11-17 19:54:06,OUT
2112,2025-11-17 20:08:07,IN
6129,2025-11-17 21:01:32,OUT
2112,2025-11-17 23:51:07,OUT
6465,2025-11-18 07:12:02,IN
6129,2025-11-18 07:45:51,IN
5976,2025-11-18 07:54:09,IN
2112,2025-11-18 07:59:03,IN
5360,2025-11-18 08:00:18,IN
9910,2025-11-18 08:03:01,IN
5146,2025-11-18 08:29:27,IN
3640,2025-11-18 08:37:53,IN
4364,2025-11-18 08:40:56,IN
8834,2025-11-18 08:47:55,IN
6465,2025-11-18 08:52:02,OUT
1553,2025-11-18 08:56:22,IN
5976,2025-11-18 08:59:09,OUT
6465,2025-11-18 09:09:02,IN
9910,2025-11-18 09:12:01,OUT
1327,2025-11-18 09:12:16,IN
5009,2025-11-18 09:24:35,IN
5976,2025-11-18 09:30:09,IN
4763,2025-11-18 09:34:33,IN
7721,2025-11-18 09:44:40,IN
8565,2025-11-18 09:45:28,IN
3762,2025-11-18 09:50:27,IN
8518,2025-11-18 09:58:47,IN
5360,2025-11-18 10:02:18,OUT
9910,2025-11-18 10:08:01,IN
2112,2025-11-18 10:12:03,OUT
6465,2025-11-18 10:22:02,OUT
5146,2025-11-18 10:23:27,OUT
2112,2025-11-18 10:28:03,IN
4763,2025-11-18 10:36:33,OUT
5360,2025-11-18 10:37:18,IN
6129,2025-11-18 10:42:51,OUT
5146,2025-11-18 10:47:27,IN
3762,2025-11-18 11:00:27,OUT
6129,2025-11-18 11:01:51,IN
4763,2025-11-18 11:10:33,IN
5976,2025-11-18 11:14:09,OUT
4364,2025-11-18 11:24:56,OUT
8518,2025-11-18 11:34:47,OUT
3640,2025-11-18 11:36:53,OUT
5976,2025-11-18 11:40:09,IN
1327,2025-11-18 11:44:16,OUT
1553,2025-11-18 11:45:22,OUT
8565,2025-11-18 12:00:28,OUT
8834,2025-11-18 12:08:55,OUT
8518,2025-11-18 12:09:47,IN
3640,2025-11-18 12:11:53,IN
7721,2025-11-18 12:19:40,OUT
1327,2025-11-18 12:22:16,IN
1553,2025-11-18 12:37:22,IN
8834,2025-11-18 12:39:55,IN
5009,2025-11-18 12:58:35,OUT
5976,2025-11-18 13:00:09,OUT
7721,2025-11-18 13:02:40,IN
9910,2025-11-18 13:07:01,OUT
5976,2025-11-18 13:24:09,IN
4763,2025-11-18 13:24:33,OUT
5360,2025-11-18 13:28:18,OUT
5009,2025-11-18 13:32:35,IN
9910,2025-11-18 13:33:01,IN
2112,2025-11-18 13:48:03,OUT
2112,2025-11-18 14:03:03,IN
1553,2025-11-18 14:07:22,OUT
6129,2025-11-18 14:10:51,OUT
4763,2025-11-18 14:12:33,IN
8834,2025-11-18 14:16:55,OUT
8518,2025-11-18 14:40:47,OUT
5146,2025-11-18 14:44:27,OUT
9910,2025-11-18 14:55:01,OUT
1327,2025-11-18 15:20:16,OUT
5009,2025-11-18 15:23:35,OUT
3640,2025-11-18 15:27:53,OUT
5976,2025-11-18 15:55:09,OUT
1327,2025-11-18 15:55:16,IN
5009,2025-11-18 15:56:35,IN
7721,2025-11-18 15:57:40,OUT
3640,2025-11-18 16:13:53,IN
4763,2025-11-18 16:14:33,OUT
1327,2025-11-18 16:56:16,OUT
5009,2025-11-18 16:56:35,OUT
2112,2025-11-18 17:37:03,OUT
3640,2025-11-18 18:21:53,OUT
3640,2025-11-18 19:15:53,IN
3640,2025-11-18 22:49:53,OUT
6465,2025-11-19 07:19:39,IN
7721,2025-11-19 07:19:55,IN
8834,2025-11-19 07:22:43,IN
8565,2025-11-19 07:27:14,IN
5009,2025-11-19 07:29:17,IN
4054,2025-11-19 07:32:36,IN
4364,2025-11-19 07:35:52,IN
6465,2025-11-19 08:28:39,OUT
5976,2025-11-19 08:30:25,IN
8565,2025-11-19 08:45:14,OUT
7412,2025-11-19 08:52:52,IN
6465,2025-11-19 09:02:39,IN
1125,2025-11-19 09:09:11,IN
6827,2025-11-19 09:11:37,IN
9193,2025-11-19 09:15:21,IN
7258,2025-11-19 09:17:22,IN
6718,2025-11-19 09:17:28,IN
8565,2025-11-19 09:20:14,IN
5009,2025-11-19 09:21:17,OUT
1327,2025-11-19 09:21:27,IN
5360,2025-11-19 09:41:22,IN
8518,2025-11-19 09:42:36,IN
1553,2025-11-19 09:48:10,IN
5024,2025-11-19 09:54:48,IN
4054,2025-11-19 10:09:36,OUT
4364,2025-11-19 10:13:52,OUT
6718,2025-11-19 10:31:28,OUT
7721,2025-11-19 10:47:55,OUT
4364,2025-11-19 10:49:52,IN
5976,2025-11-19 10:53:25,OUT
8834,2025-11-19 10:53:43,OUT
7721,2025-11-19 11:05:55,IN
6465,2025-11-19 11:17:39,OUT
8565,2025-11-19 11:22:14,OUT
6718,2025-11-19 11:31:28,IN
6827,2025-11-19 11:35:37,OUT
9193,2025-11-19 11:43:21,OUT
7258,2025-11-19 11:45:22,OUT
8834,2025-11-19 11:45:43,IN
8518,2025-11-19 12:04:36,OUT
4364,2025-11-19 12:06:52,OUT
7412,2025-11-19 12:08:52,OUT
8565,2025-11-19 12:12:14,IN
7258,2025-11-19 12:12:22,IN
1327,2025-11-19 12:12:27,OUT
1125,2025-11-19 12:18:11,OUT
6827,2025-11-19 12:24:37,IN
9193,2025-11-19 12:31:21,IN
8518,2025-11-19 12:39:36,IN
4364,2025-11-19 12:42:52,IN
1125,2025-11-19 12:52:11,IN
1327,2025-11-19 12:53:27,IN
7412,2025-11-19 13:01:52,IN
1553,2025-11-19 13:14:10,OUT
5024,2025-11-19 13:33:48,OUT
5360,2025-11-19 13:40:22,OUT
1553,2025-11-19 13:48:10,IN
7258,2025-11-19 13:50:22,OUT
5024,2025-11-19 14:13:48,IN
8834,2025-11-19 14:14:43,OUT
1125,2025-11-19 14:18:11,OUT
5360,2025-11-19 14:21:22,IN
7412,2025-11-19 14:24:52,OUT
8565,2025-11-19 14:37:14,OUT
7721,2025-11-19 14:37:55,OUT
7412,2025-11-19 14:45:52,IN
6827,2025-11-19 14:50:37,OUT
4364,2025-11-19 14:59:52,OUT
6718,2025-11-19 15:13:28,OUT
1327,2025-11-19 15:28:27,OUT
8565,2025-11-19 15:29:14,IN
8518,2025-11-19 15:31:36,OUT
7721,2025-11-19 15:32:55,IN
9193,2025-11-19 15:39:21,OUT
8518,2025-11-19 15:48:36,IN
6718,2025-11-19 15:49:28,IN
7412,2025-11-19 15:57:52,OUT
9193,2025-11-19 16:02:21,IN
1327,2025-11-19 16:06:27,IN
1553,2025-11-19 16:15:10,OUT
1553,2025-11-19 16:48:10,IN
8518,2025-11-19 17:11:36,OUT
5360,2025-11-19 17:26:22,OUT
6718,2025-11-19 17:26:28,OUT
8518,2025-11-19 17:27:36,IN
5360,2025-11-19 17:49:22,IN
1327,2025-11-19 17:51:27,OUT
5024,2025-11-19 17:54:48,OUT
1327,2025-11-19 18:36:27,IN
5024,2025-11-19 18:40:48,IN
7721,2025-11-19 18:48:55,OUT
1553,2025-11-19 19:11:10,OUT
8565,2025-11-19 19:21:14,OUT
9193,2025-11-19 19:37:21,OUT
1327,2025-11-19 19:40:27,OUT
1553,2025-11-19 20:03:10,IN
8518,2025-11-19 20:06:36,OUT
5024,2025-11-19 20:18:48,OUT
5360,2025-11-19 20:51:22,OUT
5024,2025-11-19 21:06:48,IN
5360,2025-11-19 21:28:22,IN
1553,2025-11-19 22:41:10,OUT
5360,2025-11-19 23:45:22,OUT
5024,2025-11-19 23:46:48,OUT
7721,2025-11-20 07:03:49,IN
1327,2025-11-20 07:04:31,IN
7258,2025-11-20 07:04:45,IN
4566,2025-11-20 07:16:18,IN
2112,2025-11-20 07:23:38,IN
5146,2025-11-20 07:31:15,IN
4364,2025-11-20 07:52:51,IN
9839,2025-11-20 08:03:22,IN
1016,2025-11-20 08:07:21,IN
1553,2025-11-20 08:09:05,IN
5024,2025-11-20 08:10:29,IN
6827,2025-11-20 08:11:57,IN
7412,2025-11-20 08:24:38,IN
4566,2025-11-20 08:30:18,OUT
3762,2025-11-20 08:33:19,IN
1903,2025-11-20 08:38:53,IN
3556,2025-11-20 08:39:07,IN
7258,2025-11-20 08:39:45,OUT
3640,2025-11-20 08:46:02,IN
5360,2025-11-20 08:48:40,IN
7721,2025-11-20 08:51:49,OUT
6827,2025-11-20 09:11:57,OUT
4566,2025-11-20 09:12:18,IN
7258,2025-11-20 09:20:45,IN
1327,2025-11-20 09:28:31,OUT
5024,2025-11-20 09:31:29,OUT
4364,2025-11-20 09:39:51,OUT
6827,2025-11-20 09:39:57,IN
6465,2025-11-20 09:40:08,IN
5146,2025-11-20 09:41:15,OUT
7412,2025-11-20 09:44:38,OUT
7721,2025-11-20 09:48:49,IN
3762,2025-11-20 09:49:19,OUT
1016,2025-11-20 09:51:21,OUT
4364,2025-11-20 10:01:51,IN
9839,2025-11-20 10:10:22,OUT
5024,2025-11-20 10:10:29,IN
1553,2025-11-20 10:13:05,OUT
1327,2025-11-20 10:13:31,IN
5146,2025-11-20 10:15:15,IN
1903,2025-11-20 10:16:53,OUT
7412,2025-11-20 10:23:38,IN
1553,2025-11-20 10:28:05,IN
2112,2025-11-20 10:29:38,OUT
4566,2025-11-20 10:40:18,OUT
1016,2025-11-20 10:45:21,IN
7721,2025-11-20 10:54:49,OUT
1903,2025-11-20 10:54:53,IN
6465,2025-11-20 10:55:08,OUT
6827,2025-11-20 11:05:57,OUT
4566,2025-11-20 11:14:18,IN
2112,2025-11-20 11:16:38,IN
1327,2025-11-20 11:29:31,OUT
6465,2025-11-20 11:45:08,IN
5024,2025-11-20 11:48:29,OUT
3556,2025-11-20 11:58:07,OUT
3640,2025-11-20 12:03:02,OUT
1327,2025-11-20 12:04:31,IN
5360,2025-11-20 12:07:40,OUT
3556,2025-11-20 12:18:07,IN
7412,2025-11-20 12:20:38,OUT
2112,2025-11-20 12:25:38,OUT
7258,2025-11-20 12:35:45,OUT
5360,2025-11-20 12:53:40,IN
3640,2025-11-20 12:58:02,IN
7412,2025-11-20 13:04:38,IN
1016,2025-11-20 13:18:21,OUT
5146,2025-11-20 13:29:15,OUT
1016,2025-11-20 13:39:21,IN
5146,2025-11-20 13:48:15,IN
4364,2025-11-20 13:58:51,OUT
1553,2025-11-20 13:59:05,OUT
3556,2025-11-20 14:26:07,OUT
1903,2025-11-20 14:32:53,OUT
1553,2025-11-20 14:38:05,IN
4364,2025-11-20 14:38:51,IN
5360,2025-11-20 15:01:40,OUT
7412,2025-11-20 15:10:38,OUT
6465,2025-11-20 15:12:08,OUT
4566,2025-11-20 15:13:18,OUT
1327,2025-11-20 15:15:31,OUT
3640,2025-11-20 15:30:02,OUT
7412,2025-11-20 15:44:38,IN
5360,2025-11-20 15:45:40,IN
1327,2025-11-20 16:04:31,IN
1016,2025-11-20 16:23:21,OUT
5360,2025-11-20 17:02:40,OUT
1016,2025-11-20 17:09:21,IN
5146,2025-11-20 17:21:15,OUT
4364,2025-11-20 17:29:51,OUT
1553,2025-11-20 17:42:05,OUT
1327,2025-11-20 18:19:31,OUT
7412,2025-11-20 18:43:38,OUT
1016,2025-11-20 21:03:21,OUT
5146,2025-11-21 07:15:44,IN
3640,2025-11-21 07:35:32,IN
6129,2025-11-21 07:47:36,IN
2112,2025-11-21 07:48:24,IN
4054,2025-11-21 07:49:51,IN
1903,2025-11-21 08:15:00,IN
4364,2025-11-21 08:17:59,IN
4566,2025-11-21 08:18:00,IN
2657,2025-11-21 08:29:21,IN
3556,2025-11-21 08:43:00,IN
9910,2025-11-21 08:46:52,IN
3762,2025-11-21 08:47:49,IN
1327,2025-11-21 08:56:06,IN
9839,2025-11-21 08:56:16,IN
2112,2025-11-21 09:04:24,OUT
5976,2025-11-21 09:10:00,IN
7258,2025-11-21 09:13:01,IN
5024,2025-11-21 09:21:27,IN
1903,2025-11-21 09:35:00,OUT
5146,2025-11-21 09:42:44,OUT
6465,2025-11-21 09:48:11,IN
1903,2025-11-21 09:54:00,IN
6129,2025-11-21 09:56:36,OUT
5146,2025-11-21 10:01:44,IN
4054,2025-11-21 10:18:51,OUT
9910,2025-11-21 10:41:52,OUT
4364,2025-11-21 10:43:59,OUT
4054,2025-11-21 10:59:51,IN
1327,2025-11-21 11:00:06,OUT
5976,2025-11-21 11:01:00,OUT
3762,2025-11-21 11:06:49,OUT
4364,2025-11-21 11:10:59,IN
1903,2025-11-21 11:19:00,OUT
9910,2025-11-21 11:19:52,IN
3556,2025-11-21 11:27:00,OUT
1327,2025-11-21 11:27:06,IN
3640,2025-11-21 11:31:32,OUT
3762,2025-11-21 11:38:49,IN
6465,2025-11-21 11:44:11,OUT
5976,2025-11-21 11:49:00,IN
1903,2025-11-21 12:05:00,IN
3640,2025-11-21 12:08:32,IN
4566,2025-11-21 12:12:00,OUT
2657,2025-11-21 12:15:21,OUT
6465,2025-11-21 12:23:11,IN
3556,2025-11-21 12:25:00,IN
9839,2025-11-21 12:25:16,OUT
7258,2025-11-21 12:43:01,OUT
4054,2025-11-21 12:47:51,OUT
5024,2025-11-21 12:50:27,OUT
9839,2025-11-21 12:56:16,IN
3762,2025-11-21 13:05:49,OUT
4364,2025-11-21 13:05:59,OUT
5146,2025-11-21 13:18:44,OUT
1327,2025-11-21 13:22:06,OUT
3762,2025-11-21 13:27:49,IN
4054,2025-11-21 13:27:51,IN
3640,2025-11-21 13:44:32,OUT
1327,2025-11-21 13:48:06,IN
5976,2025-11-21 14:00:00,OUT
4364,2025-11-21 14:02:59,IN
6465,2025-11-21 14:29:11,OUT
9910,2025-11-21 14:39:52,OUT
5976,2025-11-21 14:43:00,IN
6465,2025-11-21 14:45:11,IN
1903,2025-11-21 14:56:00,OUT
9839,2025-11-21 14:58:16,OUT
9910,2025-11-21 15:13:52,IN
3556,2025-11-21 15:20:00,OUT
1903,2025-11-21 15:29:00,IN
5976,2025-11-21 15:46:00,OUT
3762,2025-11-21 15:52:49,OUT
9839,2025-11-21 15:58:16,IN
4054,2025-11-21 16:04:51,OUT
3556,2025-11-21 16:11:00,IN
1327,2025-11-21 16:21:06,OUT
4364,2025-11-21 16:21:59,OUT
4364,2025-11-21 16:41:59,IN
4054,2025-11-21 16:50:51,IN
9910,2025-11-21 16:59:52,OUT
1327,2025-11-21 17:07:06,IN
3556,2025-11-21 17:41:00,OUT
9910,2025-11-21 17:52:52,IN
4054,2025-11-21 18:15:51,OUT
1903,2025-11-21 18:25:00,OUT
6465,2025-11-21 18:41:11,OUT
4364,2025-11-21 18:45:59,OUT
9839,2025-11-21 18:51:16,OUT
1327,2025-11-21 19:44:06,OUT
9910,2025-11-21 20:06:52,OUT
2657,2025-11-24 07:04:29,IN
8518,2025-11-24 07:10:08,IN
2112,2025-11-24 07:14:32,IN
7721,2025-11-24 07:16:47,IN
1327,2025-11-24 07:19:21,IN
5024,2025-11-24 07:20:52,IN
6718,2025-11-24 07:30:34,IN
6827,2025-11-24 08:02:35,IN
4763,2025-11-24 08:05:13,IN
4566,2025-11-24 08:10:12,IN
4364,2025-11-24 08:19:05,IN
6465,2025-11-24 08:27:35,IN
2112,2025-11-24 08:44:32,OUT
2657,2025-11-24 08:56:29,OUT
4054,2025-11-24 09:07:56,IN
2112,2025-11-24 09:09:32,IN
4763,2025-11-24 09:10:13,OUT
7412,2025-11-24 09:14:52,IN
4566,2025-11-24 09:17:12,OUT
3762,2025-11-24 09:28:00,IN
4763,2025-11-24 09:32:13,IN
3556,2025-11-24 09:32:28,IN
3640,2025-11-24 09:33:48,IN
6129,2025-11-24 09:36:12,IN
9839,2025-11-24 09:47:15,IN
5024,2025-11-24 09:54:52,OUT
4566,2025-11-24 09:56:12,IN
1327,2025-11-24 10:03:21,OUT
5024,2025-11-24 10:34:52,IN
7721,2025-11-24 10:39:47,OUT
6718,2025-11-24 10:40:34,OUT
1327,2025-11-24 10:44:21,IN
8518,2025-11-24 10:53:08,OUT
3762,2025-11-24 10:58:00,OUT
4763,2025-11-24 11:10:13,OUT
6718,2025-11-24 11:16:34,IN
3762,2025-11-24 11:18:00,IN
4566,2025-11-24 11:32:12,OUT
4364,2025-11-24 11:33:05,OUT
6827,2025-11-24 11:35:35,OUT
3640,2025-11-24 11:35:48,OUT
6465,2025-11-24 11:39:35,OUT
7721,2025-11-24 11:39:47,IN
9839,2025-11-24 11:51:15,OUT
4763,2025-11-24 11:55:13,IN
4566,2025-11-24 11:56:12,IN
6129,2025-11-24 12:05:12,OUT
6465,2025-11-24 12:05:35,IN
9839,2025-11-24 12:09:15,IN
7412,2025-11-24 12:29:52,OUT
4364,2025-11-24 12:32:05,IN
6718,2025-11-24 12:32:34,OUT
6129,2025-11-24 12:51:12,IN
4054,2025-11-24 12:52:56,OUT
2112,2025-11-24 12:54:32,OUT
1327,2025-11-24 12:57:21,OUT
3556,2025-11-24 13:01:28,OUT
2112,2025-11-24 13:21:32,IN
1327,2025-11-24 13:25:21,IN
7721,2025-11-24 13:48:47,OUT
4364,2025-11-24 13:59:05,OUT
6129,2025-11-24 14:01:12,OUT
7721,2025-11-24 14:17:47,IN
6129,2025-11-24 14:20:12,IN
4364,2025-11-24 14:25:05,IN
4566,2025-11-24 14:26:12,OUT
5024,2025-11-24 14:32:52,OUT
9839,2025-11-24 14:41:15,OUT
4763,2025-11-24 15:03:13,OUT
3762,2025-11-24 15:11:00,OUT
9839,2025-11-24 15:21:15,IN
1327,2025-11-24 15:23:21,OUT
6465,2025-11-24 15:25:35,OUT
5024,2025-11-24 15:25:52,IN
6129,2025-11-24 15:27:12,OUT
3762,2025-11-24 15:46:00,IN
4763,2025-11-24 15:55:13,IN
2112,2025-11-24 16:05:32,OUT
7721,2025-11-24 16:12:47,OUT
2112,2025-11-24 17:01:32,IN
5024,2025-11-24 17:07:52,OUT
7721,2025-11-24 17:09:47,IN
9839,2025-11-24 17:47:15,OUT
4364,2025-11-24 18:10:05,OUT
9839,2025-11-24 18:13:15,IN
3762,2025-11-24 18:15:00,OUT
3762,2025-11-24 18:30:00,IN
2112,2025-11-24 18:34:32,OUT
4763,2025-11-24 19:49:13,OUT
3762,2025-11-24 19:58:00,OUT
7721,2025-11-24 20:27:47,OUT
9839,2025-11-24 20:30:15,OUT
7258,2025-11-25 07:05:25,IN
5558,2025-11-25 07:17:13,IN
9910,2025-11-25 07:25:16,IN
1125,2025-11-25 07:26:02,IN
2112,2025-11-25 07:28:31,IN
4566,2025-11-25 07:51:43,IN
7721,2025-11-25 08:07:49,IN
5976,2025-11-25 08:18:36,IN
5360,2025-11-25 08:23:18,IN
7258,2025-11-25 08:33:25,OUT
8565,2025-11-25 08:39:36,IN
5024,2025-11-25 08:42:30,IN
3556,2025-11-25 08:47:47,IN
7258,2025-11-25 08:49:25,IN
3762,2025-11-25 08:55:20,IN
2112,2025-11-25 09:01:31,OUT
6129,2025-11-25 09:06:06,IN
5558,2025-11-25 09:06:13,OUT
4566,2025-11-25 09:06:43,OUT
7721,2025-11-25 09:20:49,OUT
6465,2025-11-25 09:23:08,IN
2112,2025-11-25 09:23:31,IN
1125,2025-11-25 09:24:02,OUT
6604,2025-11-25 09:34:31,IN
5024,2025-11-25 09:46:30,OUT
4566,2025-11-25 09:49:43,IN
8834,2025-11-25 09:51:38,IN
1125,2025-11-25 09:58:02,IN
5024,2025-11-25 10:29:30,IN
7258,2025-11-25 10:51:25,OUT
4566,2025-11-25 10:51:43,OUT
3556,2025-11-25 11:07:47,OUT
6604,2025-11-25 11:12:31,OUT
9910,2025-11-25 11:16:16,OUT
5976,2025-11-25 11:16:36,OUT
3762,2025-11-25 11:17:20,OUT
7258,2025-11-25 11:22:25,IN
5976,2025-11-25 11:32:36,IN
8565,2025-11-25 11:33:36,OUT
6465,2025-11-25 11:35:08,OUT
9910,2025-11-25 11:39:16,IN
5360,2025-11-25 11:46:18,OUT
5024,2025-11-25 11:48:30,OUT
3556,2025-11-25 11:49:47,IN
6465,2025-11-25 11:52:08,IN
6604,2025-11-25 11:59:31,IN
5360,2025-11-25 12:30:18,IN
5024,2025-11-25 12:33:30,IN
6129,2025-11-25 12:36:06,OUT
8834,2025-11-25 12:39:38,OUT
1125,2025-11-25 12:42:02,OUT
6129,2025-11-25 12:55:06,IN
2112,2025-11-25 13:01:31,OUT
1125,2025-11-25 13:15:02,IN
2112,2025-11-25 13:21:31,IN
5976,2025-11-25 13:31:36,OUT
8834,2025-11-25 13:35:38,IN
3556,2025-11-25 13:53:47,OUT
5976,2025-11-25 14:00:36,IN
7258,2025-11-25 14:07:25,OUT
9910,2025-11-25 14:23:16,OUT
6604,2025-11-25 14:24:31,OUT
6465,2025-11-25 14:50:08,OUT
9910,2025-11-25 15:03:16,IN
6604,2025-11-25 15:04:31,IN
8834,2025-11-25 15:17:38,OUT
5360,2025-11-25 15:26:18,OUT
6465,2025-11-25 15:35:08,IN
5024,2025-11-25 16:13:30,OUT
6129,2025-11-25 16:25:06,OUT
1125,2025-11-25 16:26:02,OUT
9910,2025-11-25 16:27:16,OUT
5976,2025-11-25 16:31:36,OUT
5024,2025-11-25 16:41:30,IN
6129,2025-11-25 16:45:06,IN
2112,2025-11-25 16:54:31,OUT
5976,2025-11-25 16:59:36,IN
5024,2025-11-25 17:43:30,OUT
6604,2025-11-25 18:20:31,OUT
6465,2025-11-25 18:44:08,OUT
5976,2025-11-25 19:11:36,OUT
6465,2025-11-25 19:19:08,IN
6129,2025-11-25 20:05:06,OUT
6465,2025-11-25 20:39:08,OUT
5558,2025-11-26 07:10:03,IN
6465,2025-11-26 07:31:42,IN
7258,2025-11-26 07:32:58,IN
7412,2025-11-26 07:38:19,IN
2112,2025-11-26 07:44:25,IN
6129,2025-11-26 07:51:49,IN
6827,2025-11-26 07:55:22,IN
1903,2025-11-26 08:03:07,IN
4566,2025-11-26 08:04:12,IN
1327,2025-11-26 08:04:50,IN
3762,2025-11-26 08:19:16,IN
5360,2025-11-26 08:34:03,IN
9910,2025-11-26 08:40:54,IN
6465,2025-11-26 08:44:42,OUT
7258,2025-11-26 08:53:58,OUT
1553,2025-11-26 08:55:02,IN
8565,2025-11-26 08:56:32,IN
5146,2025-11-26 09:07:37,IN
5024,2025-11-26 09:09:19,IN
7258,2025-11-26 09:12:58,IN
8518,2025-11-26 09:14:30,IN
7721,2025-11-26 09:14:59,IN
1903,2025-11-26 09:19:07,OUT
3640,2025-11-26 09:24:29,IN
6465,2025-11-26 09:28:42,IN
4364,2025-11-26 09:51:37,IN
1903,2025-11-26 09:52:07,IN
6827,2025-11-26 09:58:22,OUT
5360,2025-11-26 10:09:03,OUT
6827,2025-11-26 10:20:22,IN
5024,2025-11-26 10:21:19,OUT
4566,2025-11-26 10:27:12,OUT
2112,2025-11-26 10:32:25,OUT
8565,2025-11-26 10:32:32,OUT
7721,2025-11-26 10:33:59,OUT
5146,2025-11-26 10:37:37,OUT
6465,2025-11-26 10:38:42,OUT
5360,2025-11-26 10:44:03,IN
1327,2025-11-26 10:55:50,OUT
6129,2025-11-26 10:58:49,OUT
7412,2025-11-26 11:03:19,OUT
5558,2025-11-26 11:04:03,OUT
5146,2025-11-26 11:11:37,IN
2112,2025-11-26 11:12:25,IN
7721,2025-11-26 11:12:59,IN
1327,2025-11-26 11:22:50,IN
8565,2025-11-26 11:30:32,IN
3640,2025-11-26 11:31:29,OUT
5558,2025-11-26 11:33:03,IN
7412,2025-11-26 11:36:19,IN
6129,2025-11-26 11:36:49,IN
3762,2025-11-26 11:46:16,OUT
1553,2025-11-26 12:00:02,OUT
3640,2025-11-26 12:04:29,IN
3762,2025-11-26 12:11:16,IN
4364,2025-11-26 12:12:37,OUT
9910,2025-11-26 12:16:54,OUT
8518,2025-11-26 12:20:30,OUT
1327,2025-11-26 12:28:50,OUT
6827,2025-11-26 12:39:22,OUT
7412,2025-11-26 12:41:19,OUT
2112,2025-11-26 12:41:25,OUT
1553,2025-11-26 12:42:02,IN
9910,2025-11-26 12:48:54,IN
5558,2025-11-26 12:52:03,OUT
1327,2025-11-26 12:54:50,IN
8518,2025-11-26 12:57:30,IN
7258,2025-11-26 12:59:58,OUT
5360,2025-11-26 13:04:03,OUT
1903,2025-11-26 13:08:07,OUT
5558,2025-11-26 13:22:03,IN
1903,2025-11-26 13:32:07,IN
2112,2025-11-26 13:36:25,IN
8565,2025-11-26 13:51:32,OUT
6129,2025-11-26 13:58:49,OUT
5146,2025-11-26 14:03:37,OUT
7721,2025-11-26 14:09:59,OUT
6129,2025-11-26 14:30:49,IN
9910,2025-11-26 14:33:54,OUT
1327,2025-11-26 14:36:50,OUT
3640,2025-11-26 14:38:29,OUT
2112,2025-11-26 14:42:25,OUT
9910,2025-11-26 14:59:54,IN
5146,2025-11-26 15:01:37,IN
5558,2025-11-26 15:08:03,OUT
8518,2025-11-26 15:10:30,OUT
1327,2025-11-26 15:27:50,IN
3762,2025-11-26 15:33:16,OUT
8518,2025-11-26 15:54:30,IN
3762,2025-11-26 16:00:16,IN
9910,2025-11-26 16:01:54,OUT
6129,2025-11-26 16:02:49,OUT
1553,2025-11-26 16:07:02,OUT
6129,2025-11-26 16:57:49,IN
1327,2025-11-26 16:57:50,OUT
1903,2025-11-26 17:08:07,OUT
5146,2025-11-26 17:11:37,OUT
8518,2025-11-26 17:41:30,OUT
1903,2025-11-26 17:51:07,IN
6129,2025-11-26 19:10:49,OUT
1903,2025-11-26 19:38:07,OUT
3762,2025-11-26 19:43:16,OUT
3762,2025-11-26 20:34:16,IN
3762,2025-11-27 00:10:16,OUT
7721,2025-11-27 07:05:55,IN
5024,2025-11-27 07:24:32,IN
4566,2025-11-27 07:28:14,IN
1016,2025-11-27 07:43:38,IN
6827,2025-11-27 07:46:22,IN
6465,2025-11-27 08:00:34,IN
1553,2025-11-27 08:00:42,IN
3640,2025-11-27 08:01:32,IN
6129,2025-11-27 08:23:05,IN
7721,2025-11-27 08:30:55,OUT
4566,2025-11-27 08:43:14,OUT
7721,2025-11-27 08:51:55,IN
9193,2025-11-27 09:01:10,IN
5976,2025-11-27 09:02:42,IN
5009,2025-11-27 09:03:54,IN
8518,2025-11-27 09:04:57,IN
1327,2025-11-27 09:14:26,IN
4364,2025-11-27 09:18:16,IN
3762,2025-11-27 09:19:58,IN
9839,2025-11-27 09:29:56,IN
5146,2025-11-27 09:35:00,IN
2112,2025-11-27 09:43:51,IN
1553,2025-11-27 09:49:42,OUT
7258,2025-11-27 09:51:51,IN
3640,2025-11-27 09:54:32,OUT
5024,2025-11-27 10:02:32,OUT
6465,2025-11-27 10:18:34,OUT
6827,2025-11-27 10:45:22,OUT
5146,2025-11-27 10:49:00,OUT
1553,2025-11-27 10:49:42,IN
3640,2025-11-27 10:53:32,IN
1016,2025-11-27 11:00:38,OUT
6465,2025-11-27 11:08:34,IN
6827,2025-11-27 11:13:22,IN
8518,2025-11-27 11:13:57,OUT
4364,2025-11-27 11:38:16,OUT
9193,2025-11-27 11:43:10,OUT
3762,2025-11-27 11:45:58,OUT
5146,2025-11-27 11:48:00,IN
1016,2025-11-27 11:57:38,IN
9839,2025-11-27 11:57:56,OUT
8518,2025-11-27 12:08:57,IN
5976,2025-11-27 12:12:42,OUT
3762,2025-11-27 12:16:58,IN
6129,2025-11-27 12:19:05,OUT
1327,2025-11-27 12:31:26,OUT
9839,2025-11-27 12:31:56,IN
4364,2025-11-27 12:32:16,IN
7721,2025-11-27 12:34:55,OUT
5009,2025-11-27 12:49:54,OUT
7258,2025-11-27 12:54:51,OUT
7721,2025-11-27 13:03:55,IN
1327,2025-11-27 13:08:26,IN
5009,2025-11-27 13:10:54,IN
8518,2025-11-27 13:11:57,OUT
2112,2025-11-27 13:16:51,OUT
3640,2025-11-27 13:24:32,OUT
3640,2025-11-27 14:06:32,IN
1553,2025-11-27 14:16:42,OUT
3762,2025-11-27 14:41:58,OUT
4364,2025-11-27 14:50:16,OUT
6827,2025-11-27 14:52:22,OUT
6465,2025-11-27 14:53:34,OUT
1553,2025-11-27 14:54:42,IN
5146,2025-11-27 15:00:00,OUT
3762,2025-11-27 15:05:58,IN
6465,2025-11-27 15:13:34,IN
4364,2025-11-27 15:35:16,IN
1016,2025-11-27 15:55:38,OUT
1327,2025-11-27 16:00:26,OUT
9839,2025-11-27 16:01:56,OUT
1016,2025-11-27 16:18:38,IN
3640,2025-11-27 16:32:32,OUT
7721,2025-11-27 16:36:55,OUT
4364,2025-11-27 16:40:16,OUT
5009,2025-11-27 16:43:54,OUT
3762,2025-11-27 16:58:58,OUT
1327,2025-11-27 16:59:26,IN
7721,2025-11-27 17:09:55,IN
1553,2025-11-27 17:30:42,OUT
5009,2025-11-27 17:30:54,IN
3762,2025-11-27 17:46:58,IN
6465,2025-11-27 18:00:34,OUT
1016,2025-11-27 18:20:38,OUT
6465,2025-11-27 18:28:34,IN
1327,2025-11-27 18:31:26,OUT
1016,2025-11-27 18:39:38,IN
1327,2025-11-27 19:02:26,IN
7721,2025-11-27 19:13:55,OUT
6465,2025-11-27 19:40:34,OUT
3762,2025-11-27 20:05:58,OUT
5009,2025-11-27 20:08:54,OUT
1016,2025-11-27 20:23:38,OUT
1327,2025-11-27 21:45:26,OUT
1903,2025-11-28 07:42:52,IN
8834,2025-11-28 07:45:49,IN
2112,2025-11-28 07:54:00,IN
1553,2025-11-28 08:02:18,IN
6129,2025-11-28 08:05:45,IN
7258,2025-11-28 08:05:49,IN
9839,2025-11-28 08:11:27,IN
5009,2025-11-28 08:12:27,IN
3556,2025-11-28 08:17:54,IN
4566,2025-11-28 08:23:36,IN
8565,2025-11-28 08:39:59,IN
8518,2025-11-28 08:40:57,IN
5146,2025-11-28 08:42:45,IN
5976,2025-11-28 08:42:58,IN
5024,2025-11-28 08:57:35,IN
1903,2025-11-28 08:59:52,OUT
3762,2025-11-28 09:01:57,IN
4364,2025-11-28 09:09:06,IN
6465,2025-11-28 09:13:49,IN
4054,2025-11-28 09:15:36,IN
8834,2025-11-28 09:15:49,OUT
7721,2025-11-28 09:16:05,IN
6129,2025-11-28 09:28:45,OUT
3640,2025-11-28 09:36:31,IN
1327,2025-11-28 09:36:34,IN
8834,2025-11-28 09:41:49,IN
3556,2025-11-28 09:42:54,OUT
8565,2025-11-28 09:42:59,OUT
1553,2025-11-28 09:51:18,OUT
1903,2025-11-28 09:53:52,IN
3556,2025-11-28 10:16:54,IN
8565,2025-11-28 10:29:59,IN
5976,2025-11-28 10:32:58,OUT
2112,2025-11-28 10:33:00,OUT
4566,2025-11-28 10:36:36,OUT
4054,2025-11-28 10:45:36,OUT
8834,2025-11-28 10:53:49,OUT
7721,2025-11-28 10:55:05,OUT
2112,2025-11-28 11:01:00,IN
7258,2025-11-28 11:02:49,OUT
5009,2025-11-28 11:09:27,OUT
4566,2025-11-28 11:09:36,IN
5976,2025-11-28 11:10:58,IN
8834,2025-11-28 11:11:49,IN
8518,2025-11-28 11:15:57,OUT
9839,2025-11-28 11:17:27,OUT
7721,2025-11-28 11:20:05,IN
1903,2025-11-28 11:24:52,OUT
4054,2025-11-28 11:31:36,IN
7258,2025-11-28 11:33:49,IN
5009,2025-11-28 11:43:27,IN
1903,2025-11-28 12:01:52,IN
5146,2025-11-28 12:13:45,OUT
8518,2025-11-28 12:15:57,IN
5024,2025-11-28 12:20:35,OUT
3762,2025-11-28 12:24:57,OUT
5976,2025-11-28 12:31:58,OUT
5146,2025-11-28 12:36:45,IN
3556,2025-11-28 12:41:54,OUT
4364,2025-11-28 12:53:06,OUT
6465,2025-11-28 12:56:49,OUT
5024,2025-11-28 12:59:35,IN
3762,2025-11-28 13:04:57,IN
8565,2025-11-28 13:09:59,OUT
1327,2025-11-28 13:10:34,OUT
3640,2025-11-28 13:27:31,OUT
1327,2025-11-28 13:27:34,IN
7258,2025-11-28 13:42:49,OUT
4566,2025-11-28 14:06:36,OUT
2112,2025-11-28 14:08:00,OUT
7721,2025-11-28 14:11:05,OUT
7258,2025-11-28 14:15:49,IN
4054,2025-11-28 14:21:36,OUT
5024,2025-11-28 14:24:35,OUT
5146,2025-11-28 14:26:45,OUT
8834,2025-11-28 14:26:49,OUT
3762,2025-11-28 14:33:57,OUT
5009,2025-11-28 14:35:27,OUT
4566,2025-11-28 14:38:36,IN
5146,2025-11-28 14:50:45,IN
1903,2025-11-28 14:51:52,OUT
7721,2025-11-28 14:54:05,IN
3762,2025-11-28 14:55:57,IN
2112,2025-11-28 14:57:00,IN
4054,2025-11-28 15:02:36,IN
5009,2025-11-28 15:20:27,IN
5024,2025-11-28 15:21:35,IN
8834,2025-11-28 15:25:49,IN
1903,2025-11-28 15:39:52,IN
8518,2025-11-28 16:14:57,OUT
7258,2025-11-28 16:33:49,OUT
8518,2025-11-28 16:35:57,IN
1327,2025-11-28 16:45:34,OUT
5024,2025-11-28 16:53:35,OUT
4054,2025-11-28 16:54:36,OUT
2112,2025-11-28 16:56:00,OUT
5146,2025-11-28 17:10:45,OUT
7721,2025-11-28 17:12:05,OUT
2112,2025-11-28 17:30:00,IN
5024,2025-11-28 17:31:35,IN
5146,2025-11-28 17:34:45,IN
3762,2025-11-28 18:11:57,OUT
8518,2025-11-28 18:21:57,OUT
2112,2025-11-28 18:30:00,OUT
4566,2025-11-28 18:36:36,OUT
1903,2025-11-28 18:41:52,OUT
8834,2025-11-28 19:10:49,OUT
5009,2025-11-28 19:17:27,OUT
8518,2025-11-28 19:20:57,IN
5024,2025-11-28 20:22:35,OUT
5146,2025-11-28 21:05:45,OUT
8518,2025-11-28 22:24:57,OUT
2657,2025-12-01 07:02:16,IN
4364,2025-12-01 07:04:16,IN
5360,2025-12-01 07:29:46,IN
1327,2025-12-01 07:32:29,IN
6129,2025-12-01 07:52:54,IN
8834,2025-12-01 07:57:42,IN
5024,2025-12-01 08:01:53,IN
4763,2025-12-01 08:04:28,IN
1553,2025-12-01 08:14:42,IN
6827,2025-12-01 08:15:10,IN
4364,2025-12-01 08:46:16,OUT
7721,2025-12-01 08:46:41,IN
7258,2025-12-01 08:48:41,IN
5009,2025-12-01 08:52:09,IN
9839,2025-12-01 08:53:17,IN
3556,2025-12-01 08:54:19,IN
5976,2025-12-01 09:23:35,IN
1327,2025-12-01 09:24:29,OUT
1553,2025-12-01 09:36:42,OUT
8834,2025-12-01 09:36:42,OUT
1187,2025-12-01 09:39:26,IN
3762,2025-12-01 09:39:34,IN
1327,2025-12-01 09:41:29,IN
6465,2025-12-01 09:42:35,IN
9910,2025-12-01 09:48:23,IN
2112,2025-12-01 09:55:31,IN
6129,2025-12-01 09:56:54,OUT
8834,2025-12-01 10:07:42,IN
6129,2025-12-01 10:17:54,IN
5976,2025-12-01 10:24:35,OUT
2657,2025-12-01 10:53:16,OUT
1187,2025-12-01 11:01:26,OUT
5360,2025-12-01 11:02:46,OUT
4763,2025-12-01 11:05:28,OUT
6827,2025-12-01 11:06:10,OUT
5976,2025-12-01 11:17:35,IN
5024,2025-12-01 11:21:53,OUT
4763,2025-12-01 11:44:28,IN
5360,2025-12-01 11:50:46,IN
6827,2025-12-01 12:06:10,IN
3762,2025-12-01 12:09:34,OUT
2112,2025-12-01 12:13:31,OUT
7721,2025-12-01 12:17:41,OUT
8834,2025-12-01 12:22:42,OUT
9839,2025-12-01 12:24:17,OUT
3762,2025-12-01 12:30:34,IN
7258,2025-12-01 12:36:41,OUT
8834,2025-12-01 12:43:42,IN
9839,2025-12-01 12:47:17,IN
5009,2025-12-01 12:48:09,OUT
3556,2025-12-01 12:53:19,OUT
5976,2025-12-01 12:59:35,OUT
1327,2025-12-01 13:08:29,OUT
5009,2025-12-01 13:10:09,IN
6129,2025-12-01 13:11:54,OUT
7721,2025-12-01 13:12:41,IN
7258,2025-12-01 13:14:41,IN
5976,2025-12-01 13:15:35,IN
3556,2025-12-01 13:19:19,IN
9910,2025-12-01 13:19:23,OUT
6465,2025-12-01 13:33:35,OUT
6129,2025-12-01 13:36:54,IN
1327,2025-12-01 13:39:29,IN
9910,2025-12-01 13:52:23,IN
6465,2025-12-01 14:04:35,IN
3762,2025-12-01 14:05:34,OUT
4763,2025-12-01 14:06:28,OUT
7721,2025-12-01 14:14:41,OUT
8834,2025-12-01 14:28:42,OUT
4763,2025-12-01 14:34:28,IN
7721,2025-12-01 14:41:41,IN
8834,2025-12-01 14:43:42,IN
5009,2025-12-01 14:46:09,OUT
3762,2025-12-01 14:46:34,IN
6827,2025-12-01 14:49:10,OUT
9910,2025-12-01 15:01:23,OUT
5976,2025-12-01 15:14:35,OUT
1327,2025-12-01 15:23:29,OUT
9839,2025-12-01 15:27:17,OUT
5360,2025-12-01 15:28:46,OUT
6129,2025-12-01 15:37:54,OUT
6465,2025-12-01 15:46:35,OUT
5976,2025-12-01 15:51:35,IN
9839,2025-12-01 15:53:17,IN
3556,2025-12-01 15:55:19,OUT
6465,2025-12-01 16:02:35,IN
1327,2025-12-01 16:15:29,IN
7258,2025-12-01 16:20:41,OUT
3556,2025-12-01 16:23:19,IN
6129,2025-12-01 16:23:54,IN
8834,2025-12-01 16:30:42,OUT
7258,2025-12-01 16:59:41,IN
4763,2025-12-01 17:28:28,OUT
7721,2025-12-01 17:33:41,OUT
3762,2025-12-01 17:41:34,OUT
6129,2025-12-01 17:51:54,OUT
5976,2025-12-01 18:03:35,OUT
4763,2025-12-01 18:11:28,IN
9839,2025-12-01 18:25:17,OUT
3556,2025-12-01 18:27:19,OUT
6465,2025-12-01 18:45:35,OUT
3556,2025-12-01 18:52:19,IN
7258,2025-12-01 18:59:41,OUT
4763,2025-12-01 19:12:28,OUT
1327,2025-12-01 19:59:29,OUT
3556,2025-12-01 21:22:19,OUT
1327,2025-12-02 07:00:52,IN
5360,2025-12-02 07:17:12,IN
8834,2025-12-02 07:26:07,IN
8762,2025-12-02 07:28:57,IN
5024,2025-12-02 07:30:03,IN
6129,2025-12-02 07:37:38,IN
3640,2025-12-02 07:41:38,IN
6827,2025-12-02 07:52:14,IN
7721,2025-12-02 07:52:52,IN
3762,2025-12-02 08:00:57,IN
8518,2025-12-02 08:07:40,IN
6465,2025-12-02 08:22:00,IN
9839,2025-12-02 08:24:07,IN
8822,2025-12-02 08:34:21,IN
1903,2025-12-02 08:35:02,IN
5558,2025-12-02 08:35:10,IN
5360,2025-12-02 08:38:12,OUT
6129,2025-12-02 08:47:38,OUT
5146,2025-12-02 08:49:44,IN
5360,2025-12-02 08:54:12,IN
1125,2025-12-02 08:56:48,IN
1327,2025-12-02 08:56:52,OUT
4566,2025-12-02 09:20:00,IN
6827,2025-12-02 09:32:14,OUT
6129,2025-12-02 09:33:38,IN
2112,2025-12-02 09:33:52,IN
4364,2025-12-02 09:36:48,IN
7721,2025-12-02 09:38:52,OUT
7258,2025-12-02 09:44:32,IN
1187,2025-12-02 09:54:16,IN
7412,2025-12-02 09:59:56,IN
3640,2025-12-02 10:11:38,OUT
8518,2025-12-02 10:28:40,OUT
1125,2025-12-02 10:29:48,OUT
8834,2025-12-02 10:52:07,OUT
4364,2025-12-02 10:56:48,OUT
3762,2025-12-02 10:58:57,OUT
8822,2025-12-02 11:01:21,OUT
1125,2025-12-02 11:02:48,IN
5024,2025-12-02 11:04:03,OUT
8762,2025-12-02 11:05:57,OUT
3640,2025-12-02 11:06:38,IN
8834,2025-12-02 11:08:07,IN
6465,2025-12-02 11:13:00,OUT
1187,2025-12-02 11:20:16,OUT
8518,2025-12-02 11:20:40,IN
8822,2025-12-02 11:25:21,IN
2112,2025-12-02 11:28:52,OUT
8762,2025-12-02 11:29:57,IN
7258,2025-12-02 11:44:32,OUT
1187,2025-12-02 11:47:16,IN
5146,2025-12-02 11:49:44,OUT
4364,2025-12-02 11:50:48,IN
1903,2025-12-02 12:01:02,OUT
5360,2025-12-02 12:10:12,OUT
5146,2025-12-02 12:14:44,IN
9839,2025-12-02 12:21:07,OUT
1903,2025-12-02 12:26:02,IN
5360,2025-12-02 12:30:12,IN
5558,2025-12-02 12:32:10,OUT
6129,2025-12-02 12:34:38,OUT
9839,2025-12-02 12:47:07,IN
8834,2025-12-02 13:01:07,OUT
3640,2025-12-02 13:08:38,OUT
4566,2025-12-02 13:14:00,OUT
5558,2025-12-02 13:26:10,IN
7412,2025-12-02 13:26:56,OUT
6129,2025-12-02 13:30:38,IN
8762,2025-12-02 13:35:57,OUT
1187,2025-12-02 13:46:16,OUT
7412,2025-12-02 13:49:56,IN
9839,2025-12-02 14:00:07,OUT
3640,2025-12-02 14:04:38,IN
8518,2025-12-02 14:21:40,OUT
5146,2025-12-02 14:41:44,OUT
1187,2025-12-02 14:46:16,IN
1125,2025-12-02 14:48:48,OUT
5360,2025-12-02 14:56:12,OUT
8822,2025-12-02 15:07:21,OUT
4364,2025-12-02 15:09:48,OUT
5146,2025-12-02 15:21:44,IN
4364,2025-12-02 15:26:48,IN
1903,2025-12-02 15:28:02,OUT
8822,2025-12-02 15:59:21,IN
6129,2025-12-02 15:59:38,OUT
5558,2025-12-02 16:02:10,OUT
1903,2025-12-02 16:28:02,IN
7412,2025-12-02 16:31:56,OUT
3640,2025-12-02 16:49:38,OUT
1187,2025-12-02 16:50:16,OUT
5146,2025-12-02 16:50:44,OUT
8822,2025-12-02 17:09:21,OUT
7412,2025-12-02 17:10:56,IN
1903,2025-12-02 17:30:02,OUT
1903,2025-12-02 17:48:02,IN
4364,2025-12-02 18:07:48,OUT
7412,2025-12-02 19:02:56,OUT
7412,2025-12-02 19:18:56,IN
1903,2025-12-02 20:00:02,OUT
7412,2025-12-02 20:22:56,OUT
1903,2025-12-03 07:35:36,IN
5976,2025-12-03 07:43:30,IN
3762,2025-12-03 07:43:56,IN
2112,2025-12-03 07:45:48,IN
3556,2025-12-03 07:52:44,IN
9839,2025-12-03 07:56:57,IN
9910,2025-12-03 07:58:05,IN
3640,2025-12-03 08:11:04,IN
7721,2025-12-03 08:18:04,IN
6129,2025-12-03 08:18:59,IN
8518,2025-12-03 08:20:42,IN
5024,2025-12-03 08:25:24,IN
1327,2025-12-03 08:32:12,IN
7258,2025-12-03 08:32:25,IN
1553,2025-12-03 08:55:30,IN
5976,2025-12-03 09:17:30,OUT
6465,2025-12-03 09:17:39,IN
8834,2025-12-03 09:24:57,IN
5976,2025-12-03 09:40:30,IN
7412,2025-12-03 09:46:26,IN
2657,2025-12-03 09:49:25,IN
9839,2025-12-03 10:00:57,OUT
2112,2025-12-03 10:04:48,OUT
9839,2025-12-03 10:19:57,IN
3762,2025-12-03 10:42:56,OUT
7721,2025-12-03 10:52:04,OUT
9910,2025-12-03 10:54:05,OUT
2112,2025-12-03 10:54:48,IN
5976,2025-12-03 10:57:30,OUT
1903,2025-12-03 10:57:36,OUT
6129,2025-12-03 11:11:59,OUT
3762,2025-12-03 11:13:56,IN
8834,2025-12-03 11:15:57,OUT
1327,2025-12-03 11:16:12,OUT
7258,2025-12-03 11:17:25,OUT
5976,2025-12-03 11:28:30,IN
5024,2025-12-03 11:29:24,OUT
3556,2025-12-03 11:47:44,OUT
8834,2025-12-03 11:47:57,IN
7721,2025-12-03 11:50:04,IN
1327,2025-12-03 11:50:12,IN
7412,2025-12-03 11:55:26,OUT
1903,2025-12-03 11:55:36,IN
8518,2025-12-03 12:03:42,OUT
3640,2025-12-03 12:08:04,OUT
7258,2025-12-03 12:09:25,IN
9839,2025-12-03 12:24:57,OUT
5024,2025-12-03 12:27:24,IN
8518,2025-12-03 12:31:42,IN
7412,2025-12-03 12:49:26,IN
1553,2025-12-03 12:50:30,OUT
6465,2025-12-03 13:00:39,OUT
7721,2025-12-03 13:02:04,OUT
5976,2025-12-03 13:11:30,OUT
1327,2025-12-03 13:21:12,OUT
1553,2025-12-03 13:26:30,IN
5976,2025-12-03 13:27:30,IN
2657,2025-12-03 13:28:25,OUT
7258,2025-12-03 13:33:25,OUT
5024,2025-12-03 13:43:24,OUT
7412,2025-12-03 13:52:26,OUT
2112,2025-12-03 13:57:48,OUT
8834,2025-12-03 14:02:57,OUT
8834,2025-12-03 14:17:57,IN
2657,2025-12-03 14:25:25,IN
3762,2025-12-03 15:02:56,OUT
8518,2025-12-03 15:16:42,OUT
1903,2025-12-03 15:46:36,OUT
3762,2025-12-03 15:56:56,IN
8518,2025-12-03 16:06:42,IN
5976,2025-12-03 16:36:30,OUT
8518,2025-12-03 17:08:42,OUT
1553,2025-12-03 17:14:30,OUT
3762,2025-12-03 17:35:56,OUT
1553,2025-12-03 17:38:30,IN
8834,2025-12-03 17:43:57,OUT
2657,2025-12-03 18:15:25,OUT
8834,2025-12-03 18:25:57,IN
2657,2025-12-03 19:11:25,IN
1553,2025-12-03 19:52:30,OUT
1553,2025-12-03 20:44:30,IN
8834,2025-12-03 21:33:57,OUT
1553,2025-12-03 22:17:30,OUT
2657,2025-12-03 22:23:25,OUT
1187,2025-12-04 07:06:17,IN
7258,2025-12-04 07:21:48,IN
5360,2025-12-04 07:24:51,IN
5146,2025-12-04 07:31:51,IN
8762,2025-12-04 07:45:38,IN
1327,2025-12-04 07:52:09,IN
4566,2025-12-04 07:56:14,IN
7721,2025-12-04 08:01:32,IN
8518,2025-12-04 08:03:40,IN
3640,2025-12-04 08:21:34,IN
2112,2025-12-04 08:23:17,IN
5009,2025-12-04 08:23:28,IN
5024,2025-12-04 08:25:42,IN
7258,2025-12-04 08:25:48,OUT
4364,2025-12-04 08:32:02,IN
3762,2025-12-04 08:42:36,IN
6129,2025-12-04 08:43:02,IN
1187,2025-12-04 08:45:17,OUT
9193,2025-12-04 08:48:51,IN
6604,2025-12-04 08:59:02,IN
1125,2025-12-04 09:10:19,IN
1327,2025-12-04 09:14:09,OUT
6827,2025-12-04 09:24:16,IN
1187,2025-12-04 09:32:17,IN
3556,2025-12-04 09:40:48,IN
8822,2025-12-04 09:41:40,IN
5976,2025-12-04 09:52:20,IN
1327,2025-12-04 09:54:09,IN
4566,2025-12-04 09:55:14,OUT
6465,2025-12-04 09:56:42,IN
6718,2025-12-04 09:59:58,IN
8762,2025-12-04 10:06:38,OUT
4566,2025-12-04 10:19:14,IN
5360,2025-12-04 10:21:51,OUT
7721,2025-12-04 10:29:32,OUT
6129,2025-12-04 10:30:02,OUT
5024,2025-12-04 10:41:42,OUT
1125,2025-12-04 10:42:19,OUT
5360,2025-12-04 10:42:51,IN
5146,2025-12-04 10:44:51,OUT
8822,2025-12-04 10:46:40,OUT
3640,2025-12-04 10:47:34,OUT
6129,2025-12-04 11:03:02,IN
8518,2025-12-04 11:07:40,OUT
3762,2025-12-04 11:08:36,OUT
7721,2025-12-04 11:09:32,IN
2112,2025-12-04 11:14:17,OUT
1327,2025-12-04 11:18:09,OUT
1187,2025-12-04 11:19:17,OUT
3762,2025-12-04 11:29:36,IN
6465,2025-12-04 11:32:42,OUT
6604,2025-12-04 11:33:02,OUT
5146,2025-12-04 11:40:51,IN
8822,2025-12-04 11:46:40,IN
5009,2025-12-04 11:47:28,OUT
3640,2025-12-04 11:47:34,IN
9193,2025-12-04 11:51:51,OUT
2112,2025-12-04 11:52:17,IN
4364,2025-12-04 11:56:02,OUT
1187,2025-12-04 11:56:17,IN
5360,2025-12-04 11:58:51,OUT
6604,2025-12-04 11:59:02,IN
3556,2025-12-04 12:00:48,OUT
6827,2025-12-04 12:06:16,OUT
8518,2025-12-04 12:07:40,IN
5009,2025-12-04 12:16:28,IN
3556,2025-12-04 12:16:48,IN
9193,2025-12-04 12:31:51,IN
6827,2025-12-04 12:49:16,IN
5360,2025-12-04 12:55:51,IN
5976,2025-12-04 13:01:20,OUT
7721,2025-12-04 13:05:32,OUT
2112,2025-12-04 13:06:17,OUT
6604,2025-12-04 13:15:02,OUT
3640,2025-12-04 13:24:34,OUT
4566,2025-12-04 13:26:14,OUT
2112,2025-12-04 13:27:17,IN
5146,2025-12-04 13:32:51,OUT
7721,2025-12-04 13:42:32,IN
6718,2025-12-04 13:45:58,OUT
9193,2025-12-04 13:54:51,OUT
4566,2025-12-04 13:59:14,IN
5976,2025-12-04 13:59:20,IN
3640,2025-12-04 14:02:34,IN
6718,2025-12-04 14:02:58,IN
6129,2025-12-04 14:12:02,OUT
5146,2025-12-04 14:17:51,IN
8822,2025-12-04 14:22:40,OUT
9193,2025-12-04 14:42:51,IN
5009,2025-12-04 14:46:28,OUT
3762,2025-12-04 14:47:36,OUT
6827,2025-12-04 15:16:16,OUT
3762,2025-12-04 15:29:36,IN
5360,2025-12-04 15:33:51,OUT
8518,2025-12-04 15:37:40,OUT
5009,2025-12-04 15:38:28,IN
1187,2025-12-04 15:54:17,OUT
3556,2025-12-04 16:00:48,OUT
6827,2025-12-04 16:02:16,IN
8518,2025-12-04 16:08:40,IN
2112,2025-12-04 16:15:17,OUT
5360,2025-12-04 16:26:51,IN
6718,2025-12-04 16:26:58,OUT
3556,2025-12-04 16:35:48,IN
7721,2025-12-04 16:36:32,OUT
5146,2025-12-04 16:36:51,OUT
1187,2025-12-04 16:45:17,IN
3640,2025-12-04 16:50:34,OUT
4566,2025-12-04 17:13:14,OUT
3762,2025-12-04 17:14:36,OUT
6718,2025-12-04 17:19:58,IN
3640,2025-12-04 17:47:34,IN
5976,2025-12-04 17:54:20,OUT
5360,2025-12-04 17:59:51,OUT
3762,2025-12-04 18:02:36,IN
9193,2025-12-04 18:15:51,OUT
3556,2025-12-04 18:30:48,OUT
5009,2025-12-04 18:45:28,OUT
3556,2025-12-04 19:08:48,IN
5009,2025-12-04 19:17:28,IN
1187,2025-12-04 19:40:17,OUT
6827,2025-12-04 19:50:16,OUT
3762,2025-12-04 19:55:36,OUT
8518,2025-12-04 20:02:40,OUT
6827,2025-12-04 20:13:16,IN
6718,2025-12-04 20:17:58,OUT
8518,2025-12-04 20:38:40,IN
3640,2025-12-04 20:40:34,OUT
6718,2025-12-04 21:07:58,IN
6827,2025-12-04 21:57:16,OUT
5009,2025-12-04 22:21:28,OUT
3556,2025-12-04 22:37:48,OUT
6718,2025-12-04 22:46:58,OUT
8518,2025-12-04 22:58:40,OUT
1327,2025-12-05 07:18:32,IN
3762,2025-12-05 07:21:03,IN
5024,2025-12-05 07:35:47,IN
5009,2025-12-05 07:39:37,IN
2112,2025-12-05 07:41:43,IN
4364,2025-12-05 07:59:02,IN
8518,2025-12-05 08:05:12,IN
1016,2025-12-05 08:08:59,IN
4566,2025-12-05 08:10:18,IN
7258,2025-12-05 08:27:16,IN
7721,2025-12-05 08:29:37,IN
6465,2025-12-05 08:40:25,IN
1327,2025-12-05 08:40:32,OUT
9910,2025-12-05 08:43:08,IN
2112,2025-12-05 08:59:43,OUT
1327,2025-12-05 09:08:32,IN
5146,2025-12-05 09:12:40,IN
6129,2025-12-05 09:15:38,IN
8822,2025-12-05 09:34:47,IN
1016,2025-12-05 09:34:59,OUT
3640,2025-12-05 09:35:40,IN
8518,2025-12-05 09:41:12,OUT
6465,2025-12-05 09:42:25,OUT
2112,2025-12-05 09:56:43,IN
7412,2025-12-05 09:57:13,IN
8518,2025-12-05 10:10:12,IN
7258,2025-12-05 10:12:16,OUT
5009,2025-12-05 10:12:37,OUT
1327,2025-12-05 10:16:32,OUT
6129,2025-12-05 10:16:38,OUT
6465,2025-12-05 10:17:25,IN
5024,2025-12-05 10:32:47,OUT
3762,2025-12-05 10:33:03,OUT
9910,2025-12-05 10:41:08,OUT
7258,2025-12-05 10:51:16,IN
3762,2025-12-05 10:56:03,IN
5009,2025-12-05 10:57:37,IN
7721,2025-12-05 10:59:37,OUT
1327,2025-12-05 11:10:32,IN
4566,2025-12-05 11:13:18,OUT
5024,2025-12-05 11:25:47,IN
4364,2025-12-05 11:28:02,OUT
4566,2025-12-05 11:54:18,IN
4364,2025-12-05 11:58:02,IN
7721,2025-12-05 11:58:37,IN
8822,2025-12-05 12:09:47,OUT
8518,2025-12-05 12:23:12,OUT
5146,2025-12-05 12:24:40,OUT
8822,2025-12-05 12:28:47,IN
6465,2025-12-05 12:51:25,OUT
5009,2025-12-05 12:51:37,OUT
3640,2025-12-05 12:59:40,OUT
5009,2025-12-05 13:08:37,IN
4566,2025-12-05 13:11:18,OUT
7412,2025-12-05 13:26:13,OUT
4566,2025-12-05 13:26:18,IN
2112,2025-12-05 13:44:43,OUT
7412,2025-12-05 13:45:13,IN
7721,2025-12-05 13:55:37,OUT
4364,2025-12-05 14:14:02,OUT
3762,2025-12-05 14:16:03,OUT
7258,2025-12-05 14:19:16,OUT
1327,2025-12-05 14:37:32,OUT
5009,2025-12-05 14:37:37,OUT
7721,2025-12-05 14:50:37,IN
8822,2025-12-05 15:03:47,OUT
7258,2025-12-05 15:04:16,IN
3762,2025-12-05 15:13:03,IN
4566,2025-12-05 15:18:18,OUT
5024,2025-12-05 15:18:47,OUT
1327,2025-12-05 15:29:32,IN
7412,2025-12-05 15:39:13,OUT
5024,2025-12-05 15:47:47,IN
7258,2025-12-05 16:45:16,OUT
7258,2025-12-05 17:31:16,IN
1327,2025-12-05 17:38:32,OUT
7721,2025-12-05 18:20:37,OUT
5024,2025-12-05 18:43:47,OUT
3762,2025-12-05 18:53:03,OUT
7721,2025-12-05 19:19:37,IN
5024,2025-12-05 19:21:47,IN
7258,2025-12-05 19:29:16,OUT
3762,2025-12-05 19:48:03,IN
3762,2025-12-05 21:38:03,OUT
5024,2025-12-05 21:58:47,OUT
7721,2025-12-05 22:17:37,OUT
8822,2025-12-08 07:00:26,IN
4364,2025-12-08 07:05:07,IN
4566,2025-12-08 07:09:24,IN
6129,2025-12-08 07:30:05,IN
3556,2025-12-08 07:47:33,IN
7721,2025-12-08 07:57:35,IN
4364,2025-12-08 08:05:07,OUT
2657,2025-12-08 08:07:33,IN
7412,2025-12-08 08:15:27,IN
2112,2025-12-08 08:15:35,IN
8822,2025-12-08 08:18:26,OUT
4566,2025-12-08 08:22:24,OUT
5360,2025-12-08 08:27:13,IN
5024,2025-12-08 08:28:38,IN
8518,2025-12-08 08:33:59,IN
5009,2025-12-08 08:33:59,IN
6465,2025-12-08 08:34:33,IN
3640,2025-12-08 08:49:04,IN
4364,2025-12-08 08:56:07,IN
7258,2025-12-08 09:14:00,IN
8822,2025-12-08 09:16:26,IN
7721,2025-12-08 09:48:35,OUT
3762,2025-12-08 09:51:58,IN
3556,2025-12-08 09:53:33,OUT
5360,2025-12-08 10:34:13,OUT
2657,2025-12-08 10:35:33,OUT
5009,2025-12-08 10:40:59,OUT
7412,2025-12-08 10:47:27,OUT
3556,2025-12-08 10:53:33,IN
5360,2025-12-08 10:59:13,IN
2657,2025-12-08 11:05:33,IN
8518,2025-12-08 11:05:59,OUT
5009,2025-12-08 11:19:59,IN
6465,2025-12-08 11:23:33,OUT
6129,2025-12-08 11:28:05,OUT
5024,2025-12-08 11:32:38,OUT
3640,2025-12-08 11:42:04,OUT
6465,2025-12-08 11:46:33,IN
7258,2025-12-08 11:47:00,OUT
3640,2025-12-08 12:09:04,IN
2112,2025-12-08 12:14:35,OUT
7258,2025-12-08 12:19:00,IN
8822,2025-12-08 12:21:26,OUT
5024,2025-12-08 12:24:38,IN
4364,2025-12-08 12:28:07,OUT
3762,2025-12-08 12:38:58,OUT
5360,2025-12-08 12:41:13,OUT
8822,2025-12-08 12:45:26,IN
2112,2025-12-08 12:46:35,IN
5360,2025-12-08 12:57:13,IN
3640,2025-12-08 13:27:04,OUT
5024,2025-12-08 14:19:38,OUT
3640,2025-12-08 14:20:04,IN
5009,2025-12-08 14:25:59,OUT
3556,2025-12-08 14:30:33,OUT
6465,2025-12-08 14:33:33,OUT
7258,2025-12-08 14:43:00,OUT
2657,2025-12-08 14:53:33,OUT
5009,2025-12-08 15:08:59,IN
2657,2025-12-08 15:10:33,IN
6465,2025-12-08 15:11:33,IN
3556,2025-12-08 15:18:33,IN
2112,2025-12-08 15:44:35,OUT
8822,2025-12-08 15:47:26,OUT
5360,2025-12-08 15:48:13,OUT
5360,2025-12-08 16:18:13,IN
3640,2025-12-08 16:29:04,OUT
8822,2025-12-08 16:30:26,IN
6465,2025-12-08 16:57:33,OUT
6465,2025-12-08 17:19:33,IN
2657,2025-12-08 18:09:33,OUT
5009,2025-12-08 18:24:59,OUT
3556,2025-12-08 18:30:33,OUT
8822,2025-12-08 19:25:26,OUT
6465,2025-12-08 19:32:33,OUT
5360,2025-12-08 19:53:13,OUT
1187,2025-12-09 07:01:57,IN
5146,2025-12-09 07:10:25,IN
8518,2025-12-09 07:17:19,IN
2112,2025-12-09 07:26:11,IN
8822,2025-12-09 07:27:49,IN
1327,2025-12-09 08:02:05,IN
4566,2025-12-09 08:12:19,IN
5009,2025-12-09 08:17:23,IN
6827,2025-12-09 08:23:22,IN
3762,2025-12-09 08:36:03,IN
7258,2025-12-09 08:36:09,IN
4364,2025-12-09 08:42:27,IN
1187,2025-12-09 08:44:57,OUT
8518,2025-12-09 08:49:19,OUT
5024,2025-12-09 09:00:30,IN
9839,2025-12-09 09:04:21,IN
5976,2025-12-09 09:08:44,IN
4566,2025-12-09 09:14:19,OUT
8518,2025-12-09 09:14:19,IN
2112,2025-12-09 09:29:11,OUT
3640,2025-12-09 09:30:48,IN
1187,2025-12-09 09:32:57,IN
7721,2025-12-09 09:39:10,IN
3762,2025-12-09 09:41:03,OUT
9910,2025-12-09 09:48:48,IN
6129,2025-12-09 09:59:25,IN
3762,2025-12-09 10:05:03,IN
5024,2025-12-09 10:14:30,OUT
7258,2025-12-09 10:23:09,OUT
1327,2025-12-09 10:24:05,OUT
7258,2025-12-09 10:39:09,IN
5009,2025-12-09 10:41:23,OUT
6827,2025-12-09 10:49:22,OUT
5024,2025-12-09 10:50:30,IN
5146,2025-12-09 10:51:25,OUT
5009,2025-12-09 11:03:23,IN
8822,2025-12-09 11:08:49,OUT
6827,2025-12-09 11:09:22,IN
1187,2025-12-09 11:20:57,OUT
5146,2025-12-09 11:43:25,IN
6129,2025-12-09 11:44:25,OUT
8822,2025-12-09 11:48:49,IN
9839,2025-12-09 11:55:21,OUT
8518,2025-12-09 11:56:19,OUT
4364,2025-12-09 12:01:27,OUT
1187,2025-12-09 12:02:57,IN
3640,2025-12-09 12:11:48,OUT
3762,2025-12-09 12:33:03,OUT
9839,2025-12-09 12:36:21,IN
9910,2025-12-09 12:37:48,OUT
3640,2025-12-09 12:38:48,IN
5146,2025-12-09 12:55:25,OUT
9910,2025-12-09 13:00:48,IN
7721,2025-12-09 13:02:10,OUT
5976,2025-12-09 13:04:44,OUT
3762,2025-12-09 13:20:03,IN
7258,2025-12-09 13:23:09,OUT
5024,2025-12-09 13:32:30,OUT
7721,2025-12-09 13:35:10,IN
5146,2025-12-09 13:39:25,IN
5976,2025-12-09 13:52:44,IN
1187,2025-12-09 13:56:57,OUT
7258,2025-12-09 14:15:09,IN
5009,2025-12-09 14:23:23,OUT
5024,2025-12-09 14:32:30,IN
1187,2025-12-09 14:36:57,IN
6827,2025-12-09 15:08:22,OUT
5009,2025-12-09 15:10:23,IN
5146,2025-12-09 15:10:25,OUT
5146,2025-12-09 15:28:25,IN
9910,2025-12-09 15:35:48,OUT
5976,2025-12-09 15:38:44,OUT
6827,2025-12-09 15:41:22,IN
8822,2025-12-09 15:44:49,OUT
3640,2025-12-09 15:49:48,OUT
9910,2025-12-09 15:57:48,IN
7258,2025-12-09 16:17:09,OUT
9839,2025-12-09 16:19:21,OUT
5024,2025-12-09 16:27:30,OUT
3640,2025-12-09 16:42:48,IN
7258,2025-12-09 17:01:09,IN
7721,2025-12-09 17:13:10,OUT
3762,2025-12-09 17:16:03,OUT
5009,2025-12-09 17:17:23,OUT
3762,2025-12-09 17:49:03,IN
6827,2025-12-09 17:50:22,OUT
9910,2025-12-09 18:12:48,OUT
3640,2025-12-09 18:20:48,OUT
1187,2025-12-09 18:26:57,OUT
6827,2025-12-09 18:44:22,IN
3762,2025-12-09 18:57:03,OUT
9910,2025-12-09 19:00:48,IN
7258,2025-12-09 19:01:09,OUT
5146,2025-12-09 19:21:25,OUT
9910,2025-12-09 20:52:48,OUT
6827,2025-12-09 21:05:22,OUT
3556,2025-12-10 07:02:28,IN
8822,2025-12-10 07:12:37,IN
4566,2025-12-10 07:14:36,IN
1016,2025-12-10 07:16:09,IN
1327,2025-12-10 07:17:50,IN
3640,2025-12-10 07:19:48,IN
8518,2025-12-10 07:49:22,IN
3762,2025-12-10 08:06:30,IN
9910,2025-12-10 08:17:38,IN
5360,2025-12-10 08:24:13,IN
5009,2025-12-10 08:27:29,IN
3640,2025-12-10 08:28:48,OUT
3640,2025-12-10 08:44:48,IN
8762,2025-12-10 09:03:36,IN
2112,2025-12-10 09:08:31,IN
8822,2025-12-10 09:10:37,OUT
3762,2025-12-10 09:15:30,OUT
6465,2025-12-10 09:15:50,IN
4364,2025-12-10 09:32:57,IN
3762,2025-12-10 09:36:30,IN
5146,2025-12-10 09:38:19,IN
7721,2025-12-10 09:39:12,IN
3556,2025-12-10 09:42:28,OUT
5024,2025-12-10 09:43:24,IN
8834,2025-12-10 09:46:00,IN
5009,2025-12-10 09:47:29,OUT
1553,2025-12-10 09:48:49,IN
7258,2025-12-10 09:49:25,IN
4566,2025-12-10 09:54:36,OUT
3556,2025-12-10 10:16:28,IN
5009,2025-12-10 10:22:29,IN
1016,2025-12-10 10:41:09,OUT
4566,2025-12-10 10:42:36,IN
4364,2025-12-10 10:43:57,OUT
9910,2025-12-10 10:47:38,OUT
3640,2025-12-10 10:48:48,OUT
1327,2025-12-10 10:53:50,OUT
7721,2025-12-10 10:55:12,OUT
5024,2025-12-10 10:55:24,OUT
8762,2025-12-10 11:00:36,OUT
4364,2025-12-10 11:00:57,IN
6465,2025-12-10 11:05:50,OUT
1016,2025-12-10 11:15:09,IN
7258,2025-12-10 11:16:25,OUT
9910,2025-12-10 11:22:38,IN
5024,2025-12-10 11:27:24,IN
8762,2025-12-10 11:27:36,IN
8834,2025-12-10 11:34:00,OUT
7721,2025-12-10 11:37:12,IN
8518,2025-12-10 11:38:22,OUT
3640,2025-12-10 11:45:48,IN
2112,2025-12-10 11:47:31,OUT
7258,2025-12-10 11:50:25,IN
6465,2025-12-10 11:51:50,IN
5360,2025-12-10 11:59:13,OUT
4566,2025-12-10 11:59:36,OUT
4566,2025-12-10 12:24:36,IN
9910,2025-12-10 12:28:38,OUT
2112,2025-12-10 12:31:31,IN
5146,2025-12-10 12:42:19,OUT
3762,2025-12-10 12:47:30,OUT
5360,2025-12-10 12:54:13,IN
1553,2025-12-10 13:02:49,OUT
9910,2025-12-10 13:09:38,IN
6465,2025-12-10 13:11:50,OUT
3556,2025-12-10 13:19:28,OUT
5146,2025-12-10 13:27:19,IN
5009,2025-12-10 13:46:29,OUT
3762,2025-12-10 13:47:30,IN
1016,2025-12-10 13:48:09,OUT
1553,2025-12-10 13:50:49,IN
1016,2025-12-10 14:08:09,IN
7721,2025-12-10 14:14:12,OUT
5009,2025-12-10 14:21:29,IN
5146,2025-12-10 14:33:19,OUT
8762,2025-12-10 14:36:36,OUT
4364,2025-12-10 14:36:57,OUT
4364,2025-12-10 14:55:57,IN
5024,2025-12-10 15:01:24,OUT
8762,2025-12-10 15:12:36,IN
5360,2025-12-10 15:17:13,OUT
7258,2025-12-10 15:19:25,OUT
1016,2025-12-10 15:25:09,OUT
2112,2025-12-10 15:25:31,OUT
5024,2025-12-10 15:30:24,IN
3640,2025-12-10 15:41:48,OUT
2112,2025-12-10 15:49:31,IN
5360,2025-12-10 15:55:13,IN
4566,2025-12-10 16:13:36,OUT
5009,2025-12-10 16:18:29,OUT
1016,2025-12-10 16:19:09,IN
3640,2025-12-10 16:19:48,IN
4364,2025-12-10 16:35:57,OUT
8762,2025-12-10 16:44:36,OUT
5009,2025-12-10 16:47:29,IN
4566,2025-12-10 16:47:36,IN
9910,2025-12-10 16:54:38,OUT
5024,2025-12-10 17:30:24,OUT
9910,2025-12-10 17:30:38,IN
1553,2025-12-10 17:32:49,OUT
3762,2025-12-10 17:37:30,OUT
1016,2025-12-10 17:38:09,OUT
5360,2025-12-10 17:38:13,OUT
2112,2025-12-10 17:40:31,OUT
1553,2025-12-10 18:16:49,IN
3762,2025-12-10 18:36:30,IN
3640,2025-12-10 18:51:48,OUT
5009,2025-12-10 19:07:29,OUT
4566,2025-12-10 19:57:36,OUT
9910,2025-12-10 20:59:38,OUT
3762,2025-12-10 21:17:30,OUT
1553,2025-12-10 21:27:49,OUT
1553,2025-12-10 21:48:49,IN
1553,2025-12-11 01:00:49,OUT
5360,2025-12-11 07:06:59,IN
4364,2025-12-11 07:07:22,IN
3556,2025-12-11 07:07:47,IN
9910,2025-12-11 07:12:21,IN
6129,2025-12-11 07:17:04,IN
9839,2025-12-11 07:18:39,IN
1125,2025-12-11 07:25:44,IN
2112,2025-12-11 07:29:34,IN
5558,2025-12-11 07:36:04,IN
8834,2025-12-11 07:41:27,IN
1327,2025-12-11 07:46:45,IN
1187,2025-12-11 07:50:48,IN
6465,2025-12-11 08:12:02,IN
5024,2025-12-11 08:17:00,IN
7721,2025-12-11 08:19:38,IN
8762,2025-12-11 08:35:39,IN
6129,2025-12-11 08:38:04,OUT
7412,2025-12-11 08:45:28,IN
7258,2025-12-11 08:52:47,IN
6129,2025-12-11 08:56:04,IN
2112,2025-12-11 08:56:34,OUT
1327,2025-12-11 09:01:45,OUT
8834,2025-12-11 09:07:27,OUT
1187,2025-12-11 09:33:48,OUT
1553,2025-12-11 09:33:55,IN
8518,2025-12-11 09:34:01,IN
9910,2025-12-11 09:37:21,OUT
9839,2025-12-11 09:40:39,OUT
5976,2025-12-11 09:46:48,IN
2112,2025-12-11 09:51:34,IN
9910,2025-12-11 09:52:21,IN
5360,2025-12-11 09:56:59,OUT
1125,2025-12-11 09:58:44,OUT
8834,2025-12-11 10:02:27,IN
4364,2025-12-11 10:13:22,OUT
1125,2025-12-11 10:14:44,IN
8762,2025-12-11 10:16:39,OUT
9839,2025-12-11 10:28:39,IN
6465,2025-12-11 10:32:02,OUT
5360,2025-12-11 10:32:59,IN
3556,2025-12-11 10:40:47,OUT
7412,2025-12-11 10:47:28,OUT
5558,2025-12-11 10:56:04,OUT
6465,2025-12-11 10:57:02,IN
4364,2025-12-11 11:07:22,IN
5976,2025-12-11 11:08:48,OUT
7412,2025-12-11 11:11:28,IN
3556,2025-12-11 11:19:47,IN
1125,2025-12-11 11:25:44,OUT
5024,2025-12-11 11:38:00,OUT
7721,2025-12-11 11:45:38,OUT
5976,2025-12-11 11:57:48,IN
9839,2025-12-11 12:04:39,OUT
7721,2025-12-11 12:16:38,IN
5024,2025-12-11 12:33:00,IN
2112,2025-12-11 12:36:34,OUT
7412,2025-12-11 12:39:28,OUT
8518,2025-12-11 12:41:01,OUT
6129,2025-12-11 12:42:04,OUT
7258,2025-12-11 12:42:47,OUT
6465,2025-12-11 13:00:02,OUT
4364,2025-12-11 13:06:22,OUT
1553,2025-12-11 13:07:55,OUT
6129,2025-12-11 13:16:04,IN
5976,2025-12-11 13:18:48,OUT
8518,2025-12-11 13:22:01,IN
7258,2025-12-11 13:28:47,IN
5360,2025-12-11 13:30:59,OUT
7412,2025-12-11 13:34:28,IN
5976,2025-12-11 13:42:48,IN
6465,2025-12-11 13:50:02,IN
9910,2025-12-11 13:50:21,OUT
8834,2025-12-11 13:51:27,OUT
1553,2025-12-11 13:51:55,IN
4364,2025-12-11 13:52:22,IN
7721,2025-12-11 14:27:38,OUT
8834,2025-12-11 14:51:27,IN
7721,2025-12-11 14:55:38,IN
3556,2025-12-11 15:16:47,OUT
6129,2025-12-11 15:24:04,OUT
7258,2025-12-11 15:32:47,OUT
4364,2025-12-11 15:33:22,OUT
8518,2025-12-11 15:47:01,OUT
6465,2025-12-11 15:50:02,OUT
7258,2025-12-11 15:51:47,IN
6129,2025-12-11 16:16:04,IN
5024,2025-12-11 16:17:00,OUT
7412,2025-12-11 16:28:28,OUT
4364,2025-12-11 16:29:22,IN
7721,2025-12-11 16:42:38,OUT
1553,2025-12-11 16:50:55,OUT
7721,2025-12-11 16:58:38,IN
5024,2025-12-11 17:13:00,IN
8834,2025-12-11 17:15:27,OUT
5976,2025-12-11 17:17:48,OUT
8834,2025-12-11 17:32:27,IN
4364,2025-12-11 19:12:22,OUT
7258,2025-12-11 19:29:47,OUT
5024,2025-12-11 19:36:00,OUT
7721,2025-12-11 19:37:38,OUT
6129,2025-12-11 19:47:04,OUT
7258,2025-12-11 20:16:47,IN
8834,2025-12-11 21:02:27,OUT
7258,2025-12-11 22:25:47,OUT
7412,2025-12-12 07:00:51,IN
8834,2025-12-12 07:05:10,IN
1327,2025-12-12 07:11:20,IN
4763,2025-12-12 07:23:32,IN
5976,2025-12-12 07:29:22,IN
9839,2025-12-12 07:31:33,IN
6465,2025-12-12 07:35:46,IN
2112,2025-12-12 07:47:26,IN
4364,2025-12-12 07:51:24,IN
5146,2025-12-12 08:02:14,IN
6604,2025-12-12 08:02:27,IN
8762,2025-12-12 08:21:24,IN
1125,2025-12-12 08:29:46,IN
7412,2025-12-12 08:29:51,OUT
4566,2025-12-12 08:32:40,IN
1187,2025-12-12 08:36:35,IN
5024,2025-12-12 08:43:18,IN
8518,2025-12-12 08:43:50,IN
6129,2025-12-12 08:48:21,IN
6465,2025-12-12 08:49:46,OUT
8834,2025-12-12 08:59:10,OUT
3640,2025-12-12 09:01:08,IN
2112,2025-12-12 09:23:26,OUT
6604,2025-12-12 09:23:27,OUT
6465,2025-12-12 09:23:46,IN
8834,2025-12-12 09:27:10,IN
4364,2025-12-12 09:30:24,OUT
1125,2025-12-12 09:31:46,OUT
7721,2025-12-12 09:33:33,IN
2657,2025-12-12 09:43:20,IN
3762,2025-12-12 09:45:51,IN
6604,2025-12-12 09:47:27,IN
9839,2025-12-12 09:49:33,OUT
2112,2025-12-12 09:57:26,IN
1327,2025-12-12 10:16:20,OUT
4364,2025-12-12 10:24:24,IN
1125,2025-12-12 10:31:46,IN
4763,2025-12-12 10:37:32,OUT
5976,2025-12-12 10:40:22,OUT
9839,2025-12-12 10:42:33,IN
1327,2025-12-12 10:50:20,IN
6129,2025-12-12 10:59:21,OUT
5024,2025-12-12 11:02:18,OUT
6604,2025-12-12 11:06:27,OUT
6465,2025-12-12 11:17:46,OUT
2657,2025-12-12 11:21:20,OUT
4763,2025-12-12 11:33:32,IN
5024,2025-12-12 11:35:18,IN
8518,2025-12-12 11:36:50,OUT
8762,2025-12-12 11:39:24,OUT
4566,2025-12-12 11:44:40,OUT
6129,2025-12-12 11:52:21,IN
2657,2025-12-12 11:55:20,IN
1187,2025-12-12 11:55:35,OUT
5146,2025-12-12 12:01:14,OUT
2112,2025-12-12 12:01:26,OUT
6465,2025-12-12 12:03:46,IN
6604,2025-12-12 12:04:27,IN
4566,2025-12-12 12:04:40,IN
3762,2025-12-12 12:04:51,OUT
9839,2025-12-12 12:05:33,OUT
7721,2025-12-12 12:12:33,OUT
1187,2025-12-12 12:14:35,IN
1125,2025-12-12 12:14:46,OUT
2112,2025-12-12 12:18:26,IN
3762,2025-12-12 12:34:51,IN
3640,2025-12-12 12:35:08,OUT
8834,2025-12-12 12:36:10,OUT
1125,2025-12-12 12:38:46,IN
5146,2025-12-12 12:50:14,IN
7721,2025-12-12 13:07:33,IN
6604,2025-12-12 13:17:27,OUT
4763,2025-12-12 13:20:32,OUT
4364,2025-12-12 13:26:24,OUT
3762,2025-12-12 13:48:51,OUT
1327,2025-12-12 13:52:20,OUT
1125,2025-12-12 13:56:46,OUT
6604,2025-12-12 13:58:27,IN
4566,2025-12-12 14:08:40,OUT
7721,2025-12-12 14:09:33,OUT
6465,2025-12-12 14:21:46,OUT
4566,2025-12-12 14:31:40,IN
7721,2025-12-12 14:41:33,IN
6465,2025-12-12 14:42:46,IN
5024,2025-12-12 14:43:18,OUT
6129,2025-12-12 14:43:21,OUT
5024,2025-12-12 14:59:18,IN
2112,2025-12-12 15:08:26,OUT
2112,2025-12-12 15:27:26,IN
6129,2025-12-12 15:32:21,IN
2657,2025-12-12 15:42:20,OUT
1187,2025-12-12 15:55:35,OUT
2657,2025-12-12 16:00:20,IN
5146,2025-12-12 16:21:14,OUT
5024,2025-12-12 16:58:18,OUT
5146,2025-12-12 17:01:14,IN
7721,2025-12-12 17:08:33,OUT
6604,2025-12-12 17:28:27,OUT
6129,2025-12-12 17:31:21,OUT
2657,2025-12-12 17:41:20,OUT
4566,2025-12-12 18:06:40,OUT
2112,2025-12-12 18:16:26,OUT
2657,2025-12-12 18:19:20,IN
6465,2025-12-12 18:26:46,OUT
5146,2025-12-12 18:32:14,OUT
4566,2025-12-12 18:48:40,IN
2657,2025-12-12 21:01:20,OUT
4566,2025-12-12 21:30:40,OUT
2112,2025-12-15 07:00:26,IN
9910,2025-12-15 07:17:16,IN
1327,2025-12-15 07:39:31,IN
7721,2025-12-15 07:42:49,IN
1553,2025-12-15 08:03:12,IN
4566,2025-12-15 08:06:50,IN
6129,2025-12-15 08:07:14,IN
8834,2025-12-15 08:09:12,IN
7412,2025-12-15 08:32:20,IN
2112,2025-12-15 08:44:26,OUT
9910,2025-12-15 08:54:16,OUT
8762,2025-12-15 08:54:44,IN
4364,2025-12-15 08:58:36,IN
9839,2025-12-15 09:00:26,IN
3762,2025-12-15 09:22:42,IN
6465,2025-12-15 09:26:41,IN
3556,2025-12-15 09:33:13,IN
6129,2025-12-15 09:34:14,OUT
7412,2025-12-15 09:34:20,OUT
3640,2025-12-15 09:35:58,IN
1903,2025-12-15 09:37:09,IN
5024,2025-12-15 09:44:08,IN
5360,2025-12-15 09:44:10,IN
6827,2025-12-15 09:46:26,IN
1016,2025-12-15 09:47:01,IN
8518,2025-12-15 09:52:41,IN
8822,2025-12-15 09:52:58,IN
7721,2025-12-15 10:03:49,OUT
1327,2025-12-15 10:06:31,OUT
7412,2025-12-15 10:21:20,IN
7721,2025-12-15 10:36:49,IN
1903,2025-12-15 10:41:09,OUT
3556,2025-12-15 10:43:13,OUT
8762,2025-12-15 10:43:44,OUT
1903,2025-12-15 11:05:09,IN
1553,2025-12-15 11:17:12,OUT
8518,2025-12-15 11:23:41,OUT
3640,2025-12-15 11:24:58,OUT
8834,2025-12-15 11:28:12,OUT
3556,2025-12-15 11:35:13,IN
4566,2025-12-15 11:44:50,OUT
5360,2025-12-15 11:54:10,OUT
9839,2025-12-15 12:08:26,OUT
4566,2025-12-15 12:23:50,IN
5360,2025-12-15 12:44:10,IN
4364,2025-12-15 12:51:36,OUT
6465,2025-12-15 12:56:41,OUT
9839,2025-12-15 12:58:26,IN
3556,2025-12-15 13:03:13,OUT
7721,2025-12-15 13:11:49,OUT
4364,2025-12-15 13:12:36,IN
3762,2025-12-15 13:14:42,OUT
1903,2025-12-15 13:15:09,OUT
1016,2025-12-15 13:20:01,OUT
3556,2025-12-15 13:24:13,IN
8822,2025-12-15 13:24:58,OUT
7412,2025-12-15 13:26:20,OUT
5024,2025-12-15 13:31:08,OUT
1903,2025-12-15 13:34:09,IN
6465,2025-12-15 13:34:41,IN
6827,2025-12-15 13:37:26,OUT
7721,2025-12-15 13:37:49,IN
6827,2025-12-15 13:59:26,IN
5024,2025-12-15 14:04:08,IN
9839,2025-12-15 14:07:26,OUT
8822,2025-12-15 14:10:58,IN
1016,2025-12-15 14:12:01,IN
4566,2025-12-15 14:38:50,OUT
5360,2025-12-15 14:42:10,OUT
1903,2025-12-15 14:44:09,OUT
5360,2025-12-15 15:03:10,IN
8822,2025-12-15 15:27:58,OUT
4566,2025-12-15 15:29:50,IN
8822,2025-12-15 16:25:58,IN
3556,2025-12-15 16:26:13,OUT
6827,2025-12-15 16:35:26,OUT
5024,2025-12-15 16:37:08,OUT
6465,2025-12-15 16:54:41,OUT
4364,2025-12-15 16:57:36,OUT
7721,2025-12-15 17:03:49,OUT
3556,2025-12-15 17:07:13,IN
6827,2025-12-15 17:09:26,IN
5024,2025-12-15 17:22:08,IN
1016,2025-12-15 17:39:01,OUT
8822,2025-12-15 17:43:58,OUT
4364,2025-12-15 17:47:36,IN
1016,2025-12-15 18:26:01,IN
5360,2025-12-15 18:27:10,OUT
4566,2025-12-15 19:05:50,OUT
4566,2025-12-15 19:27:50,IN
4364,2025-12-15 19:37:36,OUT
5024,2025-12-15 19:41:08,OUT
6827,2025-12-15 19:53:26,OUT
1016,2025-12-15 20:19:01,OUT
5024,2025-12-15 20:19:08,IN
3556,2025-12-15 20:25:13,OUT
4566,2025-12-15 20:33:50,OUT
4364,2025-12-15 20:35:36,IN
4364,2025-12-15 22:31:36,OUT
5024,2025-12-15 23:59:08,OUT
7721,2025-12-16 07:04:47,IN
2112,2025-12-16 07:08:30,IN
3762,2025-12-16 07:11:01,IN
6129,2025-12-16 07:22:55,IN
1327,2025-12-16 07:29:29,IN
7258,2025-12-16 07:44:01,IN
5024,2025-12-16 07:46:31,IN
6465,2025-12-16 07:55:31,IN
9193,2025-12-16 08:01:39,IN
9910,2025-12-16 08:29:37,IN
5558,2025-12-16 08:34:02,IN
4763,2025-12-16 08:45:16,IN
5976,2025-12-16 08:54:15,IN
5360,2025-12-16 08:55:56,IN
5146,2025-12-16 09:09:50,IN
6465,2025-12-16 09:16:31,OUT
8518,2025-12-16 09:32:53,IN
4364,2025-12-16 09:34:44,IN
5558,2025-12-16 09:42:02,OUT
7412,2025-12-16 09:44:45,IN
4566,2025-12-16 09:48:41,IN
6465,2025-12-16 09:51:31,IN
1553,2025-12-16 09:54:38,IN
1187,2025-12-16 09:57:46,IN
2112,2025-12-16 09:58:30,OUT
7258,2025-12-16 10:00:01,OUT
7721,2025-12-16 10:06:47,OUT
9910,2025-12-16 10:28:37,OUT
3762,2025-12-16 10:33:01,OUT
2112,2025-12-16 10:36:30,IN
4364,2025-12-16 10:36:44,OUT
5146,2025-12-16 10:36:50,OUT
1327,2025-12-16 10:43:29,OUT
3762,2025-12-16 10:55:01,IN
7258,2025-12-16 11:00:01,IN
6129,2025-12-16 11:00:55,OUT
1553,2025-12-16 11:16:38,OUT
9193,2025-12-16 11:20:39,OUT
6129,2025-12-16 11:21:55,IN
5146,2025-12-16 11:23:50,IN
4364,2025-12-16 11:32:44,IN
5024,2025-12-16 11:37:31,OUT
9193,2025-12-16 11:52:39,IN
5976,2025-12-16 11:56:15,OUT
5360,2025-12-16 12:11:56,OUT
4566,2025-12-16 12:16:41,OUT
5024,2025-12-16 12:25:31,IN
4763,2025-12-16 12:30:16,OUT
4364,2025-12-16 12:39:44,OUT
7412,2025-12-16 12:46:45,OUT
5146,2025-12-16 12:46:50,OUT
1187,2025-12-16 12:47:46,OUT
5976,2025-12-16 12:56:15,IN
3762,2025-12-16 12:59:01,OUT
8518,2025-12-16 13:00:53,OUT
7412,2025-12-16 13:11:45,IN
5360,2025-12-16 13:11:56,IN
4566,2025-12-16 13:16:41,IN
2112,2025-12-16 13:22:30,OUT
6465,2025-12-16 13:26:31,OUT
3762,2025-12-16 13:36:01,IN
2112,2025-12-16 13:38:30,IN
9193,2025-12-16 13:39:39,OUT
6129,2025-12-16 13:54:55,OUT
7258,2025-12-16 14:03:01,OUT
5976,2025-12-16 14:06:15,OUT
5024,2025-12-16 14:30:31,OUT
5976,2025-12-16 14:36:15,IN
9193,2025-12-16 14:39:39,IN
7412,2025-12-16 14:45:45,OUT
6129,2025-12-16 14:50:55,IN
7258,2025-12-16 14:55:01,IN
4566,2025-12-16 15:11:41,OUT
5360,2025-12-16 15:38:56,OUT
4566,2025-12-16 15:46:41,IN
5360,2025-12-16 16:15:56,IN
5976,2025-12-16 16:43:15,OUT
2112,2025-12-16 16:51:30,OUT
9193,2025-12-16 17:00:39,OUT
5976,2025-12-16 17:13:15,IN
6129,2025-12-16 17:27:55,OUT
3762,2025-12-16 17:28:01,OUT
5360,2025-12-16 17:37:56,OUT
6129,2025-12-16 17:43:55,IN
5360,2025-12-16 18:03:56,IN
7258,2025-12-16 18:08:01,OUT
7258,2025-12-16 18:59:01,IN
5360,2025-12-16 19:11:56,OUT
5976,2025-12-16 19:25:15,OUT
4566,2025-12-16 19:29:41,OUT
6129,2025-12-16 20:02:55,OUT
7258,2025-12-16 20:51:01,OUT
7412,2025-12-17 07:03:34,IN
1903,2025-12-17 07:10:34,IN
6465,2025-12-17 07:17:51,IN
7721,2025-12-17 07:22:41,IN
4364,2025-12-17 07:22:46,IN
1327,2025-12-17 07:26:41,IN
8762,2025-12-17 07:33:22,IN
5009,2025-12-17 07:35:48,IN
4566,2025-12-17 07:40:30,IN
3762,2025-12-17 07:47:42,IN
1125,2025-12-17 07:49:06,IN
8518,2025-12-17 08:02:13,IN
8834,2025-12-17 08:24:22,IN
2112,2025-12-17 08:31:55,IN
9910,2025-12-17 08:36:39,IN
6827,2025-12-17 08:43:42,IN
9839,2025-12-17 08:54:26,IN
6129,2025-12-17 08:59:47,IN
5976,2025-12-17 09:05:53,IN
3556,2025-12-17 09:07:19,IN
5009,2025-12-17 09:08:48,OUT
7721,2025-12-17 09:12:41,OUT
7258,2025-12-17 09:14:04,IN
6465,2025-12-17 09:20:51,OUT
1125,2025-12-17 09:36:06,OUT
4364,2025-12-17 09:51:46,OUT
2112,2025-12-17 09:52:55,OUT
8834,2025-12-17 10:05:22,OUT
4566,2025-12-17 10:08:30,OUT
7721,2025-12-17 10:12:41,IN
4364,2025-12-17 10:13:46,IN
9839,2025-12-17 10:17:26,OUT
3762,2025-12-17 10:17:42,OUT
8762,2025-12-17 10:18:22,OUT
6465,2025-12-17 10:19:51,IN
3556,2025-12-17 10:27:19,OUT
1327,2025-12-17 10:41:41,OUT
3556,2025-12-17 10:44:19,IN
7412,2025-12-17 10:44:34,OUT
1903,2025-12-17 10:44:34,OUT
2112,2025-12-17 10:52:55,IN
7412,2025-12-17 10:59:34,IN
5976,2025-12-17 10:59:53,OUT
8762,2025-12-17 11:00:22,IN
4566,2025-12-17 11:02:30,IN
1327,2025-12-17 11:10:41,IN
3762,2025-12-17 11:15:42,IN
4364,2025-12-17 11:18:46,OUT
1903,2025-12-17 11:20:34,IN
9910,2025-12-17 11:24:39,OUT
6827,2025-12-17 11:27:42,OUT
8518,2025-12-17 11:39:13,OUT
9910,2025-12-17 11:47:39,IN
6827,2025-12-17 11:52:42,IN
4364,2025-12-17 11:53:46,IN
7412,2025-12-17 11:59:34,OUT
7721,2025-12-17 12:02:41,OUT
2112,2025-12-17 12:05:55,OUT
7412,2025-12-17 12:25:34,IN
8762,2025-12-17 12:30:22,OUT
1327,2025-12-17 12:32:41,OUT
7258,2025-12-17 12:33:04,OUT
6129,2025-12-17 12:43:47,OUT
6465,2025-12-17 12:43:51,OUT
7721,2025-12-17 12:57:41,IN
4364,2025-12-17 13:01:46,OUT
2112,2025-12-17 13:01:55,IN
7258,2025-12-17 13:06:04,IN
3762,2025-12-17 13:09:42,OUT
6129,2025-12-17 13:16:47,IN
6465,2025-12-17 13:16:51,IN
3556,2025-12-17 13:55:19,OUT
7412,2025-12-17 13:55:34,OUT
4566,2025-12-17 13:56:30,OUT
4566,2025-12-17 14:14:30,IN
3556,2025-12-17 14:20:19,IN
1903,2025-12-17 14:31:34,OUT
9910,2025-12-17 14:36:39,OUT
7412,2025-12-17 14:47:34,IN
6129,2025-12-17 14:58:47,OUT
1903,2025-12-17 14:59:34,IN
9910,2025-12-17 15:05:39,IN
2112,2025-12-17 15:15:55,OUT
6129,2025-12-17 15:29:47,IN
7258,2025-12-17 15:30:04,OUT
2112,2025-12-17 15:37:55,IN
6827,2025-12-17 15:49:42,OUT
7258,2025-12-17 16:03:04,IN
7721,2025-12-17 16:20:41,OUT
7412,2025-12-17 16:25:34,OUT
6827,2025-12-17 16:25:42,IN
4566,2025-12-17 16:27:30,OUT
4566,2025-12-17 16:45:30,IN
3556,2025-12-17 16:49:19,OUT
6465,2025-12-17 17:03:51,OUT
7721,2025-12-17 17:10:41,IN
6129,2025-12-17 17:27:47,OUT
2112,2025-12-17 17:33:55,OUT
4566,2025-12-17 17:51:30,OUT
6827,2025-12-17 18:05:42,OUT
1903,2025-12-17 18:12:34,OUT
7721,2025-12-17 18:21:41,OUT
6827,2025-12-17 18:33:42,IN
9910,2025-12-17 18:56:39,OUT
9910,2025-12-17 19:14:39,IN
7258,2025-12-17 19:33:04,OUT
7258,2025-12-17 19:48:04,IN
9910,2025-12-17 20:25:39,OUT
6827,2025-12-17 20:50:42,OUT
7258,2025-12-17 23:32:04,OUT
4566,2025-12-18 07:00:13,IN
8822,2025-12-18 07:02:46,IN
1327,2025-12-18 07:30:51,IN
5146,2025-12-18 07:34:54,IN
6465,2025-12-18 07:35:44,IN
2112,2025-12-18 07:43:41,IN
9839,2025-12-18 07:53:27,IN
8834,2025-12-18 08:14:18,IN
8762,2025-12-18 08:14:46,IN
4364,2025-12-18 08:20:16,IN
7721,2025-12-18 08:23:58,IN
2657,2025-12-18 08:29:43,IN
3762,2025-12-18 08:31:32,IN
4566,2025-12-18 08:40:13,OUT
3640,2025-12-18 08:50:31,IN
1327,2025-12-18 08:56:51,OUT
6827,2025-12-18 09:05:53,IN
5146,2025-12-18 09:09:54,OUT
5024,2025-12-18 09:13:31,IN
1327,2025-12-18 09:21:51,IN
4566,2025-12-18 09:24:13,IN
7258,2025-12-18 09:29:21,IN
8822,2025-12-18 09:31:46,OUT
4364,2025-12-18 09:32:16,OUT
8518,2025-12-18 09:49:50,IN
5976,2025-12-18 09:52:48,IN
8834,2025-12-18 10:00:18,OUT
5146,2025-12-18 10:01:54,IN
7721,2025-12-18 10:03:58,OUT
4364,2025-12-18 10:05:16,IN
2657,2025-12-18 10:15:43,OUT
2112,2025-12-18 10:17:41,OUT
6465,2025-12-18 10:28:44,OUT
9839,2025-12-18 10:39:27,OUT
1327,2025-12-18 10:41:51,OUT
6465,2025-12-18 10:44:44,IN
7721,2025-12-18 10:46:58,IN
8834,2025-12-18 10:53:18,IN
9839,2025-12-18 10:54:27,IN
2657,2025-12-18 11:02:43,IN
6827,2025-12-18 11:02:53,OUT
1327,2025-12-18 11:21:51,IN
4364,2025-12-18 11:28:16,OUT
8518,2025-12-18 11:34:50,OUT
3762,2025-12-18 11:46:32,OUT
6827,2025-12-18 11:47:53,IN
4364,2025-12-18 11:51:16,IN
5024,2025-12-18 11:59:31,OUT
3762,2025-12-18 12:01:32,IN
8762,2025-12-18 12:02:46,OUT
4566,2025-12-18 12:08:13,OUT
7721,2025-12-18 12:11:58,OUT
3640,2025-12-18 12:21:31,OUT
8834,2025-12-18 12:23:18,OUT
8518,2025-12-18 12:27:50,IN
7721,2025-12-18 12:37:58,IN
3640,2025-12-18 12:38:31,IN
9839,2025-12-18 12:40:27,OUT
5024,2025-12-18 12:44:31,IN
5976,2025-12-18 12:49:48,OUT
8762,2025-12-18 12:55:46,IN
9839,2025-12-18 12:57:27,IN
4364,2025-12-18 13:01:16,OUT
4566,2025-12-18 13:07:13,IN
8834,2025-12-18 13:09:18,IN
2657,2025-12-18 13:11:43,OUT
3762,2025-12-18 13:12:32,OUT
5976,2025-12-18 13:14:48,IN
7258,2025-12-18 13:21:21,OUT
7258,2025-12-18 13:43:21,IN
2657,2025-12-18 13:43:43,IN
5146,2025-12-18 13:52:54,OUT
6465,2025-12-18 14:10:44,OUT
4566,2025-12-18 14:12:13,OUT
9839,2025-12-18 14:22:27,OUT
5146,2025-12-18 14:30:54,IN
4566,2025-12-18 14:32:13,IN
6827,2025-12-18 14:47:53,OUT
7721,2025-12-18 14:59:58,OUT
9839,2025-12-18 15:00:27,IN
1327,2025-12-18 15:01:51,OUT
7721,2025-12-18 15:18:58,IN
6827,2025-12-18 15:32:53,IN
8762,2025-12-18 15:39:46,OUT
3640,2025-12-18 15:45:31,OUT
8518,2025-12-18 16:18:50,OUT
5024,2025-12-18 16:20:31,OUT
7258,2025-12-18 16:22:21,OUT
5976,2025-12-18 16:38:48,OUT
8518,2025-12-18 16:39:50,IN
7258,2025-12-18 16:45:21,IN
9839,2025-12-18 16:49:27,OUT
7721,2025-12-18 16:58:58,OUT
8834,2025-12-18 17:01:18,OUT
8834,2025-12-18 17:18:18,IN
5976,2025-12-18 17:24:48,IN
2657,2025-12-18 17:29:43,OUT
2657,2025-12-18 17:51:43,IN
4566,2025-12-18 18:19:13,OUT
5146,2025-12-18 18:25:54,OUT
7258,2025-12-18 19:05:21,OUT
8518,2025-12-18 19:13:50,OUT
6827,2025-12-18 19:21:53,OUT
7258,2025-12-18 19:52:21,IN
5976,2025-12-18 20:01:48,OUT
6827,2025-12-18 20:05:53,IN
8834,2025-12-18 20:13:18,OUT
5976,2025-12-18 20:45:48,IN
2657,2025-12-18 21:01:43,OUT
7258,2025-12-18 22:23:21,OUT
6827,2025-12-18 23:35:53,OUT
5976,2025-12-19 00:06:48,OUT
8822,2025-12-19 07:36:37,IN
1327,2025-12-19 07:39:16,IN
5558,2025-12-19 07:39:56,IN
4566,2025-12-19 07:43:27,IN
8518,2025-12-19 07:48:16,IN
5146,2025-12-19 07:49:53,IN
6604,2025-12-19 07:51:54,IN
7258,2025-12-19 08:19:27,IN
5360,2025-12-19 08:26:21,IN
7721,2025-12-19 08:28:09,IN
2657,2025-12-19 08:38:38,IN
4364,2025-12-19 08:39:35,IN
1327,2025-12-19 08:40:16,OUT
5558,2025-12-19 08:41:56,OUT
3640,2025-12-19 08:56:13,IN
5146,2025-12-19 08:56:53,OUT
2112,2025-12-19 09:01:10,IN
6718,2025-12-19 09:05:41,IN
5024,2025-12-19 09:10:45,IN
4566,2025-12-19 09:12:27,OUT
5146,2025-12-19 09:22:53,IN
3556,2025-12-19 09:28:08,IN
1327,2025-12-19 09:30:16,IN
6604,2025-12-19 09:30:54,OUT
1553,2025-12-19 09:31:11,IN
5558,2025-12-19 09:37:56,IN
1125,2025-12-19 09:49:37,IN
3762,2025-12-19 09:50:07,IN
6465,2025-12-19 09:54:35,IN
7721,2025-12-19 09:56:09,OUT
8518,2025-12-19 09:56:16,OUT
8822,2025-12-19 10:27:37,OUT
6604,2025-12-19 10:28:54,IN
6718,2025-12-19 10:35:41,OUT
8518,2025-12-19 10:50:16,IN
6718,2025-12-19 10:53:41,IN
5558,2025-12-19 10:54:56,OUT
8822,2025-12-19 11:01:37,IN
5558,2025-12-19 11:17:56,IN
1553,2025-12-19 11:29:11,OUT
3640,2025-12-19 11:33:13,OUT
4364,2025-12-19 11:33:35,OUT
5146,2025-12-19 11:35:53,OUT
2112,2025-12-19 11:36:10,OUT
7258,2025-12-19 11:36:27,OUT
5360,2025-12-19 11:39:21,OUT
5024,2025-12-19 11:55:45,OUT
3556,2025-12-19 12:02:08,OUT
2112,2025-12-19 12:02:10,IN
5360,2025-12-19 12:04:21,IN
4364,2025-12-19 12:05:35,IN
2657,2025-12-19 12:06:38,OUT
1125,2025-12-19 12:10:37,OUT
1553,2025-12-19 12:11:11,IN
7258,2025-12-19 12:11:27,IN
3640,2025-12-19 12:17:13,IN
3556,2025-12-19 12:20:08,IN
5146,2025-12-19 12:22:53,IN
6465,2025-12-19 12:27:35,OUT
2657,2025-12-19 12:37:38,IN
6604,2025-12-19 12:45:54,OUT
5024,2025-12-19 12:47:45,IN
3762,2025-12-19 12:59:07,OUT
1327,2025-12-19 13:02:16,OUT
1125,2025-12-19 13:05:37,IN
6718,2025-12-19 13:10:41,OUT
8518,2025-12-19 13:29:16,OUT
6604,2025-12-19 13:42:54,IN
5558,2025-12-19 13:42:56,OUT
1553,2025-12-19 13:45:11,OUT
6718,2025-12-19 13:49:41,IN
3762,2025-12-19 13:54:07,IN
2112,2025-12-19 13:59:10,OUT
1327,2025-12-19 14:01:16,IN
1125,2025-12-19 14:18:37,OUT
3640,2025-12-19 14:27:13,OUT
1553,2025-12-19 14:38:11,IN
8822,2025-12-19 14:41:37,OUT
6604,2025-12-19 14:43:54,OUT
1125,2025-12-19 14:51:37,IN
5146,2025-12-19 14:59:53,OUT
8822,2025-12-19 15:03:37,IN
3640,2025-12-19 15:04:13,IN
3556,2025-12-19 15:05:08,OUT
7258,2025-12-19 15:24:27,OUT
5024,2025-12-19 15:35:45,OUT
5146,2025-12-19 15:37:53,IN
3556,2025-12-19 15:43:08,IN
2657,2025-12-19 15:49:38,OUT
4364,2025-12-19 15:57:35,OUT
5360,2025-12-19 15:59:21,OUT
1553,2025-12-19 16:14:11,OUT
3762,2025-12-19 16:17:07,OUT
5360,2025-12-19 16:48:21,IN
3640,2025-12-19 17:00:13,OUT
1327,2025-12-19 17:24:16,OUT
6718,2025-12-19 17:26:41,OUT
8822,2025-12-19 18:01:37,OUT
6718,2025-12-19 18:01:41,IN
5146,2025-12-19 18:12:53,OUT
1125,2025-12-19 18:43:37,OUT
3556,2025-12-19 18:44:08,OUT
5360,2025-12-19 19:24:21,OUT
3556,2025-12-19 19:31:08,IN
1125,2025-12-19 19:37:37,IN
5360,2025-12-19 19:40:21,IN
6718,2025-12-19 19:41:41,OUT
3556,2025-12-19 21:19:08,OUT
5360,2025-12-19 21:25:21,OUT
1125,2025-12-19 21:58:37,OUT
5009,2025-12-22 07:02:41,IN
1553,2025-12-22 07:26:53,IN
1327,2025-12-22 07:35:56,IN
5976,2025-12-22 07:36:31,IN
8834,2025-12-22 07:38:17,IN
3640,2025-12-22 08:03:38,IN
7721,2025-12-22 08:05:29,IN
3556,2025-12-22 08:07:10,IN
4566,2025-12-22 08:08:34,IN
6465,2025-12-22 08:12:15,IN
7258,2025-12-22 08:18:57,IN
6129,2025-12-22 08:22:55,IN
4364,2025-12-22 08:34:28,IN
1553,2025-12-22 08:39:53,OUT
5009,2025-12-22 08:42:41,OUT
5146,2025-12-22 08:56:41,IN
8762,2025-12-22 09:03:29,IN
7721,2025-12-22 09:08:29,OUT
5558,2025-12-22 09:12:08,IN
3762,2025-12-22 09:14:53,IN
1553,2025-12-22 09:17:53,IN
5360,2025-12-22 09:28:21,IN
5009,2025-12-22 09:32:41,IN
7721,2025-12-22 09:45:29,IN
2112,2025-12-22 09:54:03,IN
8762,2025-12-22 10:11:29,OUT
5976,2025-12-22 10:11:31,OUT
8834,2025-12-22 10:14:17,OUT
4566,2025-12-22 10:42:34,OUT
3556,2025-12-22 10:43:10,OUT
3762,2025-12-22 10:44:53,OUT
8834,2025-12-22 10:48:17,IN
3640,2025-12-22 10:49:38,OUT
5976,2025-12-22 10:57:31,IN
7258,2025-12-22 10:59:57,OUT
6129,2025-12-22 11:01:55,OUT
1327,2025-12-22 11:03:56,OUT
8762,2025-12-22 11:11:29,IN
3762,2025-12-22 11:25:53,IN
5558,2025-12-22 11:30:08,OUT
4566,2025-12-22 11:42:34,IN
1327,2025-12-22 11:42:56,IN
5558,2025-12-22 11:49:08,IN
6465,2025-12-22 11:52:15,OUT
4364,2025-12-22 11:54:28,OUT
7258,2025-12-22 11:55:57,IN
6129,2025-12-22 11:58:55,IN
5009,2025-12-22 12:00:41,OUT
6465,2025-12-22 12:22:15,IN
8834,2025-12-22 12:23:17,OUT
4364,2025-12-22 12:29:28,IN
5146,2025-12-22 12:31:41,OUT
5976,2025-12-22 12:33:31,OUT
2112,2025-12-22 12:44:03,OUT
5009,2025-12-22 12:51:41,IN
5976,2025-12-22 12:59:31,IN
6129,2025-12-22 13:03:55,OUT
5146,2025-12-22 13:13:41,IN
1553,2025-12-22 13:16:53,OUT
2112,2025-12-22 13:20:03,IN
5360,2025-12-22 13:24:21,OUT
1327,2025-12-22 13:42:56,OUT
7721,2025-12-22 13:44:29,OUT
5360,2025-12-22 14:07:21,IN
7721,2025-12-22 14:11:29,IN
5558,2025-12-22 14:12:08,OUT
1327,2025-12-22 14:20:56,IN
4566,2025-12-22 14:23:34,OUT
8762,2025-12-22 14:27:29,OUT
5558,2025-12-22 14:29:08,IN
6465,2025-12-22 14:45:15,OUT
4566,2025-12-22 14:54:34,IN
4364,2025-12-22 14:55:28,OUT
3762,2025-12-22 15:01:53,OUT
6465,2025-12-22 15:02:15,IN
2112,2025-12-22 15:19:03,OUT
3762,2025-12-22 15:36:53,IN
7258,2025-12-22 15:40:57,OUT
4364,2025-12-22 15:44:28,IN
5976,2025-12-22 15:45:31,OUT
5558,2025-12-22 16:11:08,OUT
2112,2025-12-22 16:14:03,IN
1327,2025-12-22 16:25:56,OUT
7721,2025-12-22 16:30:29,OUT
5009,2025-12-22 16:31:41,OUT
6465,2025-12-22 17:05:15,OUT
5146,2025-12-22 17:05:41,OUT
1327,2025-12-22 17:13:56,IN
5009,2025-12-22 17:19:41,IN
5360,2025-12-22 17:39:21,OUT
4364,2025-12-22 17:48:28,OUT
5146,2025-12-22 17:59:41,IN
4566,2025-12-22 18:22:34,OUT
5009,2025-12-22 18:26:41,OUT
4364,2025-12-22 18:46:28,IN
2112,2025-12-22 18:55:03,OUT
4566,2025-12-22 19:18:34,IN
3762,2025-12-22 19:29:53,OUT
2112,2025-12-22 19:54:03,IN
4566,2025-12-22 20:18:34,OUT
1327,2025-12-22 20:20:56,OUT
4364,2025-12-22 20:21:28,OUT
3762,2025-12-22 20:28:53,IN
5146,2025-12-22 21:06:41,OUT
2112,2025-12-22 22:19:03,OUT
3762,2025-12-22 23:20:53,OUT
3640,2025-12-23 07:24:08,IN
1553,2025-12-23 07:38:52,IN
7721,2025-12-23 07:41:13,IN
6129,2025-12-23 07:59:47,IN
7258,2025-12-23 08:16:51,IN
4364,2025-12-23 08:30:20,IN
4566,2025-12-23 08:36:58,IN
8834,2025-12-23 08:51:31,IN
5360,2025-12-23 08:52:07,IN
7721,2025-12-23 09:09:13,OUT
8822,2025-12-23 09:10:15,IN
5024,2025-12-23 09:12:05,IN
3762,2025-12-23 09:15:30,IN
8762,2025-12-23 09:16:03,IN
8518,2025-12-23 09:20:46,IN
1553,2025-12-23 09:27:52,OUT
6465,2025-12-23 09:35:21,IN
9839,2025-12-23 09:43:50,IN
2112,2025-12-23 09:46:02,IN
6827,2025-12-23 09:46:22,IN
1327,2025-12-23 09:54:36,IN
4566,2025-12-23 10:12:58,OUT
1553,2025-12-23 10:22:52,IN
4566,2025-12-23 10:29:58,IN
8834,2025-12-23 10:37:31,OUT
5024,2025-12-23 10:47:05,OUT
7258,2025-12-23 10:55:51,OUT
3640,2025-12-23 11:14:08,OUT
6827,2025-12-23 11:21:22,OUT
6129,2025-12-23 11:22:47,OUT
8834,2025-12-23 11:23:31,IN
4364,2025-12-23 11:35:20,OUT
6827,2025-12-23 11:40:22,IN
8518,2025-12-23 11:42:46,OUT
3640,2025-12-23 11:47:08,IN
4364,2025-12-23 11:54:20,IN
3762,2025-12-23 12:02:30,OUT
6129,2025-12-23 12:10:47,IN
4566,2025-12-23 12:20:58,OUT
8518,2025-12-23 12:28:46,IN
8822,2025-12-23 12:30:15,OUT
1327,2025-12-23 12:30:36,OUT
2112,2025-12-23 12:38:02,OUT
6827,2025-12-23 12:40:22,OUT
9839,2025-12-23 12:44:50,OUT
5360,2025-12-23 12:47:07,OUT
8762,2025-12-23 12:50:03,OUT
8822,2025-12-23 12:50:15,IN
3762,2025-12-23 12:54:30,IN
8762,2025-12-23 13:06:03,IN
1553,2025-12-23 13:07:52,OUT
6465,2025-12-23 13:14:21,OUT
1327,2025-12-23 13:14:36,IN
3640,2025-12-23 13:19:08,OUT
2112,2025-12-23 13:24:02,IN
1553,2025-12-23 13:24:52,IN
6827,2025-12-23 13:37:22,IN
6129,2025-12-23 13:39:47,OUT
9839,2025-12-23 13:41:50,IN
5360,2025-12-23 13:47:07,IN
6129,2025-12-23 14:36:47,IN
1327,2025-12-23 14:48:36,OUT
8834,2025-12-23 15:03:31,OUT
3762,2025-12-23 15:07:30,OUT
4364,2025-12-23 15:20:20,OUT
8834,2025-12-23 15:24:31,IN
9839,2025-12-23 15:29:50,OUT
8518,2025-12-23 15:36:46,OUT
1327,2025-12-23 15:48:36,IN
4364,2025-12-23 15:49:20,IN
1553,2025-12-23 16:06:52,OUT
9839,2025-12-23 16:07:50,IN
8762,2025-12-23 16:08:03,OUT
5360,2025-12-23 16:13:07,OUT
8518,2025-12-23 16:24:46,IN
8822,2025-12-23 16:33:15,OUT
6129,2025-12-23 16:35:47,OUT
6827,2025-12-23 16:45:22,OUT
1553,2025-12-23 16:49:52,IN
2112,2025-12-23 16:52:02,OUT
5360,2025-12-23 17:11:07,IN
2112,2025-12-23 17:14:02,IN
8518,2025-12-23 17:49:46,OUT
4364,2025-12-23 18:07:20,OUT
1327,2025-12-23 18:11:36,OUT
2112,2025-12-23 18:17:02,OUT
9839,2025-12-23 18:17:50,OUT
4364,2025-12-23 18:22:20,IN
8834,2025-12-23 18:24:31,OUT
1327,2025-12-23 18:33:36,IN
2112,2025-12-23 18:35:02,IN
8518,2025-12-23 18:46:46,IN
1553,2025-12-23 19:08:52,OUT
5360,2025-12-23 20:05:07,OUT
1327,2025-12-23 20:27:36,OUT
4364,2025-12-23 20:35:20,OUT
2112,2025-12-23 21:50:02,OUT
8518,2025-12-23 22:36:46,OUT
6465,2025-12-24 07:13:25,IN
1903,2025-12-24 07:15:01,IN
6129,2025-12-24 07:21:49,IN
8834,2025-12-24 07:31:36,IN
5360,2025-12-24 07:33:08,IN
3762,2025-12-24 07:42:26,IN
5146,2025-12-24 07:47:09,IN
5024,2025-12-24 08:11:42,IN
7412,2025-12-24 08:12:35,IN
4364,2025-12-24 08:28:49,IN
3640,2025-12-24 08:39:12,IN
7721,2025-12-24 08:42:43,IN
3762,2025-12-24 08:52:26,OUT
4566,2025-12-24 08:58:37,IN
1327,2025-12-24 09:00:25,IN
8822,2025-12-24 09:03:09,IN
3556,2025-12-24 09:07:51,IN
9193,2025-12-24 09:27:23,IN
9910,2025-12-24 09:33:10,IN
3762,2025-12-24 09:38:26,IN
8762,2025-12-24 09:56:58,IN
5146,2025-12-24 09:57:09,OUT
1903,2025-12-24 09:59:01,OUT
2112,2025-12-24 09:59:16,IN
4566,2025-12-24 10:03:37,OUT
6465,2025-12-24 10:21:25,OUT
6465,2025-12-24 10:46:25,IN
3640,2025-12-24 10:49:12,OUT
5146,2025-12-24 10:53:09,IN
3762,2025-12-24 11:03:26,OUT
7721,2025-12-24 11:10:43,OUT
3556,2025-12-24 11:11:51,OUT
5360,2025-12-24 11:16:08,OUT
3640,2025-12-24 11:16:12,IN
6129,2025-12-24 11:20:49,OUT
8834,2025-12-24 11:25:36,OUT
7721,2025-12-24 11:25:43,IN
2112,2025-12-24 11:29:16,OUT
1327,2025-12-24 11:48:25,OUT
5024,2025-12-24 11:49:42,OUT
3762,2025-12-24 11:52:26,IN
4364,2025-12-24 11:54:49,OUT
8762,2025-12-24 11:54:58,OUT
8834,2025-12-24 11:57:36,IN
7412,2025-12-24 12:09:35,OUT
2112,2025-12-24 12:11:16,IN
3556,2025-12-24 12:11:51,IN
9193,2025-12-24 12:12:23,OUT
1327,2025-12-24 12:14:25,IN
5360,2025-12-24 12:15:08,IN
8822,2025-12-24 12:16:09,OUT
5024,2025-12-24 12:19:42,IN
3640,2025-12-24 12:24:12,OUT
8762,2025-12-24 12:40:58,IN
4364,2025-12-24 12:53:49,IN
8822,2025-12-24 12:58:09,IN
9193,2025-12-24 13:00:23,IN
5146,2025-12-24 13:01:09,OUT
9910,2025-12-24 13:09:10,OUT
3640,2025-12-24 13:24:12,IN
7721,2025-12-24 13:25:43,OUT
5146,2025-12-24 13:27:09,IN
9910,2025-12-24 13:49:10,IN
6465,2025-12-24 13:51:25,OUT
3762,2025-12-24 13:57:26,OUT
5024,2025-12-24 13:59:42,OUT
5024,2025-12-24 14:18:42,IN
5360,2025-12-24 14:28:08,OUT
3762,2025-12-24 14:29:26,IN
8822,2025-12-24 14:37:09,OUT
2112,2025-12-24 14:38:16,OUT
6465,2025-12-24 14:43:25,IN
1327,2025-12-24 14:46:25,OUT
5360,2025-12-24 15:00:08,IN
8822,2025-12-24 15:03:09,IN
8834,2025-12-24 15:10:36,OUT
9910,2025-12-24 15:15:10,OUT
2112,2025-12-24 15:35:16,IN
3640,2025-12-24 15:42:12,OUT
3556,2025-12-24 15:54:51,OUT
8834,2025-12-24 16:05:36,IN
9193,2025-12-24 16:09:23,OUT
5360,2025-12-24 16:10:08,OUT
5146,2025-12-24 16:33:09,OUT
8762,2025-12-24 16:35:58,OUT
3640,2025-12-24 16:38:12,IN
3556,2025-12-24 16:44:51,IN
4364,2025-12-24 16:48:49,OUT
8822,2025-12-24 16:57:09,OUT
5360,2025-12-24 17:03:08,IN
9193,2025-12-24 17:07:23,IN
6465,2025-12-24 17:26:25,OUT
8822,2025-12-24 17:27:09,IN
4364,2025-12-24 17:34:49,IN
5024,2025-12-24 17:36:42,OUT
3762,2025-12-24 17:38:26,OUT
6465,2025-12-24 18:10:25,IN
2112,2025-12-24 18:41:16,OUT
9193,2025-12-24 18:43:23,OUT
3556,2025-12-24 19:08:51,OUT
9193,2025-12-24 19:09:23,IN
8834,2025-12-24 19:13:36,OUT
6465,2025-12-24 19:38:25,OUT
5360,2025-12-24 19:42:08,OUT
3640,2025-12-24 19:50:12,OUT
8834,2025-12-24 20:06:36,IN
8822,2025-12-24 20:07:09,OUT
4364,2025-12-24 20:22:49,OUT
4364,2025-12-24 20:56:49,IN
8834,2025-12-24 21:35:36,OUT
9193,2025-12-24 21:47:23,OUT
4364,2025-12-24 22:20:49,OUT
6129,2025-12-25 07:15:54,IN
6465,2025-12-25 07:20:27,IN
9839,2025-12-25 07:30:27,IN
1327,2025-12-25 07:32:39,IN
8518,2025-12-25 07:49:23,IN
7721,2025-12-25 07:51:50,IN
5558,2025-12-25 08:07:51,IN
9910,2025-12-25 08:14:02,IN
1903,2025-12-25 08:17:21,IN
2657,2025-12-25 08:21:05,IN
4566,2025-12-25 08:41:30,IN
5009,2025-12-25 08:44:35,IN
3762,2025-12-25 08:44:58,IN
1553,2025-12-25 09:02:35,IN
6465,2025-12-25 09:06:27,OUT
5024,2025-12-25 09:13:57,IN
7721,2025-12-25 09:17:50,OUT
3640,2025-12-25 09:19:08,IN
2112,2025-12-25 09:37:09,IN
8518,2025-12-25 09:37:23,OUT
7721,2025-12-25 09:37:50,IN
1016,2025-12-25 09:45:53,IN
6465,2025-12-25 09:46:27,IN
9910,2025-12-25 09:49:02,OUT
4364,2025-12-25 09:51:48,IN
2657,2025-12-25 09:55:05,OUT
1327,2025-12-25 10:00:39,OUT
1553,2025-12-25 10:02:35,OUT
8518,2025-12-25 10:04:23,IN
2657,2025-12-25 10:16:05,IN
9910,2025-12-25 10:28:02,IN
1553,2025-12-25 10:28:35,IN
6129,2025-12-25 10:31:54,OUT
5558,2025-12-25 10:45:51,OUT
9839,2025-12-25 10:52:27,OUT
7721,2025-12-25 10:54:50,OUT
1327,2025-12-25 10:58:39,IN
6129,2025-12-25 10:58:54,IN
5024,2025-12-25 11:15:57,OUT
3762,2025-12-25 11:16:58,OUT
9910,2025-12-25 11:33:02,OUT
5009,2025-12-25 11:34:35,OUT
1903,2025-12-25 11:35:21,OUT
7721,2025-12-25 11:41:50,IN
3640,2025-12-25 11:42:08,OUT
5558,2025-12-25 11:44:51,IN
4364,2025-12-25 11:54:48,OUT
5024,2025-12-25 11:54:57,IN
1903,2025-12-25 12:00:21,IN
2112,2025-12-25 12:04:09,OUT
5009,2025-12-25 12:08:35,IN
9910,2025-12-25 12:11:02,IN
4566,2025-12-25 12:11:30,OUT
2657,2025-12-25 12:12:05,OUT
3640,2025-12-25 12:13:08,IN
1016,2025-12-25 12:13:53,OUT
6129,2025-12-25 12:14:54,OUT
8518,2025-12-25 12:28:23,OUT
1016,2025-12-25 12:32:53,IN
2112,2025-12-25 12:42:09,IN
4566,2025-12-25 12:44:30,IN
2657,2025-12-25 12:54:05,IN
4364,2025-12-25 12:54:48,IN
8518,2025-12-25 13:04:23,IN
6465,2025-12-25 13:05:27,OUT
9910,2025-12-25 13:31:02,OUT
1016,2025-12-25 13:33:53,OUT
1553,2025-12-25 13:39:35,OUT
6465,2025-12-25 13:48:27,IN
1016,2025-12-25 13:54:53,IN
5558,2025-12-25 14:01:51,OUT
8518,2025-12-25 14:15:23,OUT
1553,2025-12-25 14:18:35,IN
9910,2025-12-25 14:24:02,IN
1903,2025-12-25 14:30:21,OUT
7721,2025-12-25 14:32:50,OUT
5009,2025-12-25 14:36:35,OUT
1327,2025-12-25 14:48:39,OUT
7721,2025-12-25 15:04:50,IN
5009,2025-12-25 15:10:35,IN
1327,2025-12-25 15:18:39,IN
1016,2025-12-25 15:20:53,OUT
4566,2025-12-25 15:21:30,OUT
2657,2025-12-25 15:24:05,OUT
3640,2025-12-25 15:25:08,OUT
6465,2025-12-25 15:25:27,OUT
2657,2025-12-25 15:50:05,IN
5024,2025-12-25 15:50:57,OUT
2112,2025-12-25 16:00:09,OUT
5024,2025-12-25 16:05:57,IN
3640,2025-12-25 16:10:08,IN
1016,2025-12-25 16:14:53,IN
7721,2025-12-25 16:25:50,OUT
1553,2025-12-25 16:30:35,OUT
4364,2025-12-25 16:45:48,OUT
2657,2025-12-25 16:56:05,OUT
2112,2025-12-25 16:58:09,IN
1327,2025-12-25 17:20:39,OUT
5009,2025-12-25 17:28:35,OUT
1016,2025-12-25 17:32:53,OUT
4364,2025-12-25 17:33:48,IN
9910,2025-12-25 17:40:02,OUT
3640,2025-12-25 17:58:08,OUT
4364,2025-12-25 19:24:48,OUT
5024,2025-12-25 19:33:57,OUT
4364,2025-12-25 19:52:48,IN
5024,2025-12-25 20:03:57,IN
2112,2025-12-25 20:32:09,OUT
4364,2025-12-25 21:41:48,OUT
5024,2025-12-25 22:14:57,OUT
7258,2025-12-26 07:24:22,IN
9910,2025-12-26 07:42:17,IN
2657,2025-12-26 07:42:24,IN
4364,2025-12-26 07:49:48,IN
7721,2025-12-26 07:57:06,IN
1327,2025-12-26 08:00:24,IN
5976,2025-12-26 08:05:50,IN
3640,2025-12-26 08:06:22,IN
6827,2025-12-26 08:14:33,IN
3556,2025-12-26 08:15:52,IN
9839,2025-12-26 08:33:30,IN
7258,2025-12-26 08:41:22,OUT
6129,2025-12-26 08:45:15,IN
2657,2025-12-26 08:46:24,OUT
1187,2025-12-26 08:47:06,IN
1125,2025-12-26 08:51:34,IN
8822,2025-12-26 08:57:46,IN
6604,2025-12-26 08:57:59,IN
2112,2025-12-26 09:00:38,IN
6465,2025-12-26 09:11:37,IN
6718,2025-12-26 09:11:46,IN
2657,2025-12-26 09:12:24,IN
1327,2025-12-26 09:16:24,OUT
5024,2025-12-26 09:17:52,IN
7258,2025-12-26 09:20:22,IN
5146,2025-12-26 09:20:55,IN
8518,2025-12-26 09:28:08,IN
4566,2025-12-26 09:42:24,IN
7412,2025-12-26 09:51:10,IN
1187,2025-12-26 10:01:06,OUT
1327,2025-12-26 10:10:24,IN
6718,2025-12-26 10:15:46,OUT
2112,2025-12-26 10:19:38,OUT
1187,2025-12-26 10:25:06,IN
9910,2025-12-26 10:32:17,OUT
1125,2025-12-26 10:33:34,OUT
7721,2025-12-26 10:40:06,OUT
6718,2025-12-26 10:40:46,IN
6129,2025-12-26 10:42:15,OUT
2112,2025-12-26 10:45:38,IN
3640,2025-12-26 10:51:22,OUT
6604,2025-12-26 10:53:59,OUT
4364,2025-12-26 10:54:48,OUT
7258,2025-12-26 11:03:22,OUT
4566,2025-12-26 11:04:24,OUT
3556,2025-12-26 11:06:52,OUT
4364,2025-12-26 11:12:48,IN
6827,2025-12-26 11:19:33,OUT
6129,2025-12-26 11:20:15,IN
9910,2025-12-26 11:24:17,IN
8518,2025-12-26 11:25:08,OUT
4566,2025-12-26 11:25:24,IN
3640,2025-12-26 11:28:22,IN
1125,2025-12-26 11:30:34,IN
9839,2025-12-26 11:34:30,OUT
2657,2025-12-26 11:43:24,OUT
5976,2025-12-26 11:44:50,OUT
1327,2025-12-26 11:46:24,OUT
5146,2025-12-26 11:53:55,OUT
9839,2025-12-26 11:57:30,IN
6465,2025-12-26 11:57:37,OUT
6827,2025-12-26 12:06:33,IN
8822,2025-12-26 12:13:46,OUT
1187,2025-12-26 12:14:06,OUT
1327,2025-12-26 12:17:24,IN
8518,2025-12-26 12:20:08,IN
5976,2025-12-26 12:20:50,IN
6465,2025-12-26 12:25:37,IN
5146,2025-12-26 12:26:55,IN
1187,2025-12-26 12:35:06,IN
1125,2025-12-26 12:36:34,OUT
7412,2025-12-26 12:43:10,OUT
4364,2025-12-26 12:43:48,OUT
8822,2025-12-26 12:54:46,IN
5024,2025-12-26 13:01:52,OUT
7412,2025-12-26 13:18:10,IN
1327,2025-12-26 13:18:24,OUT
9910,2025-12-26 13:26:17,OUT
9839,2025-12-26 13:26:30,OUT
4566,2025-12-26 13:34:24,OUT
2112,2025-12-26 13:36:38,OUT
9839,2025-12-26 13:41:30,IN
6129,2025-12-26 13:42:15,OUT
3640,2025-12-26 13:50:22,OUT
6718,2025-12-26 13:51:46,OUT
4566,2025-12-26 14:04:24,IN
8518,2025-12-26 14:07:08,OUT
3640,2025-12-26 14:08:22,IN
1327,2025-12-26 14:08:24,IN
6465,2025-12-26 14:08:37,OUT
6129,2025-12-26 14:14:15,IN
5976,2025-12-26 14:16:50,OUT
5146,2025-12-26 14:19:55,OUT
6718,2025-12-26 14:43:46,IN
5976,2025-12-26 14:46:50,IN
5146,2025-12-26 15:02:55,IN
6827,2025-12-26 15:09:33,OUT
9839,2025-12-26 15:23:30,OUT
6129,2025-12-26 15:32:15,OUT
6129,2025-12-26 15:47:15,IN
3640,2025-12-26 15:48:22,OUT
9839,2025-12-26 16:00:30,IN
8822,2025-12-26 16:10:46,OUT
1187,2025-12-26 16:13:06,OUT
1327,2025-12-26 16:25:24,OUT
3640,2025-12-26 16:45:22,IN
7412,2025-12-26 17:01:10,OUT
8822,2025-12-26 17:04:46,IN
5146,2025-12-26 17:04:55,OUT
1187,2025-12-26 17:06:06,IN
4566,2025-12-26 17:15:24,OUT
4566,2025-12-26 17:39:24,IN
6718,2025-12-26 18:41:46,OUT
5976,2025-12-26 18:43:50,OUT
1187,2025-12-26 18:50:06,OUT
6129,2025-12-26 18:59:15,OUT
9839,2025-12-26 19:06:30,OUT
3640,2025-12-26 19:16:22,OUT
4566,2025-12-26 19:20:24,OUT
5976,2025-12-26 19:26:50,IN
6718,2025-12-26 19:31:46,IN
8822,2025-12-26 20:49:46,OUT
5976,2025-12-26 21:43:50,OUT
6718,2025-12-26 23:08:46,OUT
1125,2025-12-29 07:08:42,IN
5009,2025-12-29 07:09:31,IN
8518,2025-12-29 07:12:02,IN
7412,2025-12-29 07:30:28,IN
6465,2025-12-29 07:32:52,IN
5360,2025-12-29 07:37:27,IN
2657,2025-12-29 07:43:44,IN
3762,2025-12-29 07:45:09,IN
6604,2025-12-29 07:48:06,IN
1327,2025-12-29 07:49:03,IN
7721,2025-12-29 07:53:34,IN
4364,2025-12-29 07:59:39,IN
1553,2025-12-29 08:00:43,IN
7258,2025-12-29 08:02:27,IN
5024,2025-12-29 08:24:43,IN
1903,2025-12-29 08:29:39,IN
5360,2025-12-29 08:40:27,OUT
6129,2025-12-29 08:41:48,IN
6718,2025-12-29 08:55:52,IN
5360,2025-12-29 08:59:27,IN
6604,2025-12-29 09:06:06,OUT
6465,2025-12-29 09:24:52,OUT
9910,2025-12-29 09:26:32,IN
1125,2025-12-29 09:28:42,OUT
4364,2025-12-29 09:32:39,OUT
5146,2025-12-29 09:34:29,IN
1327,2025-12-29 09:41:03,OUT
1125,2025-12-29 09:46:42,IN
4566,2025-12-29 09:49:47,IN
5009,2025-12-29 09:54:31,OUT
3556,2025-12-29 09:54:32,IN
1327,2025-12-29 09:57:03,IN
2112,2025-12-29 09:57:54,IN
7721,2025-12-29 10:00:34,OUT
6465,2025-12-29 10:22:52,IN
8518,2025-12-29 10:25:02,OUT
4364,2025-12-29 10:25:39,IN
9910,2025-12-29 10:39:32,OUT
8518,2025-12-29 10:41:02,IN
5360,2025-12-29 10:48:27,OUT
1903,2025-12-29 10:48:39,OUT
5009,2025-12-29 10:51:31,IN
6129,2025-12-29 10:53:48,OUT
7721,2025-12-29 10:59:34,IN
5360,2025-12-29 11:03:27,IN
2657,2025-12-29 11:03:44,OUT
7258,2025-12-29 11:09:27,OUT
6718,2025-12-29 11:11:52,OUT
1553,2025-12-29 11:13:43,OUT
7412,2025-12-29 11:17:28,OUT
5024,2025-12-29 11:25:43,OUT
3762,2025-12-29 11:26:09,OUT
1903,2025-12-29 11:31:39,IN
6129,2025-12-29 11:33:48,IN
2657,2025-12-29 11:35:44,IN
9910,2025-12-29 11:39:32,IN
7258,2025-12-29 12:04:27,IN
6718,2025-12-29 12:04:52,IN
7412,2025-12-29 12:07:28,IN
1125,2025-12-29 12:21:42,OUT
5024,2025-12-29 12:22:43,IN
5009,2025-12-29 12:28:31,OUT
6465,2025-12-29 12:32:52,OUT
3556,2025-12-29 12:50:32,OUT
5009,2025-12-29 12:56:31,IN
5146,2025-12-29 13:00:29,OUT
1327,2025-12-29 13:06:03,OUT
2112,2025-12-29 13:18:54,OUT
6465,2025-12-29 13:19:52,IN
3556,2025-12-29 13:22:32,IN
4364,2025-12-29 13:27:39,OUT
7721,2025-12-29 13:28:34,OUT
2112,2025-12-29 13:34:54,IN
9910,2025-12-29 13:36:32,OUT
4566,2025-12-29 13:37:47,OUT
8518,2025-12-29 13:39:02,OUT
1327,2025-12-29 13:49:03,IN
6129,2025-12-29 13:50:48,OUT
5360,2025-12-29 13:53:27,OUT
5024,2025-12-29 13:54:43,OUT
7258,2025-12-29 14:05:27,OUT
9910,2025-12-29 14:25:32,IN
5024,2025-12-29 14:27:43,IN
7258,2025-12-29 14:31:27,IN
1903,2025-12-29 15:19:39,OUT
2112,2025-12-29 15:20:54,OUT
2657,2025-12-29 15:21:44,OUT
6718,2025-12-29 15:39:52,OUT
1327,2025-12-29 15:41:03,OUT
7412,2025-12-29 15:44:28,OUT
1903,2025-12-29 15:56:39,IN
3556,2025-12-29 16:16:32,OUT
2112,2025-12-29 16:16:54,IN
2657,2025-12-29 16:17:44,IN
5009,2025-12-29 16:25:31,OUT
6465,2025-12-29 16:29:52,OUT
7412,2025-12-29 16:34:28,IN
3556,2025-12-29 16:56:32,IN
9910,2025-12-29 17:02:32,OUT
5009,2025-12-29 17:11:31,IN
1903,2025-12-29 17:15:39,OUT
9910,2025-12-29 17:22:32,IN
7258,2025-12-29 17:34:27,OUT
7412,2025-12-29 17:36:28,OUT
2112,2025-12-29 17:53:54,OUT
5024,2025-12-29 18:00:43,OUT
7258,2025-12-29 18:01:27,IN
2657,2025-12-29 18:23:44,OUT
5009,2025-12-29 18:45:31,OUT
5024,2025-12-29 18:47:43,IN
3556,2025-12-29 19:53:32,OUT
7258,2025-12-29 20:25:27,OUT
3556,2025-12-29 20:27:32,IN
5024,2025-12-29 20:38:43,OUT
9910,2025-12-29 21:18:32,OUT
3556,2025-12-30 00:18:32,OUT
5146,2025-12-30 07:00:50,IN
2112,2025-12-30 07:14:10,IN
4566,2025-12-30 07:21:14,IN
7721,2025-12-30 07:29:41,IN
5024,2025-12-30 07:38:00,IN
3640,2025-12-30 07:40:01,IN
1327,2025-12-30 07:41:23,IN
4364,2025-12-30 07:49:44,IN
4566,2025-12-30 08:25:14,OUT
2657,2025-12-30 08:36:45,IN
8834,2025-12-30 08:36:46,IN
3556,2025-12-30 08:50:51,IN
4566,2025-12-30 08:55:14,IN
6827,2025-12-30 09:01:53,IN
6465,2025-12-30 09:11:00,IN
6129,2025-12-30 09:14:47,IN
8518,2025-12-30 09:15:09,IN
5360,2025-12-30 09:19:15,IN
5024,2025-12-30 09:38:00,OUT
3762,2025-12-30 09:48:31,IN
7721,2025-12-30 09:48:41,OUT
5024,2025-12-30 09:54:00,IN
5146,2025-12-30 10:06:50,OUT
3556,2025-12-30 10:06:51,OUT
4566,2025-12-30 10:09:14,OUT
7721,2025-12-30 10:10:41,IN
2657,2025-12-30 10:12:45,OUT
4566,2025-12-30 10:28:14,IN
1327,2025-12-30 10:29:23,OUT
2112,2025-12-30 10:31:10,OUT
6465,2025-12-30 10:33:00,OUT
4364,2025-12-30 10:46:44,OUT
2112,2025-12-30 10:49:10,IN
5146,2025-12-30 10:56:50,IN
3556,2025-12-30 10:56:51,IN
3640,2025-12-30 10:58:01,OUT
2657,2025-12-30 11:09:45,IN
5360,2025-12-30 11:12:15,OUT
4364,2025-12-30 11:19:44,IN
3640,2025-12-30 11:23:01,IN
4566,2025-12-30 11:31:14,OUT
7721,2025-12-30 11:42:41,OUT
4566,2025-12-30 11:52:14,IN
7721,2025-12-30 11:58:41,IN
5024,2025-12-30 12:06:00,OUT
6129,2025-12-30 12:13:47,OUT
8518,2025-12-30 12:14:09,OUT
3762,2025-12-30 12:18:31,OUT
8834,2025-12-30 12:21:46,OUT
6129,2025-12-30 12:34:47,IN
3640,2025-12-30 12:47:01,OUT
8834,2025-12-30 12:47:46,IN
4364,2025-12-30 12:48:44,OUT
6827,2025-12-30 12:58:53,OUT
2657,2025-12-30 13:11:45,OUT
4364,2025-12-30 13:13:44,IN
3556,2025-12-30 13:22:51,OUT
3640,2025-12-30 13:30:01,IN
6827,2025-12-30 13:46:53,IN
4566,2025-12-30 13:47:14,OUT
3556,2025-12-30 13:48:51,IN
7721,2025-12-30 13:53:41,OUT
2112,2025-12-30 13:55:10,OUT
7721,2025-12-30 14:28:41,IN
8834,2025-12-30 14:40:46,OUT
5146,2025-12-30 14:43:50,OUT
5146,2025-12-30 15:05:50,IN
8834,2025-12-30 15:08:46,IN
6129,2025-12-30 15:11:47,OUT
6827,2025-12-30 15:18:53,OUT
6827,2025-12-30 15:39:53,IN
6129,2025-12-30 15:40:47,IN
4364,2025-12-30 15:56:44,OUT
3640,2025-12-30 16:16:01,OUT
6129,2025-12-30 16:51:47,OUT
3556,2025-12-30 17:00:51,OUT
5146,2025-12-30 17:02:50,OUT
7721,2025-12-30 17:15:41,OUT
8834,2025-12-30 17:35:46,OUT
5146,2025-12-30 17:59:50,IN
6827,2025-12-30 18:01:53,OUT
5146,2025-12-30 20:16:50,OUT
6129,2025-12-31 07:17:50,IN
9193,2025-12-31 07:18:53,IN
2112,2025-12-31 07:29:27,IN
5558,2025-12-31 07:30:19,IN
7258,2025-12-31 07:31:15,IN
1903,2025-12-31 07:37:51,IN
4566,2025-12-31 07:52:51,IN
9839,2025-12-31 08:00:15,IN
5009,2025-12-31 08:07:55,IN
1553,2025-12-31 08:18:03,IN
5558,2025-12-31 08:38:19,OUT
5024,2025-12-31 08:43:00,IN
8834,2025-12-31 08:46:34,IN
4364,2025-12-31 08:56:05,IN
3762,2025-12-31 08:57:48,IN
1327,2025-12-31 09:00:02,IN
6465,2025-12-31 09:05:10,IN
5558,2025-12-31 09:15:19,IN
5009,2025-12-31 09:17:55,OUT
8518,2025-12-31 09:30:54,IN
1187,2025-12-31 09:32:14,IN
5976,2025-12-31 09:34:45,IN
7721,2025-12-31 09:46:16,IN
8762,2025-12-31 09:49:33,IN
7412,2025-12-31 09:55:09,IN
6129,2025-12-31 10:02:50,OUT
9193,2025-12-31 10:22:53,OUT
7258,2025-12-31 10:30:15,OUT
9839,2025-12-31 10:35:15,OUT
6465,2025-12-31 10:49:10,OUT
5024,2025-12-31 10:56:00,OUT
2112,2025-12-31 11:05:27,OUT
7258,2025-12-31 11:11:15,IN
1903,2025-12-31 11:12:51,OUT
4566,2025-12-31 11:27:51,OUT
1327,2025-12-31 11:28:02,OUT
2112,2025-12-31 11:32:27,IN
1903,2025-12-31 11:45:51,IN
1553,2025-12-31 11:47:03,OUT
1187,2025-12-31 11:47:14,OUT
4566,2025-12-31 11:47:51,IN
5024,2025-12-31 11:55:00,IN
3762,2025-12-31 12:02:48,OUT
5558,2025-12-31 12:13:19,OUT
8518,2025-12-31 12:17:54,OUT
1553,2025-12-31 12:18:03,IN
3762,2025-12-31 12:21:48,IN
1327,2025-12-31 12:26:02,IN
8834,2025-12-31 12:26:34,OUT
1187,2025-12-31 12:28:14,IN
5976,2025-12-31 12:46:45,OUT
8518,2025-12-31 12:50:54,IN
4364,2025-12-31 12:54:05,OUT
7412,2025-12-31 13:03:09,OUT
5558,2025-12-31 13:03:19,IN
7721,2025-12-31 13:11:16,OUT
8834,2025-12-31 13:12:34,IN
4364,2025-12-31 13:15:05,IN
5976,2025-12-31 13:15:45,IN
8762,2025-12-31 13:24:33,OUT
3762,2025-12-31 13:30:48,OUT
7258,2025-12-31 13:42:15,OUT
8762,2025-12-31 14:03:33,IN
5024,2025-12-31 14:05:00,OUT
5558,2025-12-31 14:07:19,OUT
3762,2025-12-31 14:27:48,IN
7258,2025-12-31 14:32:15,IN
1327,2025-12-31 14:33:02,OUT
4364,2025-12-31 14:54:05,OUT
1553,2025-12-31 14:55:03,OUT
2112,2025-12-31 14:56:27,OUT
4566,2025-12-31 15:02:51,OUT
2112,2025-12-31 15:21:27,IN
1903,2025-12-31 15:27:51,OUT
1187,2025-12-31 15:38:14,OUT
1553,2025-12-31 15:42:03,IN
8518,2025-12-31 15:50:54,OUT
4566,2025-12-31 15:52:51,IN
5976,2025-12-31 15:55:45,OUT
1903,2025-12-31 16:11:51,IN
8834,2025-12-31 16:20:34,OUT
8762,2025-12-31 16:28:33,OUT
5976,2025-12-31 16:38:45,IN
8518,2025-12-31 16:46:54,IN
8834,2025-12-31 16:52:34,IN
7258,2025-12-31 16:59:15,OUT
1553,2025-12-31 17:07:03,OUT
3762,2025-12-31 17:16:48,OUT
5976,2025-12-31 17:49:45,OUT
4566,2025-12-31 17:56:51,OUT
3762,2025-12-31 17:58:48,IN
2112,2025-12-31 18:19:27,OUT
8518,2025-12-31 18:31:54,OUT
4566,2025-12-31 18:50:51,IN
2112,2025-12-31 18:55:27,IN
8834,2025-12-31 19:06:34,OUT
1903,2025-12-31 19:24:51,OUT
8834,2025-12-31 19:50:34,IN
4566,2025-12-31 20:27:51,OUT
2112,2025-12-31 20:38:27,OUT
3762,2025-12-31 21:31:48,OUT
8834,2025-12-31 22:50:34,OUT
8822,2026-01-01 07:13:07,IN
6129,2026-01-01 07:16:18,IN
5976,2026-01-01 07:28:46,IN
6465,2026-01-01 07:47:44,IN
9910,2026-01-01 07:54:19,IN
6827,2026-01-01 08:05:21,IN
3640,2026-01-01 08:08:42,IN
3762,2026-01-01 08:13:08,IN
7258,2026-01-01 08:19:43,IN
8822,2026-01-01 08:21:07,OUT
4763,2026-01-01 08:25:57,IN
8822,2026-01-01 08:41:07,IN
4566,2026-01-01 09:01:14,IN
6129,2026-01-01 09:02:18,OUT
8518,2026-01-01 09:07:38,IN
4364,2026-01-01 09:11:11,IN
7721,2026-01-01 09:11:37,IN
6129,2026-01-01 09:17:18,IN
9910,2026-01-01 09:19:19,OUT
7258,2026-01-01 09:26:43,OUT
6465,2026-01-01 09:29:44,OUT
1327,2026-01-01 09:30:36,IN
2112,2026-01-01 09:49:54,IN
6465,2026-01-01 09:53:44,IN
7258,2026-01-01 10:00:43,IN
9910,2026-01-01 10:11:19,IN
8822,2026-01-01 10:12:07,OUT
4763,2026-01-01 10:21:57,OUT
7721,2026-01-01 10:30:37,OUT
5976,2026-01-01 10:32:46,OUT
6827,2026-01-01 10:37:21,OUT
8822,2026-01-01 10:52:07,IN
8518,2026-01-01 10:55:38,OUT
4763,2026-01-01 10:56:57,IN
5976,2026-01-01 10:58:46,IN
7721,2026-01-01 11:01:37,IN
6827,2026-01-01 11:09:21,IN
7258,2026-01-01 11:15:43,OUT
2112,2026-01-01 11:19:54,OUT
3762,2026-01-01 11:30:08,OUT
7258,2026-01-01 11:31:43,IN
9910,2026-01-01 11:38:19,OUT
6129,2026-01-01 11:42:18,OUT
3640,2026-01-01 12:03:42,OUT
6465,2026-01-01 12:09:44,OUT
4566,2026-01-01 12:14:14,OUT
4364,2026-01-01 12:16:11,OUT
2112,2026-01-01 12:16:54,IN
1327,2026-01-01 12:25:36,OUT
3762,2026-01-01 12:27:08,IN
4566,2026-01-01 12:31:14,IN
3640,2026-01-01 12:31:42,IN
9910,2026-01-01 12:32:19,IN
7721,2026-01-01 13:14:37,OUT
1327,2026-01-01 13:25:36,IN
6827,2026-01-01 13:28:21,OUT
7721,2026-01-01 13:39:37,IN
4566,2026-01-01 13:52:14,OUT
4763,2026-01-01 14:03:57,OUT
8822,2026-01-01 14:17:07,OUT
5976,2026-01-01 14:31:46,OUT
7258,2026-01-01 14:52:43,OUT
8822,2026-01-01 15:00:07,IN
5976,2026-01-01 15:08:46,IN
3762,2026-01-01 15:28:08,OUT
3640,2026-01-01 15:37:42,OUT
9910,2026-01-01 15:44:19,OUT
2112,2026-01-01 15:58:54,OUT
9910,2026-01-01 16:10:19,IN
3762,2026-01-01 16:19:08,IN
3640,2026-01-01 16:19:42,IN
7721,2026-01-01 16:32:37,OUT
1327,2026-01-01 16:43:36,OUT
2112,2026-01-01 16:45:54,IN
7721,2026-01-01 17:21:37,IN
9910,2026-01-01 17:47:19,OUT
2112,2026-01-01 18:03:54,OUT
7721,2026-01-01 18:26:37,OUT
5976,2026-01-01 18:40:46,OUT
8822,2026-01-01 18:54:07,OUT
5976,2026-01-01 18:57:46,IN
3640,2026-01-01 19:38:42,OUT
3762,2026-01-01 19:45:08,OUT
5976,2026-01-01 20:45:46,OUT
3556,2026-01-02 07:14:00,IN
5146,2026-01-02 07:24:19,IN
6465,2026-01-02 07:40:46,IN
3762,2026-01-02 07:47:20,IN
8822,2026-01-02 07:47:30,IN
3640,2026-01-02 08:11:10,IN
6129,2026-01-02 08:25:15,IN
5558,2026-01-02 08:28:33,IN
2112,2026-01-02 08:38:57,IN
6465,2026-01-02 08:58:46,OUT
5976,2026-01-02 09:12:33,IN
6827,2026-01-02 09:15:23,IN
7258,2026-01-02 09:22:00,IN
3640,2026-01-02 09:27:10,OUT
6465,2026-01-02 09:29:46,IN
2112,2026-01-02 09:40:57,OUT
5146,2026-01-02 09:46:19,OUT
4566,2026-01-02 09:46:21,IN
3762,2026-01-02 10:01:20,OUT
5146,2026-01-02 10:18:19,IN
6827,2026-01-02 10:19:23,OUT
3762,2026-01-02 10:23:20,IN
5558,2026-01-02 10:23:33,OUT
2112,2026-01-02 10:29:57,IN
5976,2026-01-02 10:31:33,OUT
8822,2026-01-02 10:39:30,OUT
6827,2026-01-02 10:40:23,IN
5976,2026-01-02 10:48:33,IN
7258,2026-01-02 11:02:00,OUT
3556,2026-01-02 11:03:00,OUT
3556,2026-01-02 11:18:00,IN
5558,2026-01-02 11:22:33,IN
6129,2026-01-02 12:05:15,OUT
3762,2026-01-02 12:14:20,OUT
4566,2026-01-02 12:18:21,OUT
6465,2026-01-02 12:22:46,OUT
5146,2026-01-02 12:31:19,OUT
3762,2026-01-02 12:32:20,IN
4566,2026-01-02 12:46:21,IN
6129,2026-01-02 12:54:15,IN
6465,2026-01-02 13:10:46,IN
5976,2026-01-02 13:21:33,OUT
6827,2026-01-02 13:28:23,OUT
5976,2026-01-02 13:37:33,IN
4566,2026-01-02 14:01:21,OUT
2112,2026-01-02 14:02:57,OUT
3762,2026-01-02 14:14:20,OUT
5558,2026-01-02 14:24:33,OUT
6129,2026-01-02 14:38:15,OUT
4566,2026-01-02 14:44:21,IN
3556,2026-01-02 14:54:00,OUT
3762,2026-01-02 14:55:20,IN
4566,2026-01-02 16:06:21,OUT
6465,2026-01-02 16:16:46,OUT
4566,2026-01-02 16:33:21,IN
5976,2026-01-02 16:34:33,OUT
5976,2026-01-02 17:07:33,IN
5976,2026-01-02 18:37:33,OUT
3762,2026-01-02 18:40:20,OUT
4566,2026-01-02 19:26:21,OUT
8518,2026-01-05 07:02:11,IN
9910,2026-01-05 07:15:56,IN
7412,2026-01-05 07:29:39,IN
4364,2026-01-05 07:45:34,IN
3556,2026-01-05 07:47:56,IN
1125,2026-01-05 08:00:36,IN
5146,2026-01-05 08:14:30,IN
1553,2026-01-05 08:14:59,IN
7721,2026-01-05 08:33:24,IN
6129,2026-01-05 08:39:22,IN
4054,2026-01-05 08:42:09,IN
2112,2026-01-05 08:44:26,IN
6465,2026-01-05 08:45:09,IN
1327,2026-01-05 08:50:57,IN
3556,2026-01-05 09:22:56,OUT
7258,2026-01-05 09:39:06,IN
3640,2026-01-05 09:40:06,IN
5558,2026-01-05 09:40:50,IN
3762,2026-01-05 09:44:10,IN
5146,2026-01-05 09:51:30,OUT
4364,2026-01-05 09:59:34,OUT
8518,2026-01-05 10:09:11,OUT
1553,2026-01-05 10:11:59,OUT
6129,2026-01-05 10:16:22,OUT
5146,2026-01-05 10:18:30,IN
3556,2026-01-05 10:20:56,IN
7412,2026-01-05 10:22:39,OUT
4364,2026-01-05 10:26:34,IN
9910,2026-01-05 10:41:56,OUT
1553,2026-01-05 10:45:59,IN
6129,2026-01-05 11:02:22,IN
8518,2026-01-05 11:06:11,IN
7412,2026-01-05 11:06:39,IN
9910,2026-01-05 11:10:56,IN
5558,2026-01-05 11:19:50,OUT
2112,2026-01-05 11:35:26,OUT
7721,2026-01-05 11:37:24,OUT
4054,2026-01-05 11:38:09,OUT
1327,2026-01-05 11:42:57,OUT
1125,2026-01-05 11:47:36,OUT
1553,2026-01-05 11:48:59,OUT
5558,2026-01-05 12:02:50,IN
4364,2026-01-05 12:03:34,OUT
1327,2026-01-05 12:06:57,IN
2112,2026-01-05 12:17:26,IN
4054,2026-01-05 12:18:09,IN
6465,2026-01-05 12:18:09,OUT
1553,2026-01-05 12:35:59,IN
1125,2026-01-05 12:47:36,IN
5146,2026-01-05 12:52:30,OUT
3640,2026-01-05 13:03:06,OUT
7258,2026-01-05 13:11:06,OUT
6465,2026-01-05 13:16:09,IN
7412,2026-01-05 13:17:39,OUT
3640,2026-01-05 13:21:06,IN
7258,2026-01-05 13:27:06,IN
5146,2026-01-05 13:32:30,IN
3762,2026-01-05 13:33:10,OUT
9910,2026-01-05 13:34:56,OUT
2112,2026-01-05 13:35:26,OUT
7412,2026-01-05 13:42:39,IN
3556,2026-01-05 13:47:56,OUT
8518,2026-01-05 13:55:11,OUT
1125,2026-01-05 13:56:36,OUT
3556,2026-01-05 14:06:56,IN
8518,2026-01-05 14:14:11,IN
9910,2026-01-05 14:21:56,IN
4054,2026-01-05 14:22:09,OUT
2112,2026-01-05 14:32:26,IN
7412,2026-01-05 14:54:39,OUT
1553,2026-01-05 14:56:59,OUT
6129,2026-01-05 14:59:22,OUT
4054,2026-01-05 15:01:09,IN
5558,2026-01-05 15:15:50,OUT
7412,2026-01-05 15:28:39,IN
3640,2026-01-05 15:40:06,OUT
2112,2026-01-05 15:40:26,OUT
1327,2026-01-05 15:46:57,OUT
8518,2026-01-05 15:49:11,OUT
6129,2026-01-05 15:51:22,IN
7258,2026-01-05 15:57:06,OUT
5558,2026-01-05 16:02:50,IN
2112,2026-01-05 16:22:26,IN
7258,2026-01-05 16:25:06,IN
5146,2026-01-05 16:26:30,OUT
9910,2026-01-05 16:29:56,OUT
8518,2026-01-05 16:33:11,IN
3556,2026-01-05 16:33:56,OUT
6465,2026-01-05 16:44:09,OUT
6465,2026-01-05 17:02:09,IN
9910,2026-01-05 17:05:56,IN
4054,2026-01-05 17:09:09,OUT
5558,2026-01-05 17:22:50,OUT
6129,2026-01-05 17:23:22,OUT
2112,2026-01-05 17:29:26,OUT
6129,2026-01-05 17:38:22,IN
5558,2026-01-05 18:08:50,IN
7412,2026-01-05 18:31:39,OUT
8518,2026-01-05 19:22:11,OUT
6465,2026-01-05 19:26:09,OUT
7258,2026-01-05 19:27:06,OUT
6129,2026-01-05 20:23:22,OUT
9910,2026-01-05 20:24:56,OUT
5558,2026-01-05 21:02:50,OUT
4054,2026-01-06 07:39:23,IN
4763,2026-01-06 07:57:45,IN
3762,2026-01-06 08:00:35,IN
5146,2026-01-06 08:00:48,IN
8518,2026-01-06 08:04:04,IN
6129,2026-01-06 08:12:00,IN
3640,2026-01-06 08:13:49,IN
7721,2026-01-06 08:22:34,IN
2112,2026-01-06 08:40:56,IN
4763,2026-01-06 09:09:45,OUT
4054,2026-01-06 09:11:23,OUT
5146,2026-01-06 09:15:48,OUT
6129,2026-01-06 09:17:00,OUT
3640,2026-01-06 09:19:49,OUT
8518,2026-01-06 09:22:04,OUT
1903,2026-01-06 09:26:37,IN
8565,2026-01-06 09:27:11,IN
4566,2026-01-06 09:30:09,IN
8822,2026-01-06 09:34:33,IN
7258,2026-01-06 09:36:12,IN
8518,2026-01-06 09:44:04,IN
1187,2026-01-06 09:49:30,IN
4763,2026-01-06 09:51:45,IN
1327,2026-01-06 09:52:59,IN
4364,2026-01-06 09:55:43,IN
5146,2026-01-06 10:00:48,IN
2112,2026-01-06 10:01:56,OUT
6129,2026-01-06 10:02:00,IN
3640,2026-01-06 10:11:49,IN
8565,2026-01-06 10:32:11,OUT
1903,2026-01-06 10:49:37,OUT
7721,2026-01-06 11:04:34,OUT
1327,2026-01-06 11:06:59,OUT
1187,2026-01-06 11:16:30,OUT
8822,2026-01-06 11:22:33,OUT
4763,2026-01-06 11:22:45,OUT
1903,2026-01-06 11:26:37,IN
1327,2026-01-06 11:40:59,IN
3762,2026-01-06 11:48:35,OUT
4566,2026-01-06 11:49:09,OUT
4364,2026-01-06 11:52:43,OUT
7721,2026-01-06 12:04:34,IN
5146,2026-01-06 12:04:48,OUT
1187,2026-01-06 12:13:30,IN
4364,2026-01-06 12:14:43,IN
4566,2026-01-06 12:15:09,IN
7258,2026-01-06 12:23:12,OUT
6129,2026-01-06 12:29:00,OUT
7258,2026-01-06 12:47:12,IN
6129,2026-01-06 12:49:00,IN
8518,2026-01-06 12:52:04,OUT
1903,2026-01-06 13:23:37,OUT
1327,2026-01-06 13:40:59,OUT
8518,2026-01-06 13:42:04,IN
3640,2026-01-06 13:43:49,OUT
1903,2026-01-06 13:48:37,IN
3640,2026-01-06 14:23:49,IN
6129,2026-01-06 14:44:00,OUT
1187,2026-01-06 14:49:30,OUT
7258,2026-01-06 14:53:12,OUT
7721,2026-01-06 15:11:34,OUT
8518,2026-01-06 15:15:04,OUT
1187,2026-01-06 15:25:30,IN
7258,2026-01-06 15:37:12,IN
4364,2026-01-06 15:58:43,OUT
4566,2026-01-06 16:09:09,OUT
4364,2026-01-06 16:45:43,IN
4566,2026-01-06 16:49:09,IN
1903,2026-01-06 17:05:37,OUT
1187,2026-01-06 17:21:30,OUT
1903,2026-01-06 17:39:37,IN
1187,2026-01-06 18:02:30,IN
3640,2026-01-06 18:03:49,OUT
4566,2026-01-06 18:24:09,OUT
4364,2026-01-06 19:05:43,OUT
7258,2026-01-06 19:13:12,OUT
4364,2026-01-06 19:38:43,IN
1187,2026-01-06 19:55:30,OUT
7258,2026-01-06 20:02:12,IN
1903,2026-01-06 20:56:37,OUT
7258,2026-01-06 21:54:12,OUT
4364,2026-01-06 22:17:43,OUT
1553,2026-01-07 07:03:12,IN
3640,2026-01-07 07:12:43,IN
8565,2026-01-07 07:15:33,IN
6827,2026-01-07 07:33:59,IN
4566,2026-01-07 07:34:50,IN
7412,2026-01-07 07:45:37,IN
7721,2026-01-07 07:54:27,IN
6465,2026-01-07 07:58:18,IN
1553,2026-01-07 08:08:12,OUT
6604,2026-01-07 08:21:49,IN
5976,2026-01-07 08:36:10,IN
8565,2026-01-07 08:38:33,OUT
3762,2026-01-07 08:42:49,IN
1327,2026-01-07 08:45:35,IN
1187,2026-01-07 08:58:32,IN
9910,2026-01-07 09:06:21,IN
2657,2026-01-07 09:15:45,IN
8518,2026-01-07 09:15:47,IN
8565,2026-01-07 09:20:33,IN
7412,2026-01-07 09:26:37,OUT
6129,2026-01-07 09:40:43,IN
3556,2026-01-07 09:46:12,IN
5976,2026-01-07 09:48:10,OUT
7258,2026-01-07 09:48:45,IN
2112,2026-01-07 09:50:14,IN
4364,2026-01-07 09:54:29,IN
5976,2026-01-07 10:13:10,IN
1187,2026-01-07 10:14:32,OUT
7721,2026-01-07 10:15:27,OUT
6827,2026-01-07 10:15:59,OUT
2657,2026-01-07 10:27:45,OUT
4566,2026-01-07 10:33:50,OUT
7721,2026-01-07 10:34:27,IN
1187,2026-01-07 10:34:32,IN
3762,2026-01-07 11:06:49,OUT
6465,2026-01-07 11:10:18,OUT
6129,2026-01-07 11:10:43,OUT
3640,2026-01-07 11:11:43,OUT
8518,2026-01-07 11:16:47,OUT
4566,2026-01-07 11:31:50,IN
1327,2026-01-07 11:37:35,OUT
2112,2026-01-07 11:39:14,OUT
6604,2026-01-07 11:40:49,OUT
3640,2026-01-07 11:54:43,IN
8518,2026-01-07 12:12:47,IN
8565,2026-01-07 12:21:33,OUT
1327,2026-01-07 12:34:35,IN
4566,2026-01-07 12:34:50,OUT
2112,2026-01-07 12:37:14,IN
9910,2026-01-07 12:41:21,OUT
4364,2026-01-07 12:42:29,OUT
3556,2026-01-07 12:48:12,OUT
7721,2026-01-07 12:57:27,OUT
9910,2026-01-07 12:59:21,IN
4566,2026-01-07 13:12:50,IN
3556,2026-01-07 13:16:12,IN
8565,2026-01-07 13:19:33,IN
4364,2026-01-07 13:29:29,IN
5976,2026-01-07 13:44:10,OUT
7258,2026-01-07 13:44:45,OUT
7258,2026-01-07 14:18:45,IN
1187,2026-01-07 14:26:32,OUT
4566,2026-01-07 14:35:50,OUT
3640,2026-01-07 14:43:43,OUT
8518,2026-01-07 14:54:47,OUT
1187,2026-01-07 15:13:32,IN
3640,2026-01-07 15:20:43,IN
1327,2026-01-07 15:23:35,OUT
2112,2026-01-07 15:30:14,OUT
9910,2026-01-07 15:55:21,OUT
2112,2026-01-07 15:57:14,IN
1327,2026-01-07 15:59:35,IN
4364,2026-01-07 16:15:29,OUT
8565,2026-01-07 16:17:33,OUT
3556,2026-01-07 16:18:12,OUT
9910,2026-01-07 16:42:21,IN
4364,2026-01-07 16:53:29,IN
3556,2026-01-07 17:02:12,IN
7258,2026-01-07 17:30:45,OUT
4364,2026-01-07 18:29:29,OUT
3640,2026-01-07 18:36:43,OUT
1187,2026-01-07 18:50:32,OUT
3556,2026-01-07 18:55:12,OUT
2112,2026-01-07 18:57:14,OUT
2112,2026-01-07 19:14:14,IN
3556,2026-01-07 19:21:12,IN
3640,2026-01-07 19:34:43,IN
1327,2026-01-07 19:47:35,OUT
9910,2026-01-07 19:54:21,OUT
9910,2026-01-07 20:32:21,IN
1327,2026-01-07 20:42:35,IN
3640,2026-01-07 20:50:43,OUT
3556,2026-01-07 21:51:12,OUT
2112,2026-01-07 21:56:14,OUT
9910,2026-01-07 23:04:21,OUT
1327,2026-01-07 23:06:35,OUT
9910,2026-01-08 07:05:29,IN
5558,2026-01-08 07:12:22,IN
4364,2026-01-08 07:24:00,IN
6129,2026-01-08 07:24:12,IN
3640,2026-01-08 07:27:51,IN
7721,2026-01-08 07:32:07,IN
2112,2026-01-08 07:32:56,IN
6465,2026-01-08 07:49:26,IN
4566,2026-01-08 07:53:23,IN
1187,2026-01-08 07:53:51,IN
5146,2026-01-08 07:56:55,IN
3762,2026-01-08 08:08:00,IN
8518,2026-01-08 08:11:27,IN
6129,2026-01-08 08:31:12,OUT
1553,2026-01-08 08:46:25,IN
8822,2026-01-08 08:49:27,IN
1125,2026-01-08 08:52:49,IN
4566,2026-01-08 09:03:23,OUT
1327,2026-01-08 09:09:34,IN
4364,2026-01-08 09:12:00,OUT
6129,2026-01-08 09:15:12,IN
6718,2026-01-08 09:22:25,IN
7258,2026-01-08 09:24:06,IN
4566,2026-01-08 09:38:23,IN
5558,2026-01-08 09:57:22,OUT
1187,2026-01-08 09:59:51,OUT
3640,2026-01-08 10:10:51,OUT
2112,2026-01-08 10:21:56,OUT
7258,2026-01-08 10:33:06,OUT
9910,2026-01-08 10:35:29,OUT
6129,2026-01-08 10:36:12,OUT
8518,2026-01-08 10:41:27,OUT
5558,2026-01-08 10:48:22,IN
3640,2026-01-08 10:51:51,IN
8822,2026-01-08 10:53:27,OUT
8518,2026-01-08 11:02:27,IN
7721,2026-01-08 11:10:07,OUT
9910,2026-01-08 11:10:29,IN
6465,2026-01-08 11:13:26,OUT
1553,2026-01-08 11:18:25,OUT
6129,2026-01-08 11:19:12,IN
7258,2026-01-08 11:29:06,IN
5146,2026-01-08 11:44:55,OUT
6465,2026-01-08 11:45:26,IN
8822,2026-01-08 11:49:27,IN
3762,2026-01-08 11:50:00,OUT
4566,2026-01-08 12:08:23,OUT
1553,2026-01-08 12:10:25,IN
1125,2026-01-08 12:10:49,OUT
8518,2026-01-08 12:14:27,OUT
5146,2026-01-08 12:34:55,IN
4566,2026-01-08 12:37:23,IN
3762,2026-01-08 12:44:00,IN
1125,2026-01-08 12:48:49,IN
3640,2026-01-08 12:54:51,OUT
6718,2026-01-08 12:55:25,OUT
1327,2026-01-08 12:58:34,OUT
6129,2026-01-08 12:59:12,OUT
1553,2026-01-08 13:11:25,OUT
3640,2026-01-08 13:26:51,IN
6129,2026-01-08 13:38:12,IN
1327,2026-01-08 13:42:34,IN
5558,2026-01-08 13:45:22,OUT
6718,2026-01-08 13:49:25,IN
7258,2026-01-08 14:13:06,OUT
4566,2026-01-08 14:18:23,OUT
9910,2026-01-08 14:26:29,OUT
6465,2026-01-08 14:30:26,OUT
7258,2026-01-08 14:38:06,IN
4566,2026-01-08 14:59:23,IN
6465,2026-01-08 15:00:26,IN
8822,2026-01-08 15:01:27,OUT
5146,2026-01-08 15:02:55,OUT
1125,2026-01-08 15:35:49,OUT
8822,2026-01-08 15:49:27,IN
3762,2026-01-08 15:52:00,OUT
5146,2026-01-08 15:55:55,IN
1125,2026-01-08 15:56:49,IN
3762,2026-01-08 16:24:00,IN
1327,2026-01-08 16:34:34,OUT
6129,2026-01-08 16:38:12,OUT
6465,2026-01-08 16:47:26,OUT
1327,2026-01-08 17:02:34,IN
6465,2026-01-08 17:03:26,IN
3640,2026-01-08 17:10:51,OUT
8822,2026-01-08 17:28:27,OUT
6718,2026-01-08 17:41:25,OUT
4566,2026-01-08 18:02:23,OUT
8822,2026-01-08 18:19:27,IN
7258,2026-01-08 18:25:06,OUT
6718,2026-01-08 18:34:25,IN
1327,2026-01-08 18:38:34,OUT
1327,2026-01-08 19:00:34,IN
5146,2026-01-08 19:16:55,OUT
3762,2026-01-08 19:48:00,OUT
1125,2026-01-08 19:51:49,OUT
6465,2026-01-08 20:52:26,OUT
1327,2026-01-08 20:57:34,OUT
8822,2026-01-08 21:00:27,OUT
6718,2026-01-08 21:31:25,OUT
6718,2026-01-08 22:24:25,IN
6718,2026-01-09 02:04:25,OUT
4566,2026-01-09 07:35:11,IN
4364,2026-01-09 07:57:41,IN
8565,2026-01-09 07:58:21,IN
8822,2026-01-09 08:03:17,IN
3762,2026-01-09 08:16:08,IN
1327,2026-01-09 08:26:04,IN
6129,2026-01-09 08:29:59,IN
3640,2026-01-09 08:37:17,IN
7258,2026-01-09 08:40:38,IN
8518,2026-01-09 08:47:47,IN
2112,2026-01-09 08:50:52,IN
5976,2026-01-09 09:14:45,IN
1903,2026-01-09 09:30:34,IN
7721,2026-01-09 09:32:50,IN
6465,2026-01-09 09:34:02,IN
4566,2026-01-09 09:47:11,OUT
9193,2026-01-09 09:54:26,IN
6827,2026-01-09 09:56:50,IN
4364,2026-01-09 10:04:41,OUT
8822,2026-01-09 10:07:17,OUT
1327,2026-01-09 10:13:04,OUT
3762,2026-01-09 10:13:08,OUT
4566,2026-01-09 10:23:11,IN
8822,2026-01-09 10:24:17,IN
3762,2026-01-09 10:34:08,IN
8565,2026-01-09 10:35:21,OUT
8518,2026-01-09 10:48:47,OUT
6129,2026-01-09 10:52:59,OUT
3640,2026-01-09 11:05:17,OUT
2112,2026-01-09 11:06:52,OUT
8518,2026-01-09 11:08:47,IN
6129,2026-01-09 11:08:59,IN
1327,2026-01-09 11:09:04,IN
8565,2026-01-09 11:13:21,IN
7258,2026-01-09 11:21:38,OUT
2112,2026-01-09 11:29:52,IN
6827,2026-01-09 11:54:50,OUT
7721,2026-01-09 12:05:50,OUT
9193,2026-01-09 12:18:26,OUT
6129,2026-01-09 12:30:59,OUT
8518,2026-01-09 12:53:47,OUT
9193,2026-01-09 12:57:26,IN
5976,2026-01-09 12:59:45,OUT
7721,2026-01-09 13:03:50,IN
6465,2026-01-09 13:19:02,OUT
6129,2026-01-09 13:25:59,IN
1903,2026-01-09 13:26:34,OUT
6465,2026-01-09 13:42:02,IN
5976,2026-01-09 13:46:45,IN
1903,2026-01-09 13:47:34,IN
8822,2026-01-09 14:02:17,OUT
8565,2026-01-09 14:03:21,OUT
4566,2026-01-09 14:13:11,OUT
3762,2026-01-09 14:16:08,OUT
1327,2026-01-09 14:27:04,OUT
8822,2026-01-09 14:32:17,IN
9193,2026-01-09 14:47:26,OUT
2112,2026-01-09 14:50:52,OUT
3762,2026-01-09 14:58:08,IN
9193,2026-01-09 15:02:26,IN
8565,2026-01-09 15:03:21,IN
6129,2026-01-09 15:31:59,OUT
2112,2026-01-09 15:40:52,IN
6129,2026-01-09 15:47:59,IN
7721,2026-01-09 16:01:50,OUT
6465,2026-01-09 16:07:02,OUT
5976,2026-01-09 16:07:45,OUT
9193,2026-01-09 16:16:26,OUT
3762,2026-01-09 16:31:08,OUT
7721,2026-01-09 16:31:50,IN
9193,2026-01-09 16:39:26,IN
8565,2026-01-09 16:40:21,OUT
5976,2026-01-09 16:48:45,IN
6465,2026-01-09 17:01:02,IN
1903,2026-01-09 17:10:34,OUT
1903,2026-01-09 17:30:34,IN
6129,2026-01-09 17:56:59,OUT
8822,2026-01-09 18:06:17,OUT
5976,2026-01-09 18:14:45,OUT
2112,2026-01-09 18:14:52,OUT
8822,2026-01-09 18:58:17,IN
6465,2026-01-09 19:07:02,OUT
9193,2026-01-09 19:08:26,OUT
2112,2026-01-09 19:11:52,IN
1903,2026-01-09 19:25:34,OUT
7721,2026-01-09 20:12:50,OUT
2112,2026-01-09 20:12:52,OUT
7721,2026-01-09 20:42:50,IN
8822,2026-01-09 22:43:17,OUT
7721,2026-01-09 23:21:50,OUT
1125,2026-01-12 07:00:26,IN
6129,2026-01-12 07:03:31,IN
3762,2026-01-12 07:06:17,IN
7258,2026-01-12 07:18:43,IN
6465,2026-01-12 07:42:58,IN
3640,2026-01-12 07:53:13,IN
4364,2026-01-12 08:09:26,IN
7258,2026-01-12 08:39:43,OUT
8518,2026-01-12 08:44:14,IN
2112,2026-01-12 08:50:32,IN
8822,2026-01-12 08:50:57,IN
7721,2026-01-12 08:55:48,IN
7258,2026-01-12 09:25:43,IN
4566,2026-01-12 09:26:47,IN
1327,2026-01-12 09:37:05,IN
3640,2026-01-12 09:46:13,OUT
8518,2026-01-12 09:47:14,OUT
8822,2026-01-12 09:54:57,OUT
7412,2026-01-12 09:55:51,IN
2112,2026-01-12 10:06:32,OUT
8822,2026-01-12 10:14:57,IN
2112,2026-01-12 10:33:32,IN
3640,2026-01-12 10:39:13,IN
3762,2026-01-12 10:48:17,OUT
1125,2026-01-12 10:51:26,OUT
6129,2026-01-12 10:59:31,OUT
7258,2026-01-12 11:07:43,OUT
4364,2026-01-12 11:15:26,OUT
6465,2026-01-12 11:20:58,OUT
7258,2026-01-12 11:23:43,IN
1327,2026-01-12 11:28:05,OUT
1327,2026-01-12 11:45:05,IN
3762,2026-01-12 11:45:17,IN
4364,2026-01-12 11:53:26,IN
6129,2026-01-12 11:58:31,IN
4566,2026-01-12 12:00:47,OUT
4566,2026-01-12 12:19:47,IN
6465,2026-01-12 12:19:58,IN
7258,2026-01-12 12:39:43,OUT
7721,2026-01-12 12:45:48,OUT
8822,2026-01-12 13:08:57,OUT
7412,2026-01-12 13:13:51,OUT
2112,2026-01-12 13:34:32,OUT
4566,2026-01-12 13:41:47,OUT
7412,2026-01-12 13:47:51,IN
8822,2026-01-12 13:55:57,IN
6129,2026-01-12 14:02:31,OUT
3762,2026-01-12 14:05:17,OUT
3640,2026-01-12 14:28:13,OUT
4566,2026-01-12 14:28:47,IN
1327,2026-01-12 14:29:05,OUT
6129,2026-01-12 14:42:31,IN
3762,2026-01-12 14:59:17,IN
3640,2026-01-12 15:16:13,IN
6465,2026-01-12 15:19:58,OUT
4364,2026-01-12 15:50:26,OUT
4566,2026-01-12 16:03:47,OUT
6129,2026-01-12 16:27:31,OUT
4566,2026-01-12 16:58:47,IN
3640,2026-01-12 17:06:13,OUT
6129,2026-01-12 17:25:31,IN
8822,2026-01-12 17:42:57,OUT
7412,2026-01-12 17:45:51,OUT
4566,2026-01-12 18:03:47,OUT
7412,2026-01-12 18:07:51,IN
3762,2026-01-12 18:40:17,OUT
7412,2026-01-12 20:52:51,OUT
6129,2026-01-12 20:55:31,OUT
7412,2026-01-12 21:33:51,IN
7412,2026-01-13 00:43:51,OUT
6465,2026-01-13 07:13:53,IN
1327,2026-01-13 07:21:35,IN
3762,2026-01-13 07:47:43,IN
3556,2026-01-13 08:10:41,IN
1903,2026-01-13 08:22:02,IN
5146,2026-01-13 08:28:27,IN
7721,2026-01-13 08:47:17,IN
1553,2026-01-13 08:57:10,IN
3640,2026-01-13 09:05:27,IN
6827,2026-01-13 09:05:36,IN
4566,2026-01-13 09:13:24,IN
6129,2026-01-13 09:23:05,IN
1187,2026-01-13 09:28:17,IN
4054,2026-01-13 09:29:27,IN
7412,2026-01-13 09:32:48,IN
1125,2026-01-13 09:33:45,IN
4364,2026-01-13 09:38:56,IN
2112,2026-01-13 09:41:52,IN
6465,2026-01-13 09:44:53,OUT
3762,2026-01-13 09:46:43,OUT
7258,2026-01-13 09:57:48,IN
6718,2026-01-13 09:57:55,IN
3762,2026-01-13 10:05:43,IN
7721,2026-01-13 10:11:17,OUT
3640,2026-01-13 10:15:27,OUT
1125,2026-01-13 10:36:45,OUT
5146,2026-01-13 10:39:27,OUT
2112,2026-01-13 10:55:52,OUT
7721,2026-01-13 10:57:17,IN
5146,2026-01-13 10:57:27,IN
1327,2026-01-13 10:58:35,OUT
3640,2026-01-13 11:01:27,IN
1903,2026-01-13 11:13:02,OUT
3556,2026-01-13 11:15:41,OUT
7412,2026-01-13 11:15:48,OUT
6718,2026-01-13 11:23:55,OUT
1327,2026-01-13 11:26:35,IN
7412,2026-01-13 11:34:48,IN
1553,2026-01-13 11:35:10,OUT
1125,2026-01-13 11:36:45,IN
4364,2026-01-13 11:39:56,OUT
6718,2026-01-13 11:42:55,IN
2112,2026-01-13 11:43:52,IN
1903,2026-01-13 11:44:02,IN
3556,2026-01-13 11:44:41,IN
1187,2026-01-13 11:59:17,OUT
1553,2026-01-13 12:02:10,IN
6129,2026-01-13 12:06:05,OUT
6827,2026-01-13 12:12:36,OUT
4054,2026-01-13 12:17:27,OUT
6129,2026-01-13 12:27:05,IN
3762,2026-01-13 12:37:43,OUT
1187,2026-01-13 12:38:17,IN
4054,2026-01-13 12:41:27,IN
6827,2026-01-13 12:54:36,IN
7258,2026-01-13 12:58:48,OUT
4566,2026-01-13 13:00:24,OUT
7412,2026-01-13 13:19:48,OUT
7721,2026-01-13 13:22:17,OUT
2112,2026-01-13 13:39:52,OUT
7721,2026-01-13 13:46:17,IN
6718,2026-01-13 14:04:55,OUT
7412,2026-01-13 14:07:48,IN
5146,2026-01-13 14:16:27,OUT
1125,2026-01-13 14:22:45,OUT
1327,2026-01-13 14:25:35,OUT
1903,2026-01-13 14:41:02,OUT
3556,2026-01-13 14:41:41,OUT
1125,2026-01-13 14:41:45,IN
1553,2026-01-13 14:49:10,OUT
4054,2026-01-13 14:56:27,OUT
3640,2026-01-13 14:58:27,OUT
5146,2026-01-13 15:00:27,IN
1903,2026-01-13 15:01:02,IN
1327,2026-01-13 15:07:35,IN
7721,2026-01-13 15:17:17,OUT
1187,2026-01-13 15:26:17,OUT
4054,2026-01-13 15:45:27,IN
6827,2026-01-13 15:45:36,OUT
3640,2026-01-13 15:54:27,IN
7721,2026-01-13 15:55:17,IN
6129,2026-01-13 16:19:05,OUT
7412,2026-01-13 16:35:48,OUT
6827,2026-01-13 16:41:36,IN
1125,2026-01-13 17:00:45,OUT
6129,2026-01-13 17:05:05,IN
1903,2026-01-13 17:14:02,OUT
5146,2026-01-13 17:21:27,OUT
1903,2026-01-13 17:33:02,IN
1327,2026-01-13 17:33:35,OUT
4054,2026-01-13 17:49:27,OUT
7721,2026-01-13 18:03:17,OUT
3640,2026-01-13 18:34:27,OUT
4054,2026-01-13 18:41:27,IN
6129,2026-01-13 18:58:05,OUT
3640,2026-01-13 19:28:27,IN
1903,2026-01-13 19:32:02,OUT
6827,2026-01-13 20:22:36,OUT
4054,2026-01-13 20:35:27,OUT
6827,2026-01-13 20:56:36,IN
3640,2026-01-13 21:36:27,OUT
6827,2026-01-13 23:30:36,OUT
3762,2026-01-14 07:08:49,IN
4566,2026-01-14 07:18:25,IN
6465,2026-01-14 07:35:53,IN
4364,2026-01-14 07:36:50,IN
5976,2026-01-14 07:44:25,IN
7258,2026-01-14 07:50:40,IN
5558,2026-01-14 07:52:54,IN
3640,2026-01-14 08:00:31,IN
5146,2026-01-14 08:17:03,IN
9193,2026-01-14 08:23:15,IN
1903,2026-01-14 08:35:06,IN
6465,2026-01-14 08:51:53,OUT
8518,2026-01-14 08:56:04,IN
6129,2026-01-14 09:03:54,IN
7721,2026-01-14 09:13:24,IN
3762,2026-01-14 09:20:49,OUT
4566,2026-01-14 09:21:25,OUT
5976,2026-01-14 09:23:25,OUT
4364,2026-01-14 09:26:50,OUT
6465,2026-01-14 09:26:53,IN
8822,2026-01-14 09:29:19,IN
8565,2026-01-14 09:29:44,IN
5558,2026-01-14 09:43:54,OUT
1327,2026-01-14 09:48:53,IN
3640,2026-01-14 09:51:31,OUT
3762,2026-01-14 09:52:49,IN
4364,2026-01-14 10:04:50,IN
5558,2026-01-14 10:13:54,IN
4566,2026-01-14 10:16:25,IN
5976,2026-01-14 10:18:25,IN
3640,2026-01-14 10:26:31,IN
5146,2026-01-14 10:29:03,OUT
9193,2026-01-14 10:36:15,OUT
6129,2026-01-14 10:55:54,OUT
1903,2026-01-14 10:58:06,OUT
9193,2026-01-14 11:01:15,IN
7258,2026-01-14 11:06:40,OUT
5146,2026-01-14 11:14:03,IN
6129,2026-01-14 11:26:54,IN
3762,2026-01-14 11:31:49,OUT
8518,2026-01-14 11:43:04,OUT
1903,2026-01-14 11:47:06,IN
8565,2026-01-14 11:49:44,OUT
4566,2026-01-14 11:54:25,OUT
3640,2026-01-14 11:55:31,OUT
8518,2026-01-14 12:01:04,IN
3762,2026-01-14 12:11:49,IN
6465,2026-01-14 12:17:53,OUT
3640,2026-01-14 12:18:31,IN
4566,2026-01-14 12:19:25,IN
4364,2026-01-14 12:21:50,OUT
8565,2026-01-14 12:25:44,IN
1327,2026-01-14 12:25:53,OUT
5976,2026-01-14 12:30:25,OUT
7721,2026-01-14 12:41:24,OUT
1327,2026-01-14 12:52:53,IN
4364,2026-01-14 13:03:50,IN
7721,2026-01-14 13:05:24,IN
6465,2026-01-14 13:05:53,IN
5146,2026-01-14 13:15:03,OUT
8518,2026-01-14 13:19:04,OUT
3762,2026-01-14 13:20:49,OUT
8822,2026-01-14 13:23:19,OUT
5976,2026-01-14 13:26:25,IN
1903,2026-01-14 13:32:06,OUT
9193,2026-01-14 13:49:15,OUT
1903,2026-01-14 13:51:06,IN
5558,2026-01-14 13:53:54,OUT
3762,2026-01-14 14:01:49,IN
8565,2026-01-14 14:05:44,OUT
7721,2026-01-14 14:13:24,OUT
8518,2026-01-14 14:14:04,IN
8822,2026-01-14 14:17:19,IN
9193,2026-01-14 14:30:15,IN
4364,2026-01-14 14:31:50,OUT
6129,2026-01-14 14:32:54,OUT
7721,2026-01-14 14:43:24,IN
1327,2026-01-14 15:01:53,OUT
8565,2026-01-14 15:03:44,IN
3640,2026-01-14 15:09:31,OUT
6129,2026-01-14 15:21:54,IN
8822,2026-01-14 15:37:19,OUT
8518,2026-01-14 15:43:04,OUT
7721,2026-01-14 15:52:24,OUT
5976,2026-01-14 15:55:25,OUT
1903,2026-01-14 16:01:06,OUT
4566,2026-01-14 16:14:25,OUT
9193,2026-01-14 16:31:15,OUT
5976,2026-01-14 16:34:25,IN
6465,2026-01-14 16:34:53,OUT
6465,2026-01-14 17:04:53,IN
3762,2026-01-14 17:08:49,OUT
9193,2026-01-14 17:29:15,IN
5976,2026-01-14 17:51:25,OUT
8565,2026-01-14 18:23:44,OUT
6129,2026-01-14 18:36:54,OUT
6129,2026-01-14 19:09:54,IN
6465,2026-01-14 19:43:53,OUT
9193,2026-01-14 20:32:15,OUT
6129,2026-01-14 21:59:54,OUT
8518,2026-01-15 07:00:34,IN
7721,2026-01-15 07:15:58,IN
4364,2026-01-15 07:24:31,IN
3762,2026-01-15 07:30:42,IN
5558,2026-01-15 07:38:42,IN
6129,2026-01-15 07:49:11,IN
1187,2026-01-15 07:58:00,IN
6465,2026-01-15 08:06:53,IN
7258,2026-01-15 08:08:58,IN
3640,2026-01-15 08:11:14,IN
4566,2026-01-15 08:24:48,IN
7721,2026-01-15 08:34:58,OUT
9910,2026-01-15 08:37:23,IN
3556,2026-01-15 08:42:49,IN
2112,2026-01-15 08:43:05,IN
5976,2026-01-15 09:04:49,IN
1327,2026-01-15 09:07:35,IN
8518,2026-01-15 09:11:34,OUT
8565,2026-01-15 09:16:44,IN
7721,2026-01-15 09:16:58,IN
3640,2026-01-15 09:19:14,OUT
4566,2026-01-15 09:27:48,OUT
6604,2026-01-15 09:30:41,IN
3640,2026-01-15 09:35:14,IN
8518,2026-01-15 09:36:34,IN
2657,2026-01-15 09:37:11,IN
5558,2026-01-15 09:50:42,OUT
6129,2026-01-15 09:58:11,OUT
3762,2026-01-15 10:01:42,OUT
5558,2026-01-15 10:15:42,IN
4566,2026-01-15 10:18:48,IN
3762,2026-01-15 10:37:42,IN
6129,2026-01-15 10:51:11,IN
4364,2026-01-15 11:01:31,OUT
3556,2026-01-15 11:24:49,OUT
1187,2026-01-15 11:27:00,OUT
4364,2026-01-15 11:41:31,IN
6465,2026-01-15 11:45:53,OUT
7258,2026-01-15 11:50:58,OUT
9910,2026-01-15 11:56:23,OUT
3556,2026-01-15 12:04:49,IN
8518,2026-01-15 12:09:34,OUT
1187,2026-01-15 12:10:00,IN
7721,2026-01-15 12:12:58,OUT
6465,2026-01-15 12:14:53,IN
1327,2026-01-15 12:15:35,OUT
4566,2026-01-15 12:16:48,OUT
8565,2026-01-15 12:21:44,OUT
2112,2026-01-15 12:35:05,OUT
7721,2026-01-15 12:45:58,IN
2112,2026-01-15 12:53:05,IN
9910,2026-01-15 12:55:23,IN
3762,2026-01-15 12:56:42,OUT
5976,2026-01-15 12:58:49,OUT
8565,2026-01-15 13:00:44,IN
8518,2026-01-15 13:06:34,IN
3640,2026-01-15 13:13:14,OUT
6604,2026-01-15 13:27:41,OUT
2657,2026-01-15 13:33:11,OUT
5976,2026-01-15 13:35:49,IN
6129,2026-01-15 13:36:11,OUT
6129,2026-01-15 13:51:11,IN
3640,2026-01-15 13:55:14,IN
6604,2026-01-15 13:55:41,IN
1187,2026-01-15 14:01:00,OUT
5558,2026-01-15 14:13:42,OUT
2657,2026-01-15 14:23:11,IN
8518,2026-01-15 14:28:34,OUT
4364,2026-01-15 14:33:31,OUT
5558,2026-01-15 14:38:42,IN
5976,2026-01-15 14:38:49,OUT
1187,2026-01-15 14:50:00,IN
6604,2026-01-15 15:01:41,OUT
5976,2026-01-15 15:03:49,IN
4364,2026-01-15 15:09:31,IN
3556,2026-01-15 15:12:49,OUT
6465,2026-01-15 15:12:53,OUT
6465,2026-01-15 15:37:53,IN
6604,2026-01-15 15:39:41,IN
7721,2026-01-15 15:43:58,OUT
2112,2026-01-15 15:47:05,OUT
2657,2026-01-15 15:53:11,OUT
3556,2026-01-15 16:01:49,IN
5976,2026-01-15 16:09:49,OUT
9910,2026-01-15 16:13:23,OUT
2657,2026-01-15 16:37:11,IN
7721,2026-01-15 16:37:58,IN
8565,2026-01-15 16:41:44,OUT
3640,2026-01-15 16:50:14,OUT
4364,2026-01-15 16:52:31,OUT
6604,2026-01-15 16:56:41,OUT
8565,2026-01-15 17:04:44,IN
1187,2026-01-15 17:15:00,OUT
5558,2026-01-15 17:30:42,OUT
6604,2026-01-15 17:35:41,IN
6129,2026-01-15 17:41:11,OUT
6129,2026-01-15 18:02:11,IN
3556,2026-01-15 18:11:49,OUT
7721,2026-01-15 18:20:58,OUT
6465,2026-01-15 18:32:53,OUT
2657,2026-01-15 19:06:11,OUT
8565,2026-01-15 19:33:44,OUT
8565,2026-01-15 19:53:44,IN
6604,2026-01-15 20:19:41,OUT
6129,2026-01-15 21:29:11,OUT
8565,2026-01-15 23:26:44,OUT
5976,2026-01-16 07:44:49,IN
7258,2026-01-16 08:08:42,IN
1327,2026-01-16 08:18:01,IN
6465,2026-01-16 08:31:18,IN
4054,2026-01-16 08:33:28,IN
8518,2026-01-16 08:46:21,IN
4763,2026-01-16 08:49:10,IN
8565,2026-01-16 08:56:33,IN
2112,2026-01-16 08:58:47,IN
6129,2026-01-16 09:10:31,IN
9910,2026-01-16 09:20:01,IN
7721,2026-01-16 09:23:42,IN
4364,2026-01-16 09:29:07,IN
3556,2026-01-16 09:36:37,IN
5976,2026-01-16 09:41:49,OUT
8822,2026-01-16 09:45:16,IN
1327,2026-01-16 09:52:01,OUT
1187,2026-01-16 09:52:51,IN
5976,2026-01-16 10:07:49,IN
4054,2026-01-16 10:10:28,OUT
7721,2026-01-16 10:24:42,OUT
4364,2026-01-16 10:39:07,OUT
4054,2026-01-16 10:54:28,IN
4364,2026-01-16 11:00:07,IN
8822,2026-01-16 11:14:16,OUT
8518,2026-01-16 11:24:21,OUT
6129,2026-01-16 11:28:31,OUT
9910,2026-01-16 11:38:01,OUT
7258,2026-01-16 11:40:42,OUT
3556,2026-01-16 11:42:37,OUT
6465,2026-01-16 11:44:18,OUT
4763,2026-01-16 11:45:10,OUT
6129,2026-01-16 11:54:31,IN
8518,2026-01-16 11:58:21,IN
7258,2026-01-16 12:01:42,IN
1187,2026-01-16 12:02:51,OUT
8822,2026-01-16 12:12:16,IN
8565,2026-01-16 12:14:33,OUT
2112,2026-01-16 12:17:47,OUT
9910,2026-01-16 12:18:01,IN
6465,2026-01-16 12:27:18,IN
5976,2026-01-16 12:28:49,OUT
8565,2026-01-16 12:31:33,IN
3556,2026-01-16 12:35:37,IN
2112,2026-01-16 12:41:47,IN
6129,2026-01-16 13:10:31,OUT
8518,2026-01-16 13:41:21,OUT
3556,2026-01-16 13:43:37,OUT
6129,2026-01-16 13:51:31,IN
3556,2026-01-16 13:59:37,IN
9910,2026-01-16 14:06:01,OUT
7258,2026-01-16 14:18:42,OUT
4364,2026-01-16 14:23:07,OUT
9910,2026-01-16 14:32:01,IN
4054,2026-01-16 14:45:28,OUT
8822,2026-01-16 14:46:16,OUT
4364,2026-01-16 14:59:07,IN
7258,2026-01-16 15:07:42,IN
8822,2026-01-16 15:32:16,IN
4054,2026-01-16 15:36:28,IN
6465,2026-01-16 16:22:18,OUT
8565,2026-01-16 16:29:33,OUT
3556,2026-01-16 16:30:37,OUT
2112,2026-01-16 16:35:47,OUT
6129,2026-01-16 16:56:31,OUT
8565,2026-01-16 17:08:33,IN
3556,2026-01-16 17:08:37,IN
9910,2026-01-16 17:18:01,OUT
6465,2026-01-16 17:22:18,IN
9910,2026-01-16 17:48:01,IN
7258,2026-01-16 18:19:42,OUT
4364,2026-01-16 18:25:07,OUT
3556,2026-01-16 18:40:37,OUT
9910,2026-01-16 19:10:01,OUT
8822,2026-01-16 19:22:16,OUT
4054,2026-01-16 19:25:28,OUT
8565,2026-01-16 19:59:33,OUT
6465,2026-01-16 20:00:18,OUT
4054,2026-01-16 20:04:28,IN
8565,2026-01-16 20:32:33,IN
4054,2026-01-16 21:15:28,OUT
8565,2026-01-16 21:33:33,OUT
1187,2026-01-19 07:19:35,IN
2112,2026-01-19 07:23:07,IN
1553,2026-01-19 07:37:46,IN
5976,2026-01-19 07:38:27,IN
7412,2026-01-19 07:45:16,IN
9910,2026-01-19 08:08:53,IN
2657,2026-01-19 08:12:24,IN
3640,2026-01-19 08:15:59,IN
9193,2026-01-19 08:26:58,IN
6465,2026-01-19 08:33:06,IN
1327,2026-01-19 08:39:21,IN
1187,2026-01-19 08:55:35,OUT
1903,2026-01-19 09:03:36,IN
3556,2026-01-19 09:04:15,IN
1125,2026-01-19 09:08:20,IN
3762,2026-01-19 09:14:43,IN
4364,2026-01-19 09:19:21,IN
1187,2026-01-19 09:19:35,IN
5558,2026-01-19 09:21:54,IN
7258,2026-01-19 09:29:47,IN
4566,2026-01-19 09:51:28,IN
8518,2026-01-19 09:52:00,IN
6465,2026-01-19 09:53:06,OUT
7412,2026-01-19 09:53:16,OUT
1553,2026-01-19 10:00:46,OUT
3640,2026-01-19 10:14:59,OUT
7412,2026-01-19 10:15:16,IN
2657,2026-01-19 10:16:24,OUT
6465,2026-01-19 10:33:06,IN
9193,2026-01-19 10:37:58,OUT
2112,2026-01-19 10:38:07,OUT
2657,2026-01-19 10:40:24,IN
8518,2026-01-19 10:53:00,OUT
1553,2026-01-19 10:57:46,IN
1903,2026-01-19 11:05:36,OUT
5976,2026-01-19 11:09:27,OUT
9910,2026-01-19 11:26:53,OUT
9193,2026-01-19 11:28:58,IN
3762,2026-01-19 11:29:43,OUT
1125,2026-01-19 11:35:20,OUT
5558,2026-01-19 11:46:54,OUT
3556,2026-01-19 11:57:15,OUT
4364,2026-01-19 12:05:21,OUT
1903,2026-01-19 12:05:36,IN
5976,2026-01-19 12:06:27,IN
1327,2026-01-19 12:10:21,OUT
5558,2026-01-19 12:12:54,IN
3556,2026-01-19 12:34:15,IN
1125,2026-01-19 12:34:20,IN
4364,2026-01-19 12:34:21,IN
7412,2026-01-19 13:05:16,OUT
1187,2026-01-19 13:10:35,OUT
5558,2026-01-19 13:17:54,OUT
7258,2026-01-19 13:18:47,OUT
7412,2026-01-19 13:30:16,IN
9193,2026-01-19 13:43:58,OUT
4566,2026-01-19 13:48:28,OUT
6465,2026-01-19 13:50:06,OUT
4364,2026-01-19 13:52:21,OUT
1187,2026-01-19 14:00:35,IN
4364,2026-01-19 14:08:21,IN
2657,2026-01-19 14:16:24,OUT
1125,2026-01-19 14:23:20,OUT
1553,2026-01-19 14:27:46,OUT
9193,2026-01-19 14:34:58,IN
5976,2026-01-19 14:36:27,OUT
2657,2026-01-19 14:38:24,IN
4566,2026-01-19 14:40:28,IN
1125,2026-01-19 14:42:20,IN
3556,2026-01-19 15:12:15,OUT
5976,2026-01-19 15:22:27,IN
1903,2026-01-19 15:32:36,OUT
7412,2026-01-19 16:09:16,OUT
1903,2026-01-19 16:24:36,IN
7412,2026-01-19 16:39:16,IN
2657,2026-01-19 16:41:24,OUT
2657,2026-01-19 17:15:24,IN
4566,2026-01-19 17:22:28,OUT
9193,2026-01-19 17:22:58,OUT
1187,2026-01-19 17:54:35,OUT
4364,2026-01-19 17:55:21,OUT
1125,2026-01-19 18:04:20,OUT
5976,2026-01-19 18:05:27,OUT
4566,2026-01-19 18:10:28,IN
1187,2026-01-19 18:22:35,IN
1125,2026-01-19 18:42:20,IN
4364,2026-01-19 18:44:21,IN
2657,2026-01-19 18:50:24,OUT
5976,2026-01-19 19:05:27,IN
1903,2026-01-19 19:21:36,OUT
7412,2026-01-19 20:03:16,OUT
4566,2026-01-19 20:03:28,OUT
4364,2026-01-19 20:11:21,OUT
4566,2026-01-19 20:54:28,IN
1187,2026-01-19 21:29:35,OUT
1125,2026-01-19 21:41:20,OUT
5976,2026-01-19 22:31:27,OUT
4566,2026-01-19 23:21:28,OUT
8518,2026-01-20 07:01:28,IN
7721,2026-01-20 07:26:32,IN
6827,2026-01-20 07:32:22,IN
6129,2026-01-20 07:37:12,IN
4566,2026-01-20 07:40:48,IN
4364,2026-01-20 07:47:47,IN
8822,2026-01-20 08:30:26,IN
6718,2026-01-20 08:36:17,IN
3640,2026-01-20 09:08:29,IN
4566,2026-01-20 09:17:48,OUT
5146,2026-01-20 09:21:03,IN
6465,2026-01-20 09:22:12,IN
4364,2026-01-20 09:23:47,OUT
1327,2026-01-20 09:31:59,IN
1187,2026-01-20 09:32:00,IN
3762,2026-01-20 09:32:02,IN
6827,2026-01-20 09:36:22,OUT
6129,2026-01-20 09:39:12,OUT
8822,2026-01-20 09:40:26,OUT
4566,2026-01-20 09:41:48,IN
6129,2026-01-20 09:57:12,IN
4364,2026-01-20 10:14:47,IN
6827,2026-01-20 10:18:22,IN
6718,2026-01-20 10:21:17,OUT
3640,2026-01-20 10:31:29,OUT
7721,2026-01-20 10:32:32,OUT
6718,2026-01-20 10:42:17,IN
8518,2026-01-20 10:44:28,OUT
4566,2026-01-20 10:49:48,OUT
3640,2026-01-20 10:53:29,IN
1327,2026-01-20 10:59:59,OUT
4566,2026-01-20 11:05:48,IN
8518,2026-01-20 11:33:28,IN
1327,2026-01-20 11:33:59,IN
6827,2026-01-20 11:39:22,OUT
5146,2026-01-20 12:06:03,OUT
6465,2026-01-20 12:32:12,OUT
6827,2026-01-20 12:33:22,IN
6129,2026-01-20 12:35:12,OUT
8518,2026-01-20 12:37:28,OUT
4364,2026-01-20 12:50:47,OUT
6129,2026-01-20 13:02:12,IN
5146,2026-01-20 13:05:03,IN
6465,2026-01-20 13:06:12,IN
3762,2026-01-20 13:15:02,OUT
1187,2026-01-20 13:26:00,OUT
3762,2026-01-20 13:30:02,IN
6827,2026-01-20 13:48:22,OUT
6718,2026-01-20 13:51:17,OUT
3640,2026-01-20 13:51:29,OUT
1327,2026-01-20 14:09:59,OUT
1187,2026-01-20 14:12:00,IN
4566,2026-01-20 14:15:48,OUT
6718,2026-01-20 14:36:17,IN
5146,2026-01-20 15:29:03,OUT
6465,2026-01-20 15:32:12,OUT
6129,2026-01-20 15:41:12,OUT
6129,2026-01-20 15:59:12,IN
5146,2026-01-20 16:04:03,IN
6718,2026-01-20 16:19:17,OUT
3762,2026-01-20 16:29:02,OUT
1187,2026-01-20 17:29:00,OUT
6129,2026-01-20 19:47:12,OUT
5146,2026-01-20 19:49:03,OUT
1125,2026-01-21 07:02:09,IN
6129,2026-01-21 07:09:01,IN
4364,2026-01-21 07:11:21,IN
3762,2026-01-21 07:12:31,IN
3640,2026-01-21 07:19:16,IN
7258,2026-01-21 07:20:00,IN
6465,2026-01-21 07:30:39,IN
7412,2026-01-21 07:35:20,IN
5976,2026-01-21 08:17:52,IN
3556,2026-01-21 08:20:47,IN
8518,2026-01-21 08:25:36,IN
5146,2026-01-21 08:43:59,IN
7721,2026-01-21 08:47:56,IN
2112,2026-01-21 08:50:49,IN
4566,2026-01-21 08:54:58,IN
7412,2026-01-21 09:03:20,OUT
1327,2026-01-21 09:05:49,IN
4364,2026-01-21 09:12:21,OUT
7258,2026-01-21 09:13:00,OUT
6129,2026-01-21 09:32:01,OUT
7412,2026-01-21 09:36:20,IN
7258,2026-01-21 09:58:00,IN
1553,2026-01-21 09:59:09,IN
6129,2026-01-21 10:02:01,IN
4364,2026-01-21 10:11:21,IN
3762,2026-01-21 10:15:31,OUT
5146,2026-01-21 10:22:59,OUT
1125,2026-01-21 10:23:09,OUT
1327,2026-01-21 10:28:49,OUT
3640,2026-01-21 10:33:16,OUT
2112,2026-01-21 10:36:49,OUT
6465,2026-01-21 10:42:39,OUT
7721,2026-01-21 10:51:56,OUT
5976,2026-01-21 10:54:52,OUT
3640,2026-01-21 10:57:16,IN
3762,2026-01-21 10:57:31,IN
1125,2026-01-21 10:59:09,IN
4566,2026-01-21 11:07:58,OUT
1553,2026-01-21 11:08:09,OUT
2112,2026-01-21 11:23:49,IN
8518,2026-01-21 11:32:36,OUT
5976,2026-01-21 11:35:52,IN
6465,2026-01-21 11:36:39,IN
4566,2026-01-21 11:39:58,IN
7258,2026-01-21 11:47:00,OUT
3556,2026-01-21 11:52:47,OUT
8518,2026-01-21 11:59:36,IN
3640,2026-01-21 12:39:16,OUT
7412,2026-01-21 12:46:20,OUT
3556,2026-01-21 12:51:47,IN
4364,2026-01-21 12:52:21,OUT
6129,2026-01-21 12:59:01,OUT
1125,2026-01-21 12:59:09,OUT
6465,2026-01-21 13:06:39,OUT
7412,2026-01-21 13:20:20,IN
3640,2026-01-21 13:30:16,IN
3762,2026-01-21 13:35:31,OUT
2112,2026-01-21 13:45:49,OUT
6465,2026-01-21 13:51:39,IN
8518,2026-01-21 14:02:36,OUT
2112,2026-01-21 14:13:49,IN
4566,2026-01-21 14:17:58,OUT
3762,2026-01-21 14:20:31,IN
3556,2026-01-21 14:33:47,OUT
5976,2026-01-21 15:06:52,OUT
4566,2026-01-21 15:06:58,IN
3556,2026-01-21 15:32:47,IN
7412,2026-01-21 15:43:20,OUT
5976,2026-01-21 15:47:52,IN
3640,2026-01-21 16:10:16,OUT
5976,2026-01-21 16:49:52,OUT
3640,2026-01-21 17:05:16,IN
3762,2026-01-21 17:36:31,OUT
5976,2026-01-21 17:41:52,IN
6465,2026-01-21 17:50:39,OUT
3762,2026-01-21 17:57:31,IN
2112,2026-01-21 18:03:49,OUT
6465,2026-01-21 18:30:39,IN
3556,2026-01-21 18:38:47,OUT
3640,2026-01-21 18:51:16,OUT
2112,2026-01-21 18:56:49,IN
4566,2026-01-21 18:56:58,OUT
5976,2026-01-21 19:41:52,OUT
3762,2026-01-21 20:21:31,OUT
6465,2026-01-21 20:22:39,OUT
2112,2026-01-21 20:47:49,OUT
4054,2026-01-22 07:06:45,IN
8518,2026-01-22 07:12:39,IN
3762,2026-01-22 07:15:52,IN
6465,2026-01-22 07:16:07,IN
3556,2026-01-22 07:16:14,IN
7721,2026-01-22 07:31:11,IN
7412,2026-01-22 07:47:35,IN
5146,2026-01-22 07:52:05,IN
1327,2026-01-22 07:52:24,IN
9910,2026-01-22 07:56:19,IN
2657,2026-01-22 07:56:33,IN
5558,2026-01-22 07:57:54,IN
3640,2026-01-22 07:58:11,IN
5976,2026-01-22 08:23:48,IN
4364,2026-01-22 08:45:45,IN
3640,2026-01-22 08:59:11,OUT
6129,2026-01-22 09:14:27,IN
8822,2026-01-22 09:14:41,IN
7258,2026-01-22 09:24:30,IN
4566,2026-01-22 09:33:41,IN
2657,2026-01-22 09:37:33,OUT
3762,2026-01-22 09:39:52,OUT
6827,2026-01-22 09:44:44,IN
8565,2026-01-22 09:54:34,IN
3762,2026-01-22 09:55:52,IN
2657,2026-01-22 10:03:33,IN
4054,2026-01-22 10:10:45,OUT
9910,2026-01-22 10:27:19,OUT
4054,2026-01-22 10:35:45,IN
7721,2026-01-22 10:46:11,OUT
5146,2026-01-22 10:53:05,OUT
8518,2026-01-22 10:55:39,OUT
3556,2026-01-22 10:56:14,OUT
6465,2026-01-22 10:57:07,OUT
1327,2026-01-22 10:57:24,OUT
4566,2026-01-22 11:00:41,OUT
6827,2026-01-22 11:01:44,OUT
5976,2026-01-22 11:04:48,OUT
9910,2026-01-22 11:07:19,IN
8822,2026-01-22 11:10:41,OUT
1327,2026-01-22 11:12:24,IN
8518,2026-01-22 11:13:39,IN
7412,2026-01-22 11:17:35,OUT
5558,2026-01-22 11:18:54,OUT
5146,2026-01-22 11:27:05,IN
8822,2026-01-22 11:33:41,IN
7258,2026-01-22 11:35:30,OUT
5558,2026-01-22 11:35:54,IN
8565,2026-01-22 11:37:34,OUT
7721,2026-01-22 11:38:11,IN
5976,2026-01-22 11:43:48,IN
4566,2026-01-22 11:48:41,IN
7258,2026-01-22 11:58:30,IN
6827,2026-01-22 11:59:44,IN
6129,2026-01-22 12:10:27,OUT
8565,2026-01-22 12:28:34,IN
4364,2026-01-22 12:28:45,OUT
3762,2026-01-22 12:29:52,OUT
6129,2026-01-22 12:30:27,IN
8518,2026-01-22 12:37:39,OUT
4566,2026-01-22 12:53:41,OUT
3762,2026-01-22 13:06:52,IN
5146,2026-01-22 13:09:05,OUT
5976,2026-01-22 13:13:48,OUT
4364,2026-01-22 13:16:45,IN
1327,2026-01-22 13:28:24,OUT
7721,2026-01-22 13:41:11,OUT
4566,2026-01-22 13:42:41,IN
4054,2026-01-22 13:56:45,OUT
2657,2026-01-22 13:57:33,OUT
1327,2026-01-22 14:02:24,IN
7721,2026-01-22 14:04:11,IN
9910,2026-01-22 14:06:19,OUT
5976,2026-01-22 14:08:48,IN
4054,2026-01-22 14:17:45,IN
8565,2026-01-22 14:19:34,OUT
5558,2026-01-22 14:27:54,OUT
7258,2026-01-22 14:28:30,OUT
4364,2026-01-22 14:31:45,OUT
8822,2026-01-22 14:40:41,OUT
2657,2026-01-22 14:46:33,IN
7258,2026-01-22 15:03:30,IN
8822,2026-01-22 15:04:41,IN
7721,2026-01-22 15:18:11,OUT
5558,2026-01-22 15:19:54,IN
6827,2026-01-22 15:34:44,OUT
6129,2026-01-22 15:37:27,OUT
3762,2026-01-22 15:38:52,OUT
7721,2026-01-22 15:45:11,IN
2657,2026-01-22 15:50:33,OUT
1327,2026-01-22 15:56:24,OUT
6129,2026-01-22 16:00:27,IN
4566,2026-01-22 16:22:41,OUT
4054,2026-01-22 16:29:45,OUT
5976,2026-01-22 16:33:48,OUT
4566,2026-01-22 17:09:41,IN
5558,2026-01-22 17:37:54,OUT
5558,2026-01-22 18:04:54,IN
8822,2026-01-22 18:48:41,OUT
7721,2026-01-22 18:51:11,OUT
7258,2026-01-22 18:51:30,OUT
6129,2026-01-22 19:28:27,OUT
4566,2026-01-22 19:29:41,OUT
7258,2026-01-22 19:34:30,IN
6129,2026-01-22 19:55:27,IN
5558,2026-01-22 21:22:54,OUT
7258,2026-01-22 22:04:30,OUT
6129,2026-01-22 22:13:27,OUT
6827,2026-01-23 07:02:56,IN
1327,2026-01-23 07:28:55,IN
4763,2026-01-23 07:37:36,IN
4364,2026-01-23 08:00:08,IN
6827,2026-01-23 08:15:56,OUT
3762,2026-01-23 08:25:08,IN
6465,2026-01-23 08:26:12,IN
3640,2026-01-23 08:37:50,IN
6827,2026-01-23 08:41:56,IN
4763,2026-01-23 08:50:36,OUT
2112,2026-01-23 08:53:17,IN
4566,2026-01-23 09:13:04,IN
6129,2026-01-23 09:13:55,IN
8518,2026-01-23 09:14:01,IN
9910,2026-01-23 09:23:15,IN
1327,2026-01-23 09:29:55,OUT
4763,2026-01-23 09:34:36,IN
8822,2026-01-23 09:50:15,IN
3640,2026-01-23 09:51:50,OUT
7721,2026-01-23 09:54:05,IN
4364,2026-01-23 09:55:08,OUT
8565,2026-01-23 09:59:07,IN
1553,2026-01-23 09:59:46,IN
4364,2026-01-23 10:13:08,IN
6465,2026-01-23 10:14:12,OUT
6129,2026-01-23 10:20:55,OUT
3640,2026-01-23 10:40:50,IN
2112,2026-01-23 10:58:17,OUT
6465,2026-01-23 11:08:12,IN
6827,2026-01-23 11:09:56,OUT
8565,2026-01-23 11:44:07,OUT
9910,2026-01-23 11:47:15,OUT
3762,2026-01-23 12:05:08,OUT
8822,2026-01-23 12:13:15,OUT
8565,2026-01-23 12:22:07,IN
8518,2026-01-23 12:26:01,OUT
9910,2026-01-23 12:28:15,IN
4763,2026-01-23 12:32:36,OUT
8518,2026-01-23 12:45:01,IN
4566,2026-01-23 12:45:04,OUT
3762,2026-01-23 12:45:08,IN
6465,2026-01-23 12:52:12,OUT
1553,2026-01-23 12:53:46,OUT
3640,2026-01-23 13:14:50,OUT
8565,2026-01-23 13:23:07,OUT
4566,2026-01-23 13:42:04,IN
7721,2026-01-23 13:51:05,OUT
4364,2026-01-23 14:03:08,OUT
4364,2026-01-23 14:37:08,IN
9910,2026-01-23 14:57:15,OUT
4566,2026-01-23 15:24:04,OUT
3762,2026-01-23 15:44:08,OUT
4566,2026-01-23 16:07:04,IN
8518,2026-01-23 16:20:01,OUT
3762,2026-01-23 16:35:08,IN
8518,2026-01-23 17:03:01,IN
4364,2026-01-23 17:31:08,OUT
4364,2026-01-23 17:56:08,IN
4566,2026-01-23 18:10:04,OUT
3762,2026-01-23 18:50:08,OUT
4364,2026-01-23 19:19:08,OUT
3762,2026-01-23 19:28:08,IN
8518,2026-01-23 19:37:01,OUT
3762,2026-01-23 21:17:08,OUT
5558,2026-01-26 07:18:59,IN
1327,2026-01-26 07:21:01,IN
8518,2026-01-26 07:22:21,IN
4054,2026-01-26 07:32:51,IN
4364,2026-01-26 07:44:48,IN
7721,2026-01-26 07:49:42,IN
9910,2026-01-26 08:32:31,IN
3762,2026-01-26 08:48:52,IN
4364,2026-01-26 09:16:48,OUT
4054,2026-01-26 09:21:51,OUT
1187,2026-01-26 09:28:07,IN
3556,2026-01-26 09:28:33,IN
5558,2026-01-26 09:32:59,OUT
7412,2026-01-26 09:42:05,IN
4364,2026-01-26 09:44:48,IN
6465,2026-01-26 09:46:38,IN
7258,2026-01-26 09:48:14,IN
4054,2026-01-26 09:48:51,IN
3640,2026-01-26 09:55:08,IN
8518,2026-01-26 10:02:21,OUT
9910,2026-01-26 10:13:31,OUT
8518,2026-01-26 10:20:21,IN
1327,2026-01-26 10:37:01,OUT
1187,2026-01-26 11:01:07,OUT
9910,2026-01-26 11:05:31,IN
3640,2026-01-26 11:21:08,OUT
1327,2026-01-26 11:22:01,IN
3762,2026-01-26 11:23:52,OUT
7721,2026-01-26 11:25:42,OUT
7412,2026-01-26 11:27:05,OUT
1187,2026-01-26 11:41:07,IN
3556,2026-01-26 11:41:33,OUT
3762,2026-01-26 11:45:52,IN
7412,2026-01-26 12:08:05,IN
4364,2026-01-26 12:16:48,OUT
3640,2026-01-26 12:18:08,IN
4054,2026-01-26 12:22:51,OUT
8518,2026-01-26 12:34:21,OUT
7258,2026-01-26 13:02:14,OUT
4364,2026-01-26 13:06:48,IN
7258,2026-01-26 13:18:14,IN
1327,2026-01-26 13:21:01,OUT
6465,2026-01-26 13:22:38,OUT
7412,2026-01-26 13:59:05,OUT
3640,2026-01-26 14:33:08,OUT
9910,2026-01-26 14:38:31,OUT
4364,2026-01-26 14:38:48,OUT
7412,2026-01-26 14:42:05,IN
3640,2026-01-26 15:12:08,IN
9910,2026-01-26 15:20:31,IN
3762,2026-01-26 15:25:52,OUT
7258,2026-01-26 15:26:14,OUT
1187,2026-01-26 15:37:07,OUT
3762,2026-01-26 15:42:52,IN
1187,2026-01-26 16:03:07,IN
7412,2026-01-26 17:20:05,OUT
3640,2026-01-26 17:27:08,OUT
3762,2026-01-26 18:25:52,OUT
9910,2026-01-26 18:28:31,OUT
9910,2026-01-26 18:53:31,IN
1187,2026-01-26 19:59:07,OUT
1187,2026-01-26 20:14:07,IN
9910,2026-01-26 21:26:31,OUT
1187,2026-01-26 22:21:07,OUT
6465,2026-01-27 07:13:16,IN
6827,2026-01-27 07:16:47,IN
1187,2026-01-27 08:07:24,IN
1125,2026-01-27 08:07:46,IN
2112,2026-01-27 08:15:07,IN
4566,2026-01-27 08:31:21,IN
7721,2026-01-27 08:32:15,IN
5976,2026-01-27 08:35:11,IN
6129,2026-01-27 09:02:05,IN
3762,2026-01-27 09:02:40,IN
7258,2026-01-27 09:03:58,IN
3640,2026-01-27 09:33:36,IN
2112,2026-01-27 09:37:07,OUT
7721,2026-01-27 09:37:15,OUT
1903,2026-01-27 09:44:03,IN
8565,2026-01-27 09:44:24,IN
8518,2026-01-27 09:50:58,IN
4566,2026-01-27 10:02:21,OUT
2112,2026-01-27 10:07:07,IN
7258,2026-01-27 10:14:58,OUT
7721,2026-01-27 10:20:15,IN
4566,2026-01-27 10:22:21,IN
5976,2026-01-27 10:23:11,OUT
1125,2026-01-27 10:28:46,OUT
6129,2026-01-27 10:34:05,OUT
6465,2026-01-27 10:44:16,OUT
6827,2026-01-27 10:48:47,OUT
5976,2026-01-27 11:01:11,IN
6129,2026-01-27 11:09:05,IN
6827,2026-01-27 11:12:47,IN
1125,2026-01-27 11:13:46,IN
2112,2026-01-27 11:28:07,OUT
1903,2026-01-27 11:30:03,OUT
6465,2026-01-27 11:38:16,IN
7721,2026-01-27 11:42:15,OUT
2112,2026-01-27 11:44:07,IN
1187,2026-01-27 11:47:24,OUT
1903,2026-01-27 11:57:03,IN
3640,2026-01-27 12:22:36,OUT
3762,2026-01-27 12:31:40,OUT
1125,2026-01-27 12:35:46,OUT
4566,2026-01-27 12:41:21,OUT
1187,2026-01-27 12:41:24,IN
7721,2026-01-27 12:42:15,IN
8518,2026-01-27 12:45:58,OUT
1125,2026-01-27 13:03:46,IN
3762,2026-01-27 13:04:40,IN
4566,2026-01-27 13:05:21,IN
1903,2026-01-27 13:11:03,OUT
8518,2026-01-27 13:16:58,IN
6465,2026-01-27 13:19:16,OUT
8565,2026-01-27 13:34:24,OUT
2112,2026-01-27 13:53:07,OUT
5976,2026-01-27 13:54:11,OUT
6129,2026-01-27 13:55:05,OUT
8565,2026-01-27 14:02:24,IN
2112,2026-01-27 14:43:07,IN
5976,2026-01-27 14:44:11,IN
4566,2026-01-27 14:48:21,OUT
6827,2026-01-27 14:48:47,OUT
8518,2026-01-27 15:01:58,OUT
4566,2026-01-27 15:08:21,IN
3762,2026-01-27 15:43:40,OUT
1187,2026-01-27 16:23:24,OUT
7721,2026-01-27 16:26:15,OUT
1125,2026-01-27 16:31:46,OUT
2112,2026-01-27 16:45:07,OUT
1187,2026-01-27 16:48:24,IN
4566,2026-01-27 17:31:21,OUT
8565,2026-01-27 17:47:24,OUT
1187,2026-01-27 18:06:24,OUT
5976,2026-01-27 18:17:11,OUT
8565,2026-01-27 18:26:24,IN
1187,2026-01-27 18:34:24,IN
8565,2026-01-27 20:01:24,OUT
1187,2026-01-27 20:13:24,OUT
6827,2026-01-28 07:23:44,IN
4364,2026-01-28 07:29:42,IN
1553,2026-01-28 07:32:17,IN
9910,2026-01-28 07:34:44,IN
1327,2026-01-28 07:40:20,IN
2112,2026-01-28 07:41:48,IN
5146,2026-01-28 07:43:47,IN
6129,2026-01-28 07:54:01,IN
6465,2026-01-28 08:03:00,IN
7412,2026-01-28 08:39:59,IN
8518,2026-01-28 08:51:49,IN
5146,2026-01-28 08:52:47,OUT
9910,2026-01-28 08:53:44,OUT
7258,2026-01-28 08:54:35,IN
4364,2026-01-28 08:54:42,OUT
3762,2026-01-28 09:05:47,IN
9910,2026-01-28 09:16:44,IN
4566,2026-01-28 09:18:41,IN
3556,2026-01-28 09:24:30,IN
4763,2026-01-28 09:24:56,IN
1327,2026-01-28 09:25:20,OUT
6129,2026-01-28 09:29:01,OUT
3640,2026-01-28 09:30:45,IN
2112,2026-01-28 09:32:48,OUT
4364,2026-01-28 09:37:42,IN
6827,2026-01-28 09:45:44,OUT
1553,2026-01-28 09:46:17,OUT
3762,2026-01-28 10:06:47,OUT
6827,2026-01-28 10:08:44,IN
1553,2026-01-28 10:14:17,IN
6129,2026-01-28 10:22:01,IN
6465,2026-01-28 10:25:00,OUT
4566,2026-01-28 10:33:41,OUT
4763,2026-01-28 10:35:56,OUT
3556,2026-01-28 10:43:30,OUT
4364,2026-01-28 11:09:42,OUT
3556,2026-01-28 11:24:30,IN
4566,2026-01-28 11:25:41,IN
7258,2026-01-28 11:29:35,OUT
3640,2026-01-28 11:29:45,OUT
4364,2026-01-28 11:36:42,IN
9910,2026-01-28 11:48:44,OUT
6129,2026-01-28 12:01:01,OUT
3640,2026-01-28 12:03:45,IN
7412,2026-01-28 12:30:59,OUT
8518,2026-01-28 12:31:49,OUT
6129,2026-01-28 12:36:01,IN
4364,2026-01-28 12:38:42,OUT
7412,2026-01-28 13:05:59,IN
8518,2026-01-28 13:30:49,IN
1553,2026-01-28 13:33:17,OUT
6827,2026-01-28 13:46:44,OUT
1553,2026-01-28 13:48:17,IN
4566,2026-01-28 14:00:41,OUT
6827,2026-01-28 14:21:44,IN
1553,2026-01-28 14:51:17,OUT
3556,2026-01-28 15:16:30,OUT
6129,2026-01-28 15:32:01,OUT
3556,2026-01-28 15:42:30,IN
3640,2026-01-28 16:00:45,OUT
7412,2026-01-28 16:03:59,OUT
6129,2026-01-28 16:04:01,IN
8518,2026-01-28 16:38:49,OUT
3640,2026-01-28 17:00:45,IN
6129,2026-01-28 17:06:01,OUT
6827,2026-01-28 17:51:44,OUT
3556,2026-01-28 17:57:30,OUT
3640,2026-01-28 18:55:45,OUT
3640,2026-01-28 19:46:45,IN
3640,2026-01-28 23:07:45,OUT
6604,2026-01-29 07:24:51,IN
6129,2026-01-29 07:47:00,IN
1327,2026-01-29 07:53:30,IN
1553,2026-01-29 07:58:19,IN
5558,2026-01-29 08:00:18,IN
2657,2026-01-29 08:05:40,IN
5976,2026-01-29 08:08:41,IN
8518,2026-01-29 08:16:52,IN
8822,2026-01-29 08:29:39,IN
5146,2026-01-29 08:40:03,IN
3640,2026-01-29 08:41:38,IN
8565,2026-01-29 08:53:35,IN
6129,2026-01-29 08:57:00,OUT
4566,2026-01-29 09:00:03,IN
7412,2026-01-29 09:06:07,IN
7258,2026-01-29 09:06:07,IN
2112,2026-01-29 09:15:27,IN
6465,2026-01-29 09:20:33,IN
1187,2026-01-29 09:27:04,IN
3762,2026-01-29 09:45:48,IN
6129,2026-01-29 09:49:00,IN
8518,2026-01-29 09:52:52,OUT
4364,2026-01-29 09:53:28,IN
4566,2026-01-29 10:08:03,OUT
8565,2026-01-29 10:25:35,OUT
2657,2026-01-29 10:27:40,OUT
6604,2026-01-29 10:28:51,OUT
8822,2026-01-29 10:31:39,OUT
1553,2026-01-29 10:40:19,OUT
5146,2026-01-29 10:42:03,OUT
8518,2026-01-29 10:46:52,IN
5976,2026-01-29 10:51:41,OUT
4566,2026-01-29 10:56:03,IN
5558,2026-01-29 10:57:18,OUT
8565,2026-01-29 10:57:35,IN
5146,2026-01-29 11:00:03,IN
1327,2026-01-29 11:03:30,OUT
7258,2026-01-29 11:07:07,OUT
3640,2026-01-29 11:07:38,OUT
6604,2026-01-29 11:13:51,IN
2112,2026-01-29 11:19:27,OUT
5558,2026-01-29 11:33:18,IN
1553,2026-01-29 11:35:19,IN
3640,2026-01-29 11:42:38,IN
7412,2026-01-29 11:45:07,OUT
1187,2026-01-29 11:50:04,OUT
2112,2026-01-29 11:59:27,IN
1187,2026-01-29 12:12:04,IN
7412,2026-01-29 12:21:07,IN
6465,2026-01-29 12:23:33,OUT
3762,2026-01-29 12:30:48,OUT
8565,2026-01-29 12:40:35,OUT
5558,2026-01-29 13:20:18,OUT
6604,2026-01-29 13:24:51,OUT
3762,2026-01-29 13:26:48,IN
6129,2026-01-29 13:32:00,OUT
1187,2026-01-29 13:33:04,OUT
8565,2026-01-29 13:34:35,IN
4566,2026-01-29 13:38:03,OUT
5146,2026-01-29 13:42:03,OUT
4364,2026-01-29 13:42:28,OUT
2112,2026-01-29 13:49:27,OUT
4364,2026-01-29 13:58:28,IN
1187,2026-01-29 14:11:04,IN
8518,2026-01-29 14:12:52,OUT
2112,2026-01-29 14:25:27,IN
5146,2026-01-29 14:27:03,IN
7412,2026-01-29 14:49:07,OUT
1553,2026-01-29 14:54:19,OUT
3640,2026-01-29 15:23:38,OUT
2112,2026-01-29 15:34:27,OUT
1187,2026-01-29 16:08:04,OUT
2112,2026-01-29 16:18:27,IN
4364,2026-01-29 16:31:28,OUT
3762,2026-01-29 16:57:48,OUT
4364,2026-01-29 17:07:28,IN
8565,2026-01-29 17:13:35,OUT
3762,2026-01-29 17:34:48,IN
8565,2026-01-29 18:02:35,IN
5146,2026-01-29 18:25:03,OUT
2112,2026-01-29 19:59:27,OUT
4364,2026-01-29 20:00:28,OUT
3762,2026-01-29 20:16:48,OUT
3762,2026-01-29 21:06:48,IN
8565,2026-01-29 21:15:35,OUT
3762,2026-01-29 23:32:48,OUT
9910,2026-01-30 07:10:50,IN
1125,2026-01-30 07:17:50,IN
9193,2026-01-30 07:25:28,IN
2112,2026-01-30 07:26:15,IN
6129,2026-01-30 07:27:13,IN
8822,2026-01-30 07:44:26,IN
7258,2026-01-30 08:06:34,IN
5976,2026-01-30 08:38:57,IN
6827,2026-01-30 08:47:30,IN
4364,2026-01-30 09:00:01,IN
8565,2026-01-30 09:09:46,IN
9910,2026-01-30 09:12:50,OUT
4566,2026-01-30 09:20:31,IN
7721,2026-01-30 09:27:26,IN
6465,2026-01-30 09:31:45,IN
9910,2026-01-30 09:34:50,IN
3556,2026-01-30 09:40:05,IN
9193,2026-01-30 09:40:28,OUT
6129,2026-01-30 09:43:13,OUT
1125,2026-01-30 09:45:50,OUT
3640,2026-01-30 09:53:29,IN
4054,2026-01-30 09:56:42,IN
1125,2026-01-30 10:30:50,IN
9910,2026-01-30 10:51:50,OUT
7258,2026-01-30 10:59:34,OUT
2112,2026-01-30 11:05:15,OUT
9910,2026-01-30 11:07:50,IN
8822,2026-01-30 11:09:26,OUT
5976,2026-01-30 11:27:57,OUT
4566,2026-01-30 11:29:31,OUT
2112,2026-01-30 11:36:15,IN
8565,2026-01-30 11:41:46,OUT
7721,2026-01-30 11:47:26,OUT
6827,2026-01-30 11:52:30,OUT
5976,2026-01-30 12:01:57,IN
7721,2026-01-30 12:12:26,IN
4566,2026-01-30 12:19:31,IN
6827,2026-01-30 12:26:30,IN
8565,2026-01-30 12:39:46,IN
3556,2026-01-30 12:48:05,OUT
4364,2026-01-30 12:54:01,OUT
9910,2026-01-30 12:58:50,OUT
4054,2026-01-30 13:02:42,OUT
1125,2026-01-30 13:10:50,OUT
4364,2026-01-30 13:16:01,IN
6465,2026-01-30 13:16:45,OUT
3640,2026-01-30 13:19:29,OUT
6827,2026-01-30 13:27:30,OUT
4054,2026-01-30 13:39:42,IN
2112,2026-01-30 14:02:15,OUT
6827,2026-01-30 14:21:30,IN
5976,2026-01-30 14:36:57,OUT
2112,2026-01-30 14:58:15,IN
7721,2026-01-30 15:07:26,OUT
8565,2026-01-30 15:46:46,OUT
7721,2026-01-30 15:48:26,IN
4566,2026-01-30 15:49:31,OUT
8565,2026-01-30 16:08:46,IN
4364,2026-01-30 16:20:01,OUT
4364,2026-01-30 16:49:01,IN
6827,2026-01-30 16:55:30,OUT
2112,2026-01-30 17:15:15,OUT
6827,2026-01-30 17:28:30,IN
4054,2026-01-30 17:28:42,OUT
2112,2026-01-30 17:39:15,IN
7721,2026-01-30 17:43:26,OUT
8565,2026-01-30 18:17:46,OUT
4054,2026-01-30 18:26:42,IN
2112,2026-01-30 18:51:15,OUT
4364,2026-01-30 19:18:01,OUT
6827,2026-01-30 20:19:30,OUT
4054,2026-01-30 22:17:42,OUT
2112,2026-02-02 07:00:01,IN
8834,2026-02-02 07:03:04,IN
6604,2026-02-02 07:07:48,IN
4566,2026-02-02 07:28:13,IN
7721,2026-02-02 07:52:02,IN
7258,2026-02-02 07:58:56,IN
3556,2026-02-02 08:01:34,IN
7412,2026-02-02 08:27:12,IN
4364,2026-02-02 08:31:32,IN
3640,2026-02-02 08:45:00,IN
6827,2026-02-02 08:50:49,IN
5009,2026-02-02 09:00:09,IN
5558,2026-02-02 09:02:35,IN
5360,2026-02-02 09:25:57,IN
8518,2026-02-02 09:26:19,IN
5146,2026-02-02 09:26:31,IN
6604,2026-02-02 09:27:48,OUT
3762,2026-02-02 09:32:06,IN
7258,2026-02-02 09:34:56,OUT
6718,2026-02-02 09:40:54,IN
6129,2026-02-02 09:46:48,IN
5024,2026-02-02 09:54:34,IN
2112,2026-02-02 10:09:01,OUT
7258,2026-02-02 10:18:56,IN
8834,2026-02-02 10:19:04,OUT
5558,2026-02-02 10:19:35,OUT
7721,2026-02-02 10:24:02,OUT
6827,2026-02-02 10:29:49,OUT
3556,2026-02-02 10:32:34,OUT
5009,2026-02-02 10:34:09,OUT
5146,2026-02-02 10:34:31,OUT
4566,2026-02-02 10:40:13,OUT
5558,2026-02-02 10:44:35,IN
2112,2026-02-02 10:48:01,IN
5146,2026-02-02 10:52:31,IN
4566,2026-02-02 10:55:13,IN
8518,2026-02-02 10:55:19,OUT
7412,2026-02-02 10:59:12,OUT
4364,2026-02-02 11:06:32,OUT
5009,2026-02-02 11:11:09,IN
7412,2026-02-02 11:16:12,IN
6718,2026-02-02 11:22:54,OUT
4364,2026-02-02 11:29:32,IN
8518,2026-02-02 11:30:19,IN
3640,2026-02-02 11:38:00,OUT
3762,2026-02-02 11:40:06,OUT
7258,2026-02-02 11:48:56,OUT
7258,2026-02-02 12:16:56,IN
6718,2026-02-02 12:19:54,IN
5009,2026-02-02 12:20:09,OUT
3762,2026-02-02 12:24:06,IN
5558,2026-02-02 12:25:35,OUT
4364,2026-02-02 12:30:32,OUT
3640,2026-02-02 12:37:00,IN
5360,2026-02-02 12:48:57,OUT
4364,2026-02-02 12:51:32,IN
5360,2026-02-02 13:06:57,IN
4566,2026-02-02 13:11:13,OUT
6129,2026-02-02 13:11:48,OUT
2112,2026-02-02 13:14:01,OUT
5146,2026-02-02 13:16:31,OUT
6129,2026-02-02 13:30:48,IN
2112,2026-02-02 13:40:01,IN
5024,2026-02-02 13:43:34,OUT
4364,2026-02-02 13:53:32,OUT
5146,2026-02-02 13:58:31,IN
5024,2026-02-02 14:23:34,IN
7412,2026-02-02 14:51:12,OUT
3640,2026-02-02 14:54:00,OUT
8518,2026-02-02 15:15:19,OUT
3640,2026-02-02 15:18:00,IN
3762,2026-02-02 15:20:06,OUT
7412,2026-02-02 15:20:12,IN
6718,2026-02-02 15:25:54,OUT
7258,2026-02-02 15:25:56,OUT
5360,2026-02-02 15:42:57,OUT
3762,2026-02-02 15:50:06,IN
2112,2026-02-02 15:53:01,OUT
8518,2026-02-02 16:03:19,IN
7258,2026-02-02 16:04:56,IN
3640,2026-02-02 16:30:00,OUT
5360,2026-02-02 16:31:57,IN
3640,2026-02-02 16:59:00,IN
6129,2026-02-02 17:16:48,OUT
5024,2026-02-02 17:22:34,OUT
5146,2026-02-02 17:45:31,OUT
6129,2026-02-02 17:56:48,IN
8518,2026-02-02 18:46:19,OUT
3762,2026-02-02 18:48:06,OUT
7412,2026-02-02 19:03:12,OUT
3640,2026-02-02 19:11:00,OUT
3762,2026-02-02 19:13:06,IN
8518,2026-02-02 19:24:19,IN
7258,2026-02-02 19:35:56,OUT
5360,2026-02-02 19:47:57,OUT
7412,2026-02-02 19:55:12,IN
5360,2026-02-02 20:46:57,IN
7412,2026-02-02 20:58:12,OUT
8518,2026-02-02 21:36:19,OUT
6129,2026-02-02 21:38:48,OUT
6129,2026-02-02 21:54:48,IN
5360,2026-02-02 22:27:57,OUT
3762,2026-02-02 22:35:06,OUT
6129,2026-02-03 00:27:48,OUT
4054,2026-02-03 07:05:00,IN
8762,2026-02-03 07:14:52,IN
8518,2026-02-03 07:21:24,IN
3640,2026-02-03 07:27:33,IN
4566,2026-02-03 07:28:34,IN
5024,2026-02-03 07:29:33,IN
5146,2026-02-03 07:55:45,IN
6129,2026-02-03 07:58:25,IN
1327,2026-02-03 07:59:36,IN
9839,2026-02-03 08:25:55,IN
7721,2026-02-03 08:29:33,IN
9910,2026-02-03 09:00:36,IN
8834,2026-02-03 09:02:14,IN
5146,2026-02-03 09:02:45,OUT
1125,2026-02-03 09:05:19,IN
7258,2026-02-03 09:06:19,IN
7412,2026-02-03 09:06:57,IN
1016,2026-02-03 09:09:34,IN
3762,2026-02-03 09:12:23,IN
5146,2026-02-03 09:17:45,IN
4054,2026-02-03 09:18:00,OUT
6827,2026-02-03 09:22:13,IN
1187,2026-02-03 09:23:19,IN
5009,2026-02-03 09:30:02,IN
8518,2026-02-03 09:39:24,OUT
8762,2026-02-03 09:44:52,OUT
8565,2026-02-03 09:51:02,IN
2112,2026-02-03 09:51:36,IN
4054,2026-02-03 09:58:00,IN
8762,2026-02-03 10:11:52,IN
3640,2026-02-03 10:12:33,OUT
5024,2026-02-03 10:29:33,OUT
5009,2026-02-03 10:34:02,OUT
4566,2026-02-03 10:35:34,OUT
9839,2026-02-03 10:37:55,OUT
1327,2026-02-03 10:43:36,OUT
7258,2026-02-03 10:55:19,OUT
8834,2026-02-03 10:59:14,OUT
5009,2026-02-03 11:01:02,IN
1125,2026-02-03 11:01:19,OUT
3640,2026-02-03 11:08:33,IN
5024,2026-02-03 11:08:33,IN
1187,2026-02-03 11:15:19,OUT
3762,2026-02-03 11:26:23,OUT
9839,2026-02-03 11:26:55,IN
7412,2026-02-03 11:26:57,OUT
1125,2026-02-03 11:31:19,IN
4566,2026-02-03 11:33:34,IN
6129,2026-02-03 11:37:25,OUT
8834,2026-02-03 11:47:14,IN
7721,2026-02-03 11:51:33,OUT
6129,2026-02-03 11:58:25,IN
1187,2026-02-03 12:07:19,IN
2112,2026-02-03 12:14:36,OUT
8565,2026-02-03 12:15:02,OUT
5009,2026-02-03 12:16:02,OUT
1016,2026-02-03 12:24:34,OUT
8762,2026-02-03 12:33:52,OUT
9910,2026-02-03 12:41:36,OUT
6827,2026-02-03 12:57:13,OUT
4054,2026-02-03 13:04:00,OUT
2112,2026-02-03 13:05:36,IN
9910,2026-02-03 13:05:36,IN
5146,2026-02-03 13:13:45,OUT
8762,2026-02-03 13:17:52,IN
1016,2026-02-03 13:22:34,IN
8834,2026-02-03 13:27:14,OUT
5146,2026-02-03 13:32:45,IN
3640,2026-02-03 13:34:33,OUT
4566,2026-02-03 13:35:34,OUT
5024,2026-02-03 13:36:33,OUT
5024,2026-02-03 13:53:33,IN
4054,2026-02-03 13:55:00,IN
8834,2026-02-03 14:01:14,IN
1187,2026-02-03 14:28:19,OUT
8762,2026-02-03 14:46:52,OUT
9839,2026-02-03 14:51:55,OUT
1125,2026-02-03 14:56:19,OUT
1016,2026-02-03 14:56:34,OUT
6129,2026-02-03 14:59:25,OUT
5024,2026-02-03 15:20:33,OUT
1187,2026-02-03 15:28:19,IN
9910,2026-02-03 15:29:36,OUT
9839,2026-02-03 15:29:55,IN
8834,2026-02-03 15:32:14,OUT
6129,2026-02-03 15:39:25,IN
1125,2026-02-03 15:55:19,IN
2112,2026-02-03 16:02:36,OUT
2112,2026-02-03 16:34:36,IN
5146,2026-02-03 16:57:45,OUT
1125,2026-02-03 17:36:19,OUT
4054,2026-02-03 17:54:00,OUT
1187,2026-02-03 17:54:19,OUT
6129,2026-02-03 18:04:25,OUT
1125,2026-02-03 18:09:19,IN
1187,2026-02-03 18:35:19,IN
2112,2026-02-03 18:59:36,OUT
2112,2026-02-03 19:23:36,IN
9839,2026-02-03 19:26:55,OUT
1125,2026-02-03 19:42:19,OUT
1187,2026-02-03 19:53:19,OUT
2112,2026-02-03 21:24:36,OUT
5558,2026-02-04 07:10:07,IN
7258,2026-02-04 07:20:57,IN
9193,2026-02-04 07:21:56,IN
8518,2026-02-04 07:53:19,IN
7721,2026-02-04 08:02:29,IN
5009,2026-02-04 08:29:15,IN
8822,2026-02-04 08:33:50,IN
7412,2026-02-04 08:39:17,IN
9193,2026-02-04 08:49:56,OUT
5024,2026-02-04 08:58:20,IN
4364,2026-02-04 09:04:01,IN
8762,2026-02-04 09:06:58,IN
3640,2026-02-04 09:07:44,IN
6827,2026-02-04 09:17:19,IN
9839,2026-02-04 09:19:50,IN
3762,2026-02-04 09:26:47,IN
9193,2026-02-04 09:28:56,IN
4054,2026-02-04 09:39:16,IN
4566,2026-02-04 09:44:31,IN
2112,2026-02-04 09:49:07,IN
5558,2026-02-04 09:50:07,OUT
7412,2026-02-04 10:25:17,OUT
8518,2026-02-04 10:35:19,OUT
5009,2026-02-04 10:36:15,OUT
7258,2026-02-04 10:42:57,OUT
4566,2026-02-04 10:46:31,OUT
4364,2026-02-04 10:58:01,OUT
8762,2026-02-04 10:58:58,OUT
8822,2026-02-04 11:00:50,OUT
7721,2026-02-04 11:06:29,OUT
2112,2026-02-04 11:07:07,OUT
9193,2026-02-04 11:12:56,OUT
8518,2026-02-04 11:18:19,IN
7258,2026-02-04 11:22:57,IN
4364,2026-02-04 11:26:01,IN
5009,2026-02-04 11:35:15,IN
4566,2026-02-04 11:35:31,IN
7721,2026-02-04 11:49:29,IN
8822,2026-02-04 11:54:50,IN
9193,2026-02-04 12:00:56,IN
2112,2026-02-04 12:04:07,IN
3762,2026-02-04 12:18:47,OUT
5024,2026-02-04 12:26:20,OUT
9839,2026-02-04 12:35:50,OUT
3640,2026-02-04 12:45:44,OUT
3640,2026-02-04 13:01:44,IN
3762,2026-02-04 13:06:47,IN
6827,2026-02-04 13:08:19,OUT
9839,2026-02-04 13:13:50,IN
5024,2026-02-04 13:26:20,IN
4054,2026-02-04 13:27:16,OUT
6827,2026-02-04 13:38:19,IN
4054,2026-02-04 13:48:16,IN
7258,2026-02-04 13:59:57,OUT
2112,2026-02-04 14:05:07,OUT
8518,2026-02-04 14:12:19,OUT
4364,2026-02-04 14:13:01,OUT
2112,2026-02-04 14:26:07,IN
9193,2026-02-04 14:26:56,OUT
4364,2026-02-04 14:28:01,IN
3640,2026-02-04 14:28:44,OUT
7721,2026-02-04 14:35:29,OUT
4566,2026-02-04 14:35:31,OUT
3640,2026-02-04 14:55:44,IN
7258,2026-02-04 14:57:57,IN
5009,2026-02-04 15:05:15,OUT
7721,2026-02-04 15:16:29,IN
4566,2026-02-04 15:19:31,IN
9839,2026-02-04 15:26:50,OUT
8822,2026-02-04 15:38:50,OUT
6827,2026-02-04 16:14:19,OUT
8822,2026-02-04 16:33:50,IN
4364,2026-02-04 16:36:01,OUT
3640,2026-02-04 16:49:44,OUT
4364,2026-02-04 16:52:01,IN
6827,2026-02-04 16:52:19,IN
3762,2026-02-04 16:58:47,OUT
3640,2026-02-04 17:12:44,IN
4054,2026-02-04 17:13:16,OUT
5024,2026-02-04 17:13:20,OUT
3762,2026-02-04 17:41:47,IN
4054,2026-02-04 17:42:16,IN
7258,2026-02-04 17:43:57,OUT
2112,2026-02-04 18:07:07,OUT
8822,2026-02-04 18:17:50,OUT
2112,2026-02-04 18:31:07,IN
7721,2026-02-04 18:31:29,OUT
4566,2026-02-04 18:35:31,OUT
8822,2026-02-04 18:44:50,IN
3762,2026-02-04 19:07:47,OUT
6827,2026-02-04 19:18:19,OUT
6827,2026-02-04 19:36:19,IN
3762,2026-02-04 19:46:47,IN
4364,2026-02-04 20:12:01,OUT
3640,2026-02-04 20:29:44,OUT
2112,2026-02-04 21:16:07,OUT
4054,2026-02-04 21:23:16,OUT
4054,2026-02-04 22:04:16,IN
8822,2026-02-04 22:29:50,OUT
6827,2026-02-04 22:31:19,OUT
3762,2026-02-04 23:01:47,OUT
4054,2026-02-05 00:01:16,OUT
9910,2026-02-05 07:07:08,IN
1553,2026-02-05 07:11:19,IN
8518,2026-02-05 07:34:03,IN
8565,2026-02-05 07:41:03,IN
3762,2026-02-05 07:43:31,IN
7721,2026-02-05 08:28:43,IN
8834,2026-02-05 08:31:45,IN
8518,2026-02-05 08:34:03,OUT
8762,2026-02-05 08:43:04,IN
5024,2026-02-05 08:48:42,IN
4566,2026-02-05 08:51:08,IN
3556,2026-02-05 08:52:33,IN
4364,2026-02-05 08:52:35,IN
5360,2026-02-05 09:06:37,IN
8518,2026-02-05 09:07:03,IN
9839,2026-02-05 09:12:43,IN
2112,2026-02-05 09:26:14,IN
6129,2026-02-05 09:34:40,IN
8834,2026-02-05 09:42:45,OUT
3640,2026-02-05 09:48:57,IN
8822,2026-02-05 09:51:26,IN
3762,2026-02-05 09:54:31,OUT
7721,2026-02-05 10:00:43,OUT
3556,2026-02-05 10:12:33,OUT
9910,2026-02-05 10:21:08,OUT
7721,2026-02-05 10:24:43,IN
8834,2026-02-05 10:32:45,IN
1553,2026-02-05 10:40:19,OUT
3556,2026-02-05 11:02:33,IN
4566,2026-02-05 11:07:08,OUT
4364,2026-02-05 11:07:35,OUT
9910,2026-02-05 11:12:08,IN
4364,2026-02-05 11:27:35,IN
4566,2026-02-05 11:28:08,IN
1553,2026-02-05 11:28:19,IN
8565,2026-02-05 11:29:03,OUT
5360,2026-02-05 11:29:37,OUT
3640,2026-02-05 11:37:57,OUT
8565,2026-02-05 11:45:03,IN
8762,2026-02-05 12:00:04,OUT
3640,2026-02-05 12:10:57,IN
8822,2026-02-05 12:16:26,OUT
8834,2026-02-05 12:23:45,OUT
2112,2026-02-05 12:25:14,OUT
5360,2026-02-05 12:25:37,IN
1553,2026-02-05 12:37:19,OUT
8762,2026-02-05 12:41:04,IN
7721,2026-02-05 12:43:43,OUT
9839,2026-02-05 12:43:43,OUT
5024,2026-02-05 12:47:42,OUT
8518,2026-02-05 12:50:03,OUT
1553,2026-02-05 12:54:19,IN
8822,2026-02-05 12:55:26,IN
2112,2026-02-05 13:02:14,IN
6129,2026-02-05 13:02:40,OUT
3556,2026-02-05 13:10:33,OUT
5024,2026-02-05 13:11:42,IN
7721,2026-02-05 13:22:43,IN
9839,2026-02-05 13:27:43,IN
4566,2026-02-05 13:42:08,OUT
8518,2026-02-05 13:49:03,IN
3556,2026-02-05 13:58:33,IN
2112,2026-02-05 14:25:14,OUT
4566,2026-02-05 14:32:08,IN
8762,2026-02-05 14:40:04,OUT
4364,2026-02-05 14:51:35,OUT
8762,2026-02-05 14:57:04,IN
5360,2026-02-05 15:01:37,OUT
9910,2026-02-05 15:03:08,OUT
3556,2026-02-05 15:08:33,OUT
8565,2026-02-05 15:30:03,OUT
4364,2026-02-05 15:37:35,IN
1553,2026-02-05 15:43:19,OUT
8518,2026-02-05 15:44:03,OUT
8822,2026-02-05 15:44:26,OUT
5024,2026-02-05 15:46:42,OUT
9910,2026-02-05 15:48:08,IN
9839,2026-02-05 15:49:43,OUT
5360,2026-02-05 15:50:37,IN
3640,2026-02-05 16:03:57,OUT
8565,2026-02-05 16:05:03,IN
7721,2026-02-05 16:06:43,OUT
8518,2026-02-05 16:07:03,IN
8822,2026-02-05 16:20:26,IN
1553,2026-02-05 16:37:19,IN
9839,2026-02-05 16:45:43,IN
7721,2026-02-05 16:52:43,IN
4566,2026-02-05 17:05:08,OUT
8565,2026-02-05 18:15:03,OUT
8762,2026-02-05 18:15:04,OUT
8518,2026-02-05 18:26:03,OUT
9839,2026-02-05 18:36:43,OUT
8762,2026-02-05 18:49:04,IN
9839,2026-02-05 18:51:43,IN
4364,2026-02-05 18:53:35,OUT
9910,2026-02-05 18:56:08,OUT
8565,2026-02-05 19:05:03,IN
5360,2026-02-05 19:28:37,OUT
8822,2026-02-05 19:32:26,OUT
7721,2026-02-05 19:46:43,OUT
8822,2026-02-05 20:28:26,IN
1553,2026-02-05 20:35:19,OUT
8565,2026-02-05 22:07:03,OUT
9839,2026-02-05 22:18:43,OUT
8762,2026-02-05 22:40:04,OUT
8822,2026-02-05 22:50:26,OUT
4763,2026-02-06 07:27:24,IN
5024,2026-02-06 07:38:02,IN
8518,2026-02-06 07:55:58,IN
2112,2026-02-06 08:12:41,IN
1553,2026-02-06 08:19:17,IN
4364,2026-02-06 08:24:33,IN
8822,2026-02-06 08:25:22,IN
5146,2026-02-06 08:32:50,IN
3762,2026-02-06 08:40:19,IN
4566,2026-02-06 08:51:30,IN
5024,2026-02-06 09:04:02,OUT
6129,2026-02-06 09:08:02,IN
8565,2026-02-06 09:09:26,IN
5360,2026-02-06 09:10:39,IN
8518,2026-02-06 09:10:58,OUT
1327,2026-02-06 09:11:29,IN
1187,2026-02-06 09:12:38,IN
3556,2026-02-06 09:18:19,IN
7721,2026-02-06 09:18:41,IN
1553,2026-02-06 09:31:17,OUT
7258,2026-02-06 09:34:43,IN
3640,2026-02-06 09:37:29,IN
9910,2026-02-06 09:45:39,IN
8518,2026-02-06 09:49:58,IN
2112,2026-02-06 09:53:41,OUT
1553,2026-02-06 09:57:17,IN
8822,2026-02-06 10:10:22,OUT
4763,2026-02-06 10:12:24,OUT
5360,2026-02-06 10:17:39,OUT
5146,2026-02-06 10:23:50,OUT
4763,2026-02-06 10:28:24,IN
6129,2026-02-06 10:29:02,OUT
8822,2026-02-06 10:33:22,IN
8565,2026-02-06 10:36:26,OUT
5146,2026-02-06 10:44:50,IN
5360,2026-02-06 10:50:39,IN
7258,2026-02-06 11:01:43,OUT
4364,2026-02-06 11:07:33,OUT
4364,2026-02-06 11:27:33,IN
3556,2026-02-06 11:29:19,OUT
4566,2026-02-06 11:29:30,OUT
7258,2026-02-06 11:33:43,IN
1187,2026-02-06 11:34:38,OUT
3762,2026-02-06 11:36:19,OUT
8518,2026-02-06 11:38:58,OUT
4566,2026-02-06 11:53:30,IN
1327,2026-02-06 12:12:29,OUT
3556,2026-02-06 12:19:19,IN
7721,2026-02-06 12:25:41,OUT
4364,2026-02-06 12:47:33,OUT
1327,2026-02-06 12:49:29,IN
4763,2026-02-06 12:50:24,OUT
9910,2026-02-06 13:20:39,OUT
5146,2026-02-06 13:21:50,OUT
7721,2026-02-06 13:23:41,IN
3640,2026-02-06 13:28:29,OUT
4364,2026-02-06 13:39:33,IN
1553,2026-02-06 13:49:17,OUT
9910,2026-02-06 13:50:39,IN
5146,2026-02-06 13:58:50,IN
3640,2026-02-06 14:03:29,IN
1327,2026-02-06 14:08:29,OUT
5360,2026-02-06 14:09:39,OUT
8822,2026-02-06 14:13:22,OUT
7258,2026-02-06 14:19:43,OUT
1553,2026-02-06 14:27:17,IN
1327,2026-02-06 14:32:29,IN
7258,2026-02-06 14:34:43,IN
5360,2026-02-06 14:35:39,IN
7721,2026-02-06 14:35:41,OUT
7721,2026-02-06 14:58:41,IN
5146,2026-02-06 15:16:50,OUT
4566,2026-02-06 15:31:30,OUT
3556,2026-02-06 15:48:19,OUT
4566,2026-02-06 15:56:30,IN
1327,2026-02-06 16:03:29,OUT
3640,2026-02-06 16:06:29,OUT
9910,2026-02-06 16:07:39,OUT
1553,2026-02-06 16:19:17,OUT
7721,2026-02-06 16:25:41,OUT
1327,2026-02-06 16:32:29,IN
3556,2026-02-06 16:34:19,IN
9910,2026-02-06 16:36:39,IN
1553,2026-02-06 16:56:17,IN
4364,2026-02-06 17:04:33,OUT
3556,2026-02-06 17:44:19,OUT
5360,2026-02-06 18:06:39,OUT
7258,2026-02-06 18:11:43,OUT
3556,2026-02-06 18:23:19,IN
9910,2026-02-06 18:43:39,OUT
5360,2026-02-06 18:43:39,IN
7258,2026-02-06 19:00:43,IN
9910,2026-02-06 19:11:39,IN
4566,2026-02-06 19:21:30,OUT
5360,2026-02-06 19:46:39,OUT
3556,2026-02-06 19:55:19,OUT
1327,2026-02-06 20:02:29,OUT
9910,2026-02-06 20:28:39,OUT
1553,2026-02-06 20:40:17,OUT
7258,2026-02-06 21:47:43,OUT
5558,2026-02-09 07:02:45,IN
4364,2026-02-09 07:17:08,IN
2112,2026-02-09 07:35:38,IN
8565,2026-02-09 08:04:09,IN
8834,2026-02-09 08:04:12,IN
6604,2026-02-09 08:12:24,IN
5024,2026-02-09 08:20:46,IN
4054,2026-02-09 08:36:29,IN
3640,2026-02-09 08:40:43,IN
4763,2026-02-09 08:45:24,IN
3556,2026-02-09 08:49:30,IN
9910,2026-02-09 09:01:14,IN
4566,2026-02-09 09:06:06,IN
7721,2026-02-09 09:07:26,IN
2112,2026-02-09 09:12:38,OUT
1327,2026-02-09 09:13:38,IN
5558,2026-02-09 09:13:45,OUT
5009,2026-02-09 09:17:16,IN
5360,2026-02-09 09:18:47,IN
6129,2026-02-09 09:20:10,IN
6827,2026-02-09 09:21:31,IN
1187,2026-02-09 09:24:24,IN
3762,2026-02-09 09:30:51,IN
4763,2026-02-09 09:48:24,OUT
7258,2026-02-09 09:50:39,IN
5024,2026-02-09 09:57:46,OUT
5558,2026-02-09 09:58:45,IN
8565,2026-02-09 10:08:09,OUT
6129,2026-02-09 10:29:10,OUT
5024,2026-02-09 10:35:46,IN
4763,2026-02-09 10:41:24,IN
4364,2026-02-09 10:48:08,OUT
8834,2026-02-09 11:01:12,OUT
8565,2026-02-09 11:03:09,IN
1187,2026-02-09 11:05:24,OUT
6129,2026-02-09 11:07:10,IN
3556,2026-02-09 11:08:30,OUT
4054,2026-02-09 11:19:29,OUT
3762,2026-02-09 11:21:51,OUT
7258,2026-02-09 11:25:39,OUT
1187,2026-02-09 11:34:24,IN
3640,2026-02-09 11:38:43,OUT
4054,2026-02-09 11:41:29,IN
4364,2026-02-09 11:44:08,IN
3556,2026-02-09 11:47:30,IN
6604,2026-02-09 11:54:24,OUT
5009,2026-02-09 11:55:16,OUT
5024,2026-02-09 11:55:46,OUT
8834,2026-02-09 11:57:12,IN
7258,2026-02-09 11:57:39,IN
1327,2026-02-09 11:59:38,OUT
7721,2026-02-09 12:14:26,OUT
5558,2026-02-09 12:17:45,OUT
5024,2026-02-09 12:20:46,IN
6604,2026-02-09 12:32:24,IN
9910,2026-02-09 12:46:14,OUT
5360,2026-02-09 12:48:47,OUT
5009,2026-02-09 12:52:16,IN
4566,2026-02-09 12:56:06,OUT
5558,2026-02-09 12:57:45,IN
4763,2026-02-09 13:11:24,OUT
4566,2026-02-09 13:15:06,IN
3556,2026-02-09 13:15:30,OUT
6827,2026-02-09 13:15:31,OUT
8834,2026-02-09 13:19:12,OUT
5360,2026-02-09 13:20:47,IN
4364,2026-02-09 13:21:08,OUT
8565,2026-02-09 13:28:09,OUT
9910,2026-02-09 13:39:14,IN
8565,2026-02-09 13:43:09,IN
8834,2026-02-09 13:46:12,IN
3556,2026-02-09 14:04:30,IN
4364,2026-02-09 14:18:08,IN
4054,2026-02-09 14:25:29,OUT
1187,2026-02-09 14:30:24,OUT
4566,2026-02-09 14:40:06,OUT
4054,2026-02-09 14:44:29,IN
6129,2026-02-09 14:50:10,OUT
9910,2026-02-09 14:51:14,OUT
7258,2026-02-09 15:04:39,OUT
6129,2026-02-09 15:08:10,IN
5360,2026-02-09 15:18:47,OUT
8565,2026-02-09 15:21:09,OUT
5558,2026-02-09 15:31:45,OUT
5009,2026-02-09 15:44:16,OUT
8565,2026-02-09 15:53:09,IN
5024,2026-02-09 16:07:46,OUT
8834,2026-02-09 16:13:12,OUT
5009,2026-02-09 16:14:16,IN
6604,2026-02-09 16:30:24,OUT
5024,2026-02-09 16:35:46,IN
6129,2026-02-09 16:55:10,OUT
6604,2026-02-09 17:07:24,IN
8565,2026-02-09 17:29:09,OUT
6129,2026-02-09 17:40:10,IN
3556,2026-02-09 17:56:30,OUT
5009,2026-02-09 18:09:16,OUT
4364,2026-02-09 18:14:08,OUT
5009,2026-02-09 18:24:16,IN
5024,2026-02-09 18:26:46,OUT
6604,2026-02-09 18:29:24,OUT
4364,2026-02-09 18:35:08,IN
4054,2026-02-09 18:37:29,OUT
3556,2026-02-09 18:43:30,IN
4054,2026-02-09 19:14:29,IN
6129,2026-02-09 19:30:10,OUT
5009,2026-02-09 20:24:16,OUT
4364,2026-02-09 21:27:08,OUT
4054,2026-02-09 21:41:29,OUT
3556,2026-02-09 22:19:30,OUT
8822,2026-02-10 07:06:37,IN
7412,2026-02-10 07:09:50,IN
3640,2026-02-10 07:10:05,IN
3762,2026-02-10 07:17:41,IN
8762,2026-02-10 07:18:15,IN
6827,2026-02-10 07:18:34,IN
7721,2026-02-10 07:23:02,IN
9839,2026-02-10 07:28:25,IN
4566,2026-02-10 07:44:16,IN
5024,2026-02-10 07:59:31,IN
8518,2026-02-10 08:03:28,IN
1553,2026-02-10 08:10:44,IN
1187,2026-02-10 08:30:02,IN
8762,2026-02-10 08:31:15,OUT
7258,2026-02-10 08:47:48,IN
9839,2026-02-10 08:50:25,OUT
6827,2026-02-10 09:03:34,OUT
9839,2026-02-10 09:06:25,IN
5146,2026-02-10 09:08:35,IN
8518,2026-02-10 09:11:28,OUT
1327,2026-02-10 09:13:50,IN
2112,2026-02-10 09:14:39,IN
1125,2026-02-10 09:15:19,IN
1187,2026-02-10 09:32:02,OUT
4364,2026-02-10 09:33:01,IN
8518,2026-02-10 09:41:28,IN
3556,2026-02-10 09:53:32,IN
6129,2026-02-10 09:54:12,IN
7412,2026-02-10 09:55:50,OUT
7721,2026-02-10 09:56:02,OUT
9910,2026-02-10 09:58:22,IN
8822,2026-02-10 10:22:37,OUT
3762,2026-02-10 10:35:41,OUT
3640,2026-02-10 10:46:05,OUT
7721,2026-02-10 10:47:02,IN
8822,2026-02-10 10:47:37,IN
5024,2026-02-10 10:52:31,OUT
1553,2026-02-10 10:58:44,OUT
4566,2026-02-10 11:00:16,OUT
1327,2026-02-10 11:01:50,OUT
9839,2026-02-10 11:06:25,OUT
6129,2026-02-10 11:13:12,OUT
3640,2026-02-10 11:14:05,IN
5146,2026-02-10 11:17:35,OUT
3762,2026-02-10 11:23:41,IN
5146,2026-02-10 11:32:35,IN
1327,2026-02-10 11:33:50,IN
1553,2026-02-10 11:38:44,IN
5024,2026-02-10 11:43:31,IN
6129,2026-02-10 11:46:12,IN
4364,2026-02-10 11:48:01,OUT
1125,2026-02-10 11:57:19,OUT
9839,2026-02-10 12:02:25,IN
4364,2026-02-10 12:03:01,IN
7258,2026-02-10 12:04:48,OUT
9910,2026-02-10 12:09:22,OUT
3640,2026-02-10 12:24:05,OUT
8822,2026-02-10 12:37:37,OUT
2112,2026-02-10 12:45:39,OUT
3762,2026-02-10 12:49:41,OUT
7721,2026-02-10 12:53:02,OUT
1125,2026-02-10 12:57:19,IN
7258,2026-02-10 12:59:48,IN
9910,2026-02-10 13:03:22,IN
8822,2026-02-10 13:05:37,IN
1553,2026-02-10 13:08:44,OUT
3640,2026-02-10 13:11:05,IN
8518,2026-02-10 13:14:28,OUT
7721,2026-02-10 13:18:02,IN
5024,2026-02-10 13:20:31,OUT
3556,2026-02-10 13:30:32,OUT
2112,2026-02-10 13:30:39,IN
8518,2026-02-10 13:41:28,IN
4364,2026-02-10 14:09:01,OUT
8822,2026-02-10 14:17:37,OUT
6129,2026-02-10 14:18:12,OUT
1125,2026-02-10 14:22:19,OUT
3556,2026-02-10 14:28:32,IN
9910,2026-02-10 14:30:22,OUT
4364,2026-02-10 14:41:01,IN
8822,2026-02-10 14:47:37,IN
1327,2026-02-10 15:02:50,OUT
5146,2026-02-10 15:03:35,OUT
1125,2026-02-10 15:06:19,IN
8518,2026-02-10 15:09:28,OUT
9839,2026-02-10 15:11:25,OUT
1327,2026-02-10 15:49:50,IN
8822,2026-02-10 15:54:37,OUT
5146,2026-02-10 15:55:35,IN
3640,2026-02-10 16:36:05,OUT
7721,2026-02-10 16:45:02,OUT
7258,2026-02-10 16:49:48,OUT
4364,2026-02-10 17:02:01,OUT
2112,2026-02-10 17:09:39,OUT
3556,2026-02-10 17:13:32,OUT
7258,2026-02-10 17:33:48,IN
5146,2026-02-10 17:45:35,OUT
3556,2026-02-10 17:47:32,IN
2112,2026-02-10 17:54:39,IN
1125,2026-02-10 18:01:19,OUT
5146,2026-02-10 18:08:35,IN
3556,2026-02-10 18:58:32,OUT
1327,2026-02-10 19:28:50,OUT
5146,2026-02-10 19:35:35,OUT
7258,2026-02-10 19:40:48,OUT
1327,2026-02-10 19:44:50,IN
7258,2026-02-10 19:57:48,IN
2112,2026-02-10 20:29:39,OUT
2112,2026-02-10 21:16:39,IN
7258,2026-02-10 21:27:48,OUT
1327,2026-02-10 23:25:50,OUT
2112,2026-02-11 00:29:39,OUT
5024,2026-02-11 07:30:00,IN
1553,2026-02-11 07:38:16,IN
4566,2026-02-11 07:41:13,IN
1016,2026-02-11 07:57:53,IN
5360,2026-02-11 08:27:53,IN
1187,2026-02-11 08:35:06,IN
8822,2026-02-11 08:44:06,IN
7412,2026-02-11 08:48:13,IN
6129,2026-02-11 08:52:51,IN
1327,2026-02-11 08:55:33,IN
1016,2026-02-11 08:57:53,OUT
7258,2026-02-11 09:02:11,IN
3762,2026-02-11 09:15:40,IN
9839,2026-02-11 09:16:16,IN
1553,2026-02-11 09:34:16,OUT
7721,2026-02-11 09:37:21,IN
8518,2026-02-11 09:37:34,IN
8762,2026-02-11 09:40:37,IN
3640,2026-02-11 09:41:59,IN
1016,2026-02-11 09:46:53,IN
8565,2026-02-11 09:48:31,IN
5024,2026-02-11 10:29:00,OUT
7258,2026-02-11 10:43:11,OUT
7721,2026-02-11 10:48:21,OUT
5360,2026-02-11 11:02:53,OUT
8822,2026-02-11 11:12:06,OUT
1187,2026-02-11 11:16:06,OUT
4566,2026-02-11 11:22:13,OUT
9839,2026-02-11 11:23:16,OUT
7721,2026-02-11 11:29:21,IN
1187,2026-02-11 11:31:06,IN
6129,2026-02-11 11:36:51,OUT
7412,2026-02-11 11:38:13,OUT
7412,2026-02-11 11:55:13,IN
5360,2026-02-11 11:55:53,IN
4566,2026-02-11 11:57:13,IN
8822,2026-02-11 12:05:06,IN
3762,2026-02-11 12:09:40,OUT
1327,2026-02-11 12:11:33,OUT
1016,2026-02-11 12:13:53,OUT
8565,2026-02-11 12:16:31,OUT
8762,2026-02-11 12:33:37,OUT
6129,2026-02-11 12:35:51,IN
1327,2026-02-11 12:37:33,IN
3762,2026-02-11 12:55:40,IN
8518,2026-02-11 12:56:34,OUT
3640,2026-02-11 13:07:59,OUT
8565,2026-02-11 13:11:31,IN
8762,2026-02-11 13:27:37,IN
7721,2026-02-11 13:36:21,OUT
8518,2026-02-11 13:46:34,IN
3640,2026-02-11 13:53:59,IN
5360,2026-02-11 13:55:53,OUT
8565,2026-02-11 14:18:31,OUT
5360,2026-02-11 14:20:53,IN
4566,2026-02-11 14:21:13,OUT
1327,2026-02-11 14:21:33,OUT
1187,2026-02-11 14:32:06,OUT
7412,2026-02-11 14:36:13,OUT
1327,2026-02-11 14:40:33,IN
4566,2026-02-11 14:53:13,IN
7412,2026-02-11 15:00:13,IN
1187,2026-02-11 15:20:06,IN
3762,2026-02-11 15:27:40,OUT
3640,2026-02-11 15:57:59,OUT
3762,2026-02-11 16:02:40,IN
8822,2026-02-11 16:03:06,OUT
8822,2026-02-11 16:22:06,IN
6129,2026-02-11 16:33:51,OUT
3640,2026-02-11 16:42:59,IN
6129,2026-02-11 16:50:51,IN
8762,2026-02-11 16:57:37,OUT
8762,2026-02-11 17:22:37,IN
1327,2026-02-11 17:24:33,OUT
8518,2026-02-11 17:34:34,OUT
3762,2026-02-11 17:35:40,OUT
5360,2026-02-11 17:39:53,OUT
7412,2026-02-11 17:49:13,OUT
1327,2026-02-11 17:59:33,IN
8518,2026-02-11 18:12:34,IN
4566,2026-02-11 18:14:13,OUT
8822,2026-02-11 18:26:06,OUT
1187,2026-02-11 18:34:06,OUT
6129,2026-02-11 18:38:51,OUT
8762,2026-02-11 18:54:37,OUT
4566,2026-02-11 19:01:13,IN
8762,2026-02-11 19:23:37,IN
3640,2026-02-11 20:11:59,OUT
4566,2026-02-11 20:16:13,OUT
8518,2026-02-11 20:19:34,OUT
8518,2026-02-11 20:48:34,IN
3640,2026-02-11 20:57:59,IN
1327,2026-02-11 21:58:33,OUT
8762,2026-02-11 21:58:37,OUT
3640,2026-02-11 22:10:59,OUT
8518,2026-02-11 22:45:34,OUT
9910,2026-02-12 07:07:18,IN
4364,2026-02-12 07:20:35,IN
7721,2026-02-12 07:30:55,IN
1327,2026-02-12 07:33:15,IN
6129,2026-02-12 07:49:09,IN
8762,2026-02-12 07:50:31,IN
6718,2026-02-12 07:57:48,IN
2112,2026-02-12 08:11:11,IN
3640,2026-02-12 08:16:54,IN
4566,2026-02-12 08:24:23,IN
8834,2026-02-12 08:26:06,IN
3762,2026-02-12 08:50:44,IN
8518,2026-02-12 09:11:12,IN
7412,2026-02-12 09:13:32,IN
3640,2026-02-12 09:23:54,OUT
8565,2026-02-12 09:25:58,IN
5009,2026-02-12 09:37:46,IN
8834,2026-02-12 09:40:06,OUT
3640,2026-02-12 10:05:54,IN
6129,2026-02-12 10:10:09,OUT
8834,2026-02-12 10:15:06,IN
3762,2026-02-12 10:18:44,OUT
9910,2026-02-12 10:19:18,OUT
3762,2026-02-12 10:35:44,IN
6129,2026-02-12 10:49:09,IN
6718,2026-02-12 10:58:48,OUT
7721,2026-02-12 11:00:55,OUT
9910,2026-02-12 11:03:18,IN
4566,2026-02-12 11:06:23,OUT
4364,2026-02-12 11:06:35,OUT
7412,2026-02-12 11:08:32,OUT
1327,2026-02-12 11:10:15,OUT
3640,2026-02-12 11:25:54,OUT
1327,2026-02-12 11:27:15,IN
2112,2026-02-12 11:35:11,OUT
6718,2026-02-12 11:39:48,IN
3762,2026-02-12 11:40:44,OUT
4364,2026-02-12 11:41:35,IN
7721,2026-02-12 11:43:55,IN
8762,2026-02-12 11:44:31,OUT
5009,2026-02-12 11:46:46,OUT
4566,2026-02-12 11:49:23,IN
3762,2026-02-12 11:56:44,IN
7412,2026-02-12 11:57:32,IN
8762,2026-02-12 12:07:31,IN
5009,2026-02-12 12:39:46,IN
1327,2026-02-12 12:49:15,OUT
8518,2026-02-12 12:57:12,OUT
8834,2026-02-12 13:00:06,OUT
7412,2026-02-12 13:05:32,OUT
3762,2026-02-12 13:13:44,OUT
8565,2026-02-12 13:14:58,OUT
1327,2026-02-12 13:15:15,IN
7412,2026-02-12 13:30:32,IN
8518,2026-02-12 13:38:12,IN
4566,2026-02-12 13:43:23,OUT
6718,2026-02-12 13:46:48,OUT
8834,2026-02-12 13:47:06,IN
5009,2026-02-12 13:51:46,OUT
8762,2026-02-12 13:53:31,OUT
8565,2026-02-12 13:54:58,IN
9910,2026-02-12 14:05:18,OUT
6129,2026-02-12 14:14:09,OUT
5009,2026-02-12 14:25:46,IN
6718,2026-02-12 14:28:48,IN
9910,2026-02-12 14:33:18,IN
7721,2026-02-12 14:43:55,OUT
6129,2026-02-12 15:02:09,IN
7721,2026-02-12 15:22:55,IN
4364,2026-02-12 15:32:35,OUT
8518,2026-02-12 15:34:12,OUT
6718,2026-02-12 15:44:48,OUT
8565,2026-02-12 15:52:58,OUT
4364,2026-02-12 15:59:35,IN
7412,2026-02-12 16:01:32,OUT
1327,2026-02-12 16:14:15,OUT
8518,2026-02-12 16:22:12,IN
6718,2026-02-12 16:33:48,IN
6129,2026-02-12 16:41:09,OUT
8834,2026-02-12 17:27:06,OUT
9910,2026-02-12 17:27:18,OUT
5009,2026-02-12 17:45:46,OUT
6718,2026-02-12 18:04:48,OUT
8834,2026-02-12 18:10:06,IN
7721,2026-02-12 18:19:55,OUT
4364,2026-02-12 18:28:35,OUT
7721,2026-02-12 19:16:55,IN
8518,2026-02-12 19:54:12,OUT
8834,2026-02-12 20:33:06,OUT
7721,2026-02-12 21:15:55,OUT
8822,2026-02-13 07:00:25,IN
7721,2026-02-13 07:08:41,IN
9839,2026-02-13 07:13:52,IN
3762,2026-02-13 07:15:23,IN
8834,2026-02-13 07:21:45,IN
5360,2026-02-13 07:41:18,IN
6827,2026-02-13 07:58:16,IN
1327,2026-02-13 08:54:50,IN
8518,2026-02-13 08:55:38,IN
7721,2026-02-13 08:56:41,OUT
4364,2026-02-13 08:59:10,IN
6129,2026-02-13 09:12:04,IN
7258,2026-02-13 09:16:09,IN
5024,2026-02-13 09:28:15,IN
2112,2026-02-13 09:28:40,IN
1553,2026-02-13 09:38:00,IN
3640,2026-02-13 09:39:46,IN
7721,2026-02-13 09:45:41,IN
4566,2026-02-13 09:49:30,IN
8834,2026-02-13 09:56:45,OUT
3762,2026-02-13 10:11:23,OUT
5360,2026-02-13 10:23:18,OUT
8518,2026-02-13 10:23:38,OUT
9839,2026-02-13 10:38:52,OUT
7258,2026-02-13 10:42:09,OUT
3762,2026-02-13 10:48:23,IN
8834,2026-02-13 10:52:45,IN
4566,2026-02-13 10:53:30,OUT
3640,2026-02-13 10:53:46,OUT
8518,2026-02-13 10:56:38,IN
8822,2026-02-13 10:58:25,OUT
6827,2026-02-13 11:07:16,OUT
1327,2026-02-13 11:10:50,OUT
2112,2026-02-13 11:14:40,OUT
6129,2026-02-13 11:15:04,OUT
9839,2026-02-13 11:28:52,IN
1327,2026-02-13 11:29:50,IN
4566,2026-02-13 11:34:30,IN
4364,2026-02-13 11:47:10,OUT
6827,2026-02-13 11:55:16,IN
6129,2026-02-13 11:59:04,IN
7721,2026-02-13 12:08:41,OUT
8834,2026-02-13 12:27:45,OUT
1553,2026-02-13 12:30:00,OUT
4364,2026-02-13 12:32:10,IN
5024,2026-02-13 12:40:15,OUT
7721,2026-02-13 12:43:41,IN
9839,2026-02-13 12:46:52,OUT
4566,2026-02-13 12:54:30,OUT
1553,2026-02-13 13:15:00,IN
5024,2026-02-13 13:17:15,IN
3762,2026-02-13 13:23:23,OUT
8834,2026-02-13 13:25:45,IN
8518,2026-02-13 13:46:38,OUT
4566,2026-02-13 13:49:30,IN
6129,2026-02-13 13:56:04,OUT
3762,2026-02-13 14:14:23,IN
6129,2026-02-13 14:19:04,IN
4364,2026-02-13 14:59:10,OUT
1553,2026-02-13 15:01:00,OUT
1327,2026-02-13 15:08:50,OUT
4566,2026-02-13 15:15:30,OUT
3762,2026-02-13 15:36:23,OUT
8834,2026-02-13 15:36:45,OUT
7721,2026-02-13 15:38:41,OUT
6827,2026-02-13 15:40:16,OUT
1327,2026-02-13 15:40:50,IN
1553,2026-02-13 15:44:00,IN
3762,2026-02-13 16:02:23,IN
7721,2026-02-13 16:18:41,IN
6129,2026-02-13 16:21:04,OUT
8834,2026-02-13 16:28:45,IN
5024,2026-02-13 16:33:15,OUT
5024,2026-02-13 17:22:15,IN
1327,2026-02-13 18:38:50,OUT
5024,2026-02-13 18:41:15,OUT
7721,2026-02-13 18:49:41,OUT
5024,2026-02-13 19:01:15,IN
8834,2026-02-13 19:14:45,OUT
3762,2026-02-13 19:20:23,OUT
1553,2026-02-13 19:38:00,OUT
1553,2026-02-13 20:10:00,IN
5024,2026-02-13 20:27:15,OUT
1553,2026-02-13 23:51:00,OUT
3640,2026-02-16 07:06:53,IN
8822,2026-02-16 07:10:50,IN
2112,2026-02-16 07:45:20,IN
1125,2026-02-16 07:46:39,IN
5024,2026-02-16 08:04:17,IN
7721,2026-02-16 08:16:25,IN
7258,2026-02-16 08:18:22,IN
8834,2026-02-16 08:19:52,IN
3640,2026-02-16 08:20:53,OUT
1187,2026-02-16 08:22:02,IN
8822,2026-02-16 08:24:50,OUT
5360,2026-02-16 08:34:59,IN
3640,2026-02-16 08:45:53,IN
4364,2026-02-16 08:46:37,IN
4566,2026-02-16 08:48:14,IN
9910,2026-02-16 09:15:28,IN
8822,2026-02-16 09:15:50,IN
6129,2026-02-16 09:20:39,IN
8518,2026-02-16 09:29:35,IN
4054,2026-02-16 09:41:47,IN
4566,2026-02-16 09:50:14,OUT
1327,2026-02-16 09:55:00,IN
3762,2026-02-16 09:59:27,IN
4566,2026-02-16 10:08:14,IN
8834,2026-02-16 10:20:52,OUT
8834,2026-02-16 10:44:52,IN
4054,2026-02-16 11:03:47,OUT
8822,2026-02-16 11:07:50,OUT
9910,2026-02-16 11:12:28,OUT
2112,2026-02-16 11:17:20,OUT
5360,2026-02-16 11:25:59,OUT
9910,2026-02-16 11:29:28,IN
7721,2026-02-16 11:31:25,OUT
1125,2026-02-16 11:45:39,OUT
7258,2026-02-16 11:47:22,OUT
1327,2026-02-16 11:54:00,OUT
5024,2026-02-16 11:55:17,OUT
4566,2026-02-16 11:58:14,OUT
2112,2026-02-16 12:02:20,IN
3762,2026-02-16 12:03:27,OUT
1125,2026-02-16 12:03:39,IN
5360,2026-02-16 12:08:59,IN
1327,2026-02-16 12:11:00,IN
7721,2026-02-16 12:12:25,IN
7258,2026-02-16 12:16:22,IN
1187,2026-02-16 12:21:02,OUT
5024,2026-02-16 12:21:17,IN
4364,2026-02-16 12:24:37,OUT
3640,2026-02-16 12:29:53,OUT
4566,2026-02-16 12:34:14,IN
8518,2026-02-16 12:37:35,OUT
1187,2026-02-16 12:50:02,IN
3762,2026-02-16 12:50:27,IN
4364,2026-02-16 13:02:37,IN
2112,2026-02-16 13:05:20,OUT
6129,2026-02-16 13:06:39,OUT
2112,2026-02-16 13:20:20,IN
7258,2026-02-16 13:21:22,OUT
1125,2026-02-16 13:26:39,OUT
1125,2026-02-16 13:50:39,IN
1327,2026-02-16 13:55:00,OUT
7258,2026-02-16 14:00:22,IN
7721,2026-02-16 14:04:25,OUT
5360,2026-02-16 14:04:59,OUT
1327,2026-02-16 14:16:00,IN
8834,2026-02-16 14:41:52,OUT
7721,2026-02-16 14:42:25,IN
4364,2026-02-16 14:42:37,OUT
9910,2026-02-16 14:59:28,OUT
4566,2026-02-16 15:04:14,OUT
9910,2026-02-16 15:24:28,IN
4364,2026-02-16 15:25:37,IN
7258,2026-02-16 15:34:22,OUT
4566,2026-02-16 15:38:14,IN
8834,2026-02-16 15:38:52,IN
3762,2026-02-16 15:42:27,OUT
2112,2026-02-16 16:08:20,OUT
5024,2026-02-16 16:15:17,OUT
2112,2026-02-16 16:23:20,IN
1187,2026-02-16 16:38:02,OUT
7721,2026-02-16 16:47:25,OUT
8834,2026-02-16 16:54:52,OUT
5024,2026-02-16 16:57:17,IN
1125,2026-02-16 17:20:39,OUT
4364,2026-02-16 17:32:37,OUT
1187,2026-02-16 17:35:02,IN
8834,2026-02-16 17:35:52,IN
1327,2026-02-16 17:43:00,OUT
4364,2026-02-16 18:30:37,IN
4566,2026-02-16 18:36:14,OUT
9910,2026-02-16 18:37:28,OUT
5024,2026-02-16 19:07:17,OUT
8834,2026-02-16 19:16:52,OUT
5024,2026-02-16 19:47:17,IN
2112,2026-02-16 20:19:20,OUT
4364,2026-02-16 20:40:37,OUT
1187,2026-02-16 20:52:02,OUT
5024,2026-02-16 21:03:17,OUT
5360,2026-02-17 07:01:04,IN
4364,2026-02-17 07:13:15,IN
6129,2026-02-17 07:18:23,IN
5146,2026-02-17 07:37:18,IN
6827,2026-02-17 07:46:32,IN
9193,2026-02-17 07:48:00,IN
8762,2026-02-17 07:55:51,IN
9910,2026-02-17 08:02:12,IN
5024,2026-02-17 08:12:46,IN
8822,2026-02-17 08:17:32,IN
8565,2026-02-17 08:23:15,IN
5146,2026-02-17 08:59:18,OUT
9193,2026-02-17 09:12:00,OUT
7412,2026-02-17 09:15:14,IN
8518,2026-02-17 09:23:54,IN
2112,2026-02-17 09:24:07,IN
3762,2026-02-17 09:26:34,IN
6129,2026-02-17 09:33:23,OUT
5146,2026-02-17 09:35:18,IN
7721,2026-02-17 09:41:44,IN
9839,2026-02-17 09:44:35,IN
3640,2026-02-17 09:46:57,IN
5360,2026-02-17 09:54:04,OUT
4566,2026-02-17 09:56:20,IN
7258,2026-02-17 09:56:32,IN
9193,2026-02-17 10:09:00,IN
6129,2026-02-17 10:13:23,IN
8565,2026-02-17 10:15:15,OUT
5360,2026-02-17 10:32:04,IN
3762,2026-02-17 10:32:34,OUT
4364,2026-02-17 10:49:15,OUT
2112,2026-02-17 10:52:07,OUT
5146,2026-02-17 10:53:18,OUT
8565,2026-02-17 11:13:15,IN
5024,2026-02-17 11:16:46,OUT
4364,2026-02-17 11:23:15,IN
3762,2026-02-17 11:26:34,IN
9910,2026-02-17 11:30:12,OUT
8822,2026-02-17 11:30:32,OUT
2112,2026-02-17 11:31:07,IN
5360,2026-02-17 11:32:04,OUT
4566,2026-02-17 11:32:20,OUT
7258,2026-02-17 11:32:32,OUT
6827,2026-02-17 11:40:32,OUT
5146,2026-02-17 11:42:18,IN
5024,2026-02-17 11:47:46,IN
8762,2026-02-17 11:53:51,OUT
8822,2026-02-17 11:58:32,IN
5360,2026-02-17 11:59:04,IN
9839,2026-02-17 12:17:35,OUT
7412,2026-02-17 12:19:14,OUT
3640,2026-02-17 12:20:57,OUT
9839,2026-02-17 12:40:35,IN
8518,2026-02-17 12:41:54,OUT
3762,2026-02-17 12:46:34,OUT
7721,2026-02-17 12:49:44,OUT
3640,2026-02-17 13:03:57,IN
8518,2026-02-17 13:13:54,IN
7412,2026-02-17 13:16:14,IN
9193,2026-02-17 13:20:00,OUT
6129,2026-02-17 13:27:23,OUT
7721,2026-02-17 13:32:44,IN
5146,2026-02-17 13:43:18,OUT
6129,2026-02-17 14:00:23,IN
5360,2026-02-17 14:02:04,OUT
8822,2026-02-17 14:04:32,OUT
9193,2026-02-17 14:12:00,IN
2112,2026-02-17 14:13:07,OUT
8565,2026-02-17 14:13:15,OUT
4364,2026-02-17 14:14:15,OUT
7412,2026-02-17 14:22:14,OUT
8822,2026-02-17 14:28:32,IN
5146,2026-02-17 14:32:18,IN
7721,2026-02-17 14:32:44,OUT
4364,2026-02-17 14:48:15,IN
7721,2026-02-17 15:10:44,IN
8518,2026-02-17 15:12:54,OUT
7412,2026-02-17 15:18:14,IN
5024,2026-02-17 15:22:46,OUT
9839,2026-02-17 15:32:35,OUT
8518,2026-02-17 16:05:54,IN
5024,2026-02-17 16:07:46,IN
3640,2026-02-17 16:08:57,OUT
9839,2026-02-17 16:13:35,IN
8822,2026-02-17 16:17:32,OUT
6129,2026-02-17 16:25:23,OUT
6129,2026-02-17 16:48:23,IN
8822,2026-02-17 16:49:32,IN
7721,2026-02-17 16:54:44,OUT
5146,2026-02-17 16:55:18,OUT
9193,2026-02-17 17:24:00,OUT
9839,2026-02-17 17:39:35,OUT
7412,2026-02-17 18:00:14,OUT
5024,2026-02-17 18:15:46,OUT
9839,2026-02-17 18:30:35,IN
4364,2026-02-17 18:42:15,OUT
6129,2026-02-17 18:43:23,OUT
5024,2026-02-17 19:04:46,IN
4364,2026-02-17 19:27:15,IN
8518,2026-02-17 19:43:54,OUT
8822,2026-02-17 20:14:32,OUT
9839,2026-02-17 21:20:35,OUT
5024,2026-02-17 21:35:46,OUT
4364,2026-02-17 22:46:15,OUT
8518,2026-02-18 07:13:05,IN
3640,2026-02-18 07:20:45,IN
4566,2026-02-18 07:46:31,IN
4763,2026-02-18 07:52:24,IN
2112,2026-02-18 07:55:16,IN
7721,2026-02-18 08:01:16,IN
5558,2026-02-18 08:04:43,IN
8822,2026-02-18 08:05:43,IN
5360,2026-02-18 08:10:01,IN
9839,2026-02-18 08:25:14,IN
5024,2026-02-18 08:34:34,IN
8565,2026-02-18 08:45:05,IN
3640,2026-02-18 08:47:45,OUT
8518,2026-02-18 08:50:05,OUT
6129,2026-02-18 08:51:30,IN
8518,2026-02-18 09:09:05,IN
4364,2026-02-18 09:11:52,IN
1327,2026-02-18 09:26:14,IN
9839,2026-02-18 09:31:14,OUT
1187,2026-02-18 09:32:41,IN
3556,2026-02-18 09:33:08,IN
7258,2026-02-18 09:41:59,IN
5360,2026-02-18 09:48:01,OUT
9839,2026-02-18 09:54:14,IN
7721,2026-02-18 10:22:16,OUT
5360,2026-02-18 10:23:01,IN
8565,2026-02-18 10:52:05,OUT
8518,2026-02-18 11:01:05,OUT
7258,2026-02-18 11:01:59,OUT
1187,2026-02-18 11:05:41,OUT
7721,2026-02-18 11:09:16,IN
8565,2026-02-18 11:12:05,IN
4763,2026-02-18 11:24:24,OUT
8518,2026-02-18 11:27:05,IN
4566,2026-02-18 11:27:31,OUT
7258,2026-02-18 11:28:59,IN
4763,2026-02-18 11:42:24,IN
4566,2026-02-18 11:43:31,IN
2112,2026-02-18 11:46:16,OUT
4364,2026-02-18 11:46:52,OUT
8822,2026-02-18 11:48:43,OUT
5360,2026-02-18 11:51:01,OUT
5024,2026-02-18 12:01:34,OUT
5558,2026-02-18 12:01:43,OUT
4364,2026-02-18 12:19:52,IN
9839,2026-02-18 12:27:14,OUT
3556,2026-02-18 12:28:08,OUT
5558,2026-02-18 12:29:43,IN
8822,2026-02-18 12:29:43,IN
2112,2026-02-18 12:33:16,IN
5024,2026-02-18 12:33:34,IN
6129,2026-02-18 12:39:30,OUT
8518,2026-02-18 12:57:05,OUT
1327,2026-02-18 13:11:14,OUT
6129,2026-02-18 13:30:30,IN
5024,2026-02-18 13:35:34,OUT
1327,2026-02-18 13:42:14,IN
4364,2026-02-18 13:42:52,OUT
8518,2026-02-18 13:45:05,IN
7258,2026-02-18 13:45:59,OUT
4566,2026-02-18 13:48:31,OUT
7721,2026-02-18 13:57:16,OUT
5024,2026-02-18 14:08:34,IN
4566,2026-02-18 14:09:31,IN
4364,2026-02-18 14:10:52,IN
8822,2026-02-18 14:33:43,OUT
7721,2026-02-18 14:48:16,IN
8565,2026-02-18 15:03:05,OUT
5558,2026-02-18 15:11:43,OUT
8565,2026-02-18 15:26:05,IN
2112,2026-02-18 15:33:16,OUT
4763,2026-02-18 15:36:24,OUT
6129,2026-02-18 15:40:30,OUT
8518,2026-02-18 15:41:05,OUT
1327,2026-02-18 15:42:14,OUT
2112,2026-02-18 15:51:16,IN
5558,2026-02-18 15:58:43,IN
5024,2026-02-18 16:13:34,OUT
6129,2026-02-18 16:31:30,IN
4364,2026-02-18 16:46:52,OUT
5024,2026-02-18 17:04:34,IN
7721,2026-02-18 17:08:16,OUT
8565,2026-02-18 17:20:05,OUT
4566,2026-02-18 17:31:31,OUT
7721,2026-02-18 18:05:16,IN
2112,2026-02-18 19:03:16,OUT
6129,2026-02-18 19:04:30,OUT
5558,2026-02-18 19:04:43,OUT
2112,2026-02-18 19:22:16,IN
5024,2026-02-18 19:32:34,OUT
5558,2026-02-18 19:44:43,IN
6129,2026-02-18 19:52:30,IN
7721,2026-02-18 20:20:16,OUT
2112,2026-02-18 22:53:16,OUT
5558,2026-02-18 23:35:43,OUT
6129,2026-02-18 23:38:30,OUT
7412,2026-02-19 07:12:16,IN
5009,2026-02-19 07:21:41,IN
7258,2026-02-19 07:23:28,IN
8518,2026-02-19 07:45:59,IN
1125,2026-02-19 07:47:26,IN
5146,2026-02-19 07:47:32,IN
1553,2026-02-19 07:54:01,IN
4054,2026-02-19 07:55:42,IN
4364,2026-02-19 07:59:09,IN
5024,2026-02-19 08:00:42,IN
8762,2026-02-19 08:09:03,IN
8834,2026-02-19 08:18:44,IN
1016,2026-02-19 08:19:14,IN
1187,2026-02-19 08:27:30,IN
2112,2026-02-19 08:36:17,IN
6718,2026-02-19 08:37:55,IN
5009,2026-02-19 08:39:41,OUT
6129,2026-02-19 08:43:24,IN
9910,2026-02-19 08:52:07,IN
3640,2026-02-19 09:00:20,IN
5024,2026-02-19 09:00:42,OUT
3762,2026-02-19 09:00:42,IN
4566,2026-02-19 09:12:29,IN
1125,2026-02-19 09:20:26,OUT
1327,2026-02-19 09:21:33,IN
6827,2026-02-19 09:41:26,IN
4364,2026-02-19 09:54:09,OUT
1553,2026-02-19 10:01:01,OUT
6129,2026-02-19 10:01:24,OUT
1125,2026-02-19 10:04:26,IN
8834,2026-02-19 10:04:44,OUT
5146,2026-02-19 10:10:32,OUT
1187,2026-02-19 10:14:30,OUT
6129,2026-02-19 10:23:24,IN
1553,2026-02-19 10:29:01,IN
1187,2026-02-19 10:38:30,IN
7258,2026-02-19 10:47:28,OUT
3640,2026-02-19 10:49:20,OUT
8834,2026-02-19 10:53:44,IN
5146,2026-02-19 11:08:32,IN
7412,2026-02-19 11:09:16,OUT
9910,2026-02-19 11:14:07,OUT
1016,2026-02-19 11:21:14,OUT
8518,2026-02-19 11:22:59,OUT
7412,2026-02-19 11:25:16,IN
8762,2026-02-19 11:29:03,OUT
3762,2026-02-19 11:44:42,OUT
7258,2026-02-19 11:46:28,IN
9910,2026-02-19 11:49:07,IN
4566,2026-02-19 11:51:29,OUT
4054,2026-02-19 11:53:42,OUT
6718,2026-02-19 12:02:55,OUT
6129,2026-02-19 12:04:24,OUT
2112,2026-02-19 12:06:17,OUT
8518,2026-02-19 12:11:59,IN
8762,2026-02-19 12:20:03,IN
6827,2026-02-19 12:21:26,OUT
8834,2026-02-19 12:25:44,OUT
4566,2026-02-19 12:29:29,IN
6129,2026-02-19 12:40:24,IN
5146,2026-02-19 12:51:32,OUT
4054,2026-02-19 12:52:42,IN
8834,2026-02-19 12:56:44,IN
1187,2026-02-19 12:58:30,OUT
7412,2026-02-19 13:11:16,OUT
6827,2026-02-19 13:17:26,IN
1327,2026-02-19 13:19:33,OUT
1125,2026-02-19 13:23:26,OUT
9910,2026-02-19 13:33:07,OUT
5146,2026-02-19 13:39:32,IN
1125,2026-02-19 13:46:26,IN
1327,2026-02-19 13:46:33,IN
1553,2026-02-19 13:47:01,OUT
8762,2026-02-19 14:19:03,OUT
6827,2026-02-19 14:20:26,OUT
8518,2026-02-19 14:33:59,OUT
1553,2026-02-19 14:37:01,IN
4566,2026-02-19 14:45:29,OUT
4054,2026-02-19 14:46:42,OUT
4566,2026-02-19 15:09:29,IN
6827,2026-02-19 15:11:26,IN
8518,2026-02-19 15:18:59,IN
5146,2026-02-19 15:19:32,OUT
4054,2026-02-19 15:22:42,IN
7258,2026-02-19 15:41:28,OUT
8834,2026-02-19 15:50:44,OUT
6129,2026-02-19 15:54:24,OUT
1327,2026-02-19 16:02:33,OUT
7258,2026-02-19 16:03:28,IN
1125,2026-02-19 16:04:26,OUT
1553,2026-02-19 16:28:01,OUT
6827,2026-02-19 16:33:26,OUT
1327,2026-02-19 16:43:33,IN
1125,2026-02-19 16:59:26,IN
6827,2026-02-19 17:19:26,IN
4054,2026-02-19 17:35:42,OUT
8518,2026-02-19 18:37:59,OUT
4566,2026-02-19 18:38:29,OUT
1327,2026-02-19 18:42:33,OUT
7258,2026-02-19 18:48:28,OUT
1125,2026-02-19 18:52:26,OUT
4566,2026-02-19 19:37:29,IN
6827,2026-02-19 20:42:26,OUT
4566,2026-02-19 21:52:29,OUT
1327,2026-02-20 07:07:26,IN
4364,2026-02-20 07:10:02,IN
3556,2026-02-20 07:10:12,IN
8518,2026-02-20 07:16:14,IN
7721,2026-02-20 07:16:19,IN
5558,2026-02-20 07:19:43,IN
8565,2026-02-20 07:20:07,IN
3762,2026-02-20 07:28:05,IN
5009,2026-02-20 07:33:51,IN
7258,2026-02-20 08:28:50,IN
5558,2026-02-20 08:29:43,OUT
2112,2026-02-20 08:30:35,IN
4364,2026-02-20 08:39:02,OUT
6827,2026-02-20 08:56:34,IN
8762,2026-02-20 08:57:31,IN
4364,2026-02-20 09:07:02,IN
7412,2026-02-20 09:13:06,IN
3762,2026-02-20 09:18:05,OUT
1327,2026-02-20 09:19:26,OUT
3640,2026-02-20 09:20:27,IN
5558,2026-02-20 09:25:43,IN
1553,2026-02-20 09:33:58,IN
8565,2026-02-20 09:35:07,OUT
6604,2026-02-20 09:36:34,IN
5024,2026-02-20 09:43:51,IN
4566,2026-02-20 09:44:36,IN
5009,2026-02-20 09:46:51,OUT
6129,2026-02-20 09:52:34,IN
3556,2026-02-20 10:02:12,OUT
1327,2026-02-20 10:07:26,IN
5009,2026-02-20 10:13:51,IN
8565,2026-02-20 10:17:07,IN
8762,2026-02-20 10:32:31,OUT
7258,2026-02-20 10:46:50,OUT
8518,2026-02-20 10:55:14,OUT
3556,2026-02-20 10:56:12,IN
7258,2026-02-20 11:06:50,IN
7412,2026-02-20 11:09:06,OUT
7721,2026-02-20 11:10:19,OUT
5558,2026-02-20 11:10:43,OUT
7721,2026-02-20 11:25:19,IN
8762,2026-02-20 11:32:31,IN
8565,2026-02-20 11:34:07,OUT
5558,2026-02-20 11:37:43,IN
3640,2026-02-20 11:40:27,OUT
8518,2026-02-20 11:49:14,IN
8565,2026-02-20 11:53:07,IN
5024,2026-02-20 11:57:51,OUT
4364,2026-02-20 12:04:02,OUT
6129,2026-02-20 12:12:34,OUT
2112,2026-02-20 12:13:35,OUT
4364,2026-02-20 12:24:02,IN
6827,2026-02-20 12:35:34,OUT
1553,2026-02-20 12:44:58,OUT
5024,2026-02-20 12:46:51,IN
5009,2026-02-20 12:50:51,OUT
2112,2026-02-20 13:00:35,IN
8518,2026-02-20 13:01:14,OUT
6827,2026-02-20 13:20:34,IN
7258,2026-02-20 13:24:50,OUT
6604,2026-02-20 13:25:34,OUT
8518,2026-02-20 13:42:14,IN
4566,2026-02-20 13:43:36,OUT
1327,2026-02-20 13:48:26,OUT
6604,2026-02-20 13:54:34,IN
8762,2026-02-20 14:01:31,OUT
7258,2026-02-20 14:14:50,IN
8565,2026-02-20 14:25:07,OUT
3556,2026-02-20 14:27:12,OUT
3556,2026-02-20 14:48:12,IN
8565,2026-02-20 14:53:07,IN
7721,2026-02-20 14:53:19,OUT
8762,2026-02-20 15:00:31,IN
7721,2026-02-20 15:12:19,IN
5558,2026-02-20 15:34:43,OUT
4364,2026-02-20 15:51:02,OUT
5024,2026-02-20 15:57:51,OUT
5024,2026-02-20 16:19:51,IN
2112,2026-02-20 16:33:35,OUT
6827,2026-02-20 16:39:34,OUT
3556,2026-02-20 16:43:12,OUT
8518,2026-02-20 16:47:14,OUT
2112,2026-02-20 16:49:35,IN
6604,2026-02-20 16:50:34,OUT
7258,2026-02-20 17:04:50,OUT
8565,2026-02-20 17:26:07,OUT
6827,2026-02-20 17:32:34,IN
3556,2026-02-20 17:43:12,IN
7721,2026-02-20 17:43:19,OUT
6604,2026-02-20 17:45:34,IN
8762,2026-02-20 17:59:31,OUT
2112,2026-02-20 18:16:35,OUT
8762,2026-02-20 18:30:31,IN
3556,2026-02-20 19:24:12,OUT
5024,2026-02-20 19:46:51,OUT
6604,2026-02-20 20:16:34,OUT
5024,2026-02-20 20:16:51,IN
6827,2026-02-20 21:25:34,OUT
6827,2026-02-20 21:53:34,IN
8762,2026-02-20 22:08:31,OUT
5024,2026-02-20 22:50:51,OUT
6827,2026-02-20 23:49:34,OUT
5558,2026-02-23 07:14:32,IN
9839,2026-02-23 07:15:23,IN
8822,2026-02-23 07:23:26,IN
1553,2026-02-23 07:31:26,IN
6827,2026-02-23 07:40:18,IN
6604,2026-02-23 07:43:16,IN
7412,2026-02-23 07:46:40,IN
9910,2026-02-23 07:51:36,IN
4054,2026-02-23 07:57:54,IN
5009,2026-02-23 08:10:01,IN
5024,2026-02-23 08:17:01,IN
7721,2026-02-23 08:25:36,IN
1187,2026-02-23 08:26:52,IN
4364,2026-02-23 08:38:14,IN
6604,2026-02-23 09:14:16,OUT
7258,2026-02-23 09:19:26,IN
1327,2026-02-23 09:21:05,IN
8518,2026-02-23 09:22:10,IN
6604,2026-02-23 09:29:16,IN
8822,2026-02-23 09:33:26,OUT
8565,2026-02-23 09:56:46,IN
3762,2026-02-23 09:59:40,IN
5009,2026-02-23 10:02:01,OUT
5558,2026-02-23 10:06:32,OUT
5024,2026-02-23 10:13:01,OUT
8822,2026-02-23 10:19:26,IN
4054,2026-02-23 10:22:54,OUT
1553,2026-02-23 10:31:26,OUT
4364,2026-02-23 10:33:14,OUT
9839,2026-02-23 10:34:23,OUT
5558,2026-02-23 10:34:32,IN
5009,2026-02-23 10:45:01,IN
9910,2026-02-23 10:47:36,OUT
6827,2026-02-23 10:50:18,OUT
4054,2026-02-23 10:54:54,IN
4364,2026-02-23 10:59:14,IN
1187,2026-02-23 11:09:52,OUT
1553,2026-02-23 11:13:26,IN
9910,2026-02-23 11:24:36,IN
6827,2026-02-23 11:27:18,IN
7412,2026-02-23 11:40:40,OUT
7721,2026-02-23 11:52:36,OUT
8822,2026-02-23 12:02:26,OUT
1187,2026-02-23 12:06:52,IN
7258,2026-02-23 12:12:26,OUT
1327,2026-02-23 12:13:05,OUT
7721,2026-02-23 12:15:36,IN
5009,2026-02-23 12:16:01,OUT
4054,2026-02-23 12:17:54,OUT
6604,2026-02-23 12:18:16,OUT
8565,2026-02-23 12:26:46,OUT
3762,2026-02-23 12:48:40,OUT
8565,2026-02-23 12:53:46,IN
8518,2026-02-23 13:02:10,OUT
4054,2026-02-23 13:02:54,IN
1187,2026-02-23 13:18:52,OUT
7721,2026-02-23 13:19:36,OUT
5558,2026-02-23 13:27:32,OUT
3762,2026-02-23 13:43:40,IN
8518,2026-02-23 13:51:10,IN
5558,2026-02-23 13:51:32,IN
7721,2026-02-23 13:51:36,IN
4364,2026-02-23 14:21:14,OUT
1553,2026-02-23 14:27:26,OUT
5558,2026-02-23 14:54:32,OUT
1553,2026-02-23 15:13:26,IN
5558,2026-02-23 15:13:32,IN
9910,2026-02-23 15:22:36,OUT
6827,2026-02-23 15:24:18,OUT
7721,2026-02-23 15:48:36,OUT
6827,2026-02-23 15:55:18,IN
4054,2026-02-23 16:04:54,OUT
8565,2026-02-23 16:41:46,OUT
8518,2026-02-23 16:49:10,OUT
8565,2026-02-23 17:02:46,IN
3762,2026-02-23 17:30:40,OUT
8518,2026-02-23 17:40:10,IN
6827,2026-02-23 17:52:18,OUT
3762,2026-02-23 18:03:40,IN
1553,2026-02-23 18:58:26,OUT
5558,2026-02-23 19:08:32,OUT
8565,2026-02-23 19:32:46,OUT
8518,2026-02-23 20:23:10,OUT
3762,2026-02-23 21:56:40,OUT
3762,2026-02-23 22:34:40,IN
3762,2026-02-24 01:02:40,OUT
9910,2026-02-24 07:01:35,IN
3762,2026-02-24 07:14:27,IN
8518,2026-02-24 07:18:54,IN
6129,2026-02-24 07:41:47,IN
4566,2026-02-24 07:44:36,IN
4364,2026-02-24 08:20:56,IN
5024,2026-02-24 08:52:08,IN
4763,2026-02-24 08:55:52,IN
1553,2026-02-24 09:04:22,IN
2112,2026-02-24 09:09:37,IN
4566,2026-02-24 09:19:36,OUT
7721,2026-02-24 09:21:07,IN
5360,2026-02-24 09:23:12,IN
1327,2026-02-24 09:27:11,IN
8762,2026-02-24 09:36:12,IN
4566,2026-02-24 09:48:36,IN
6129,2026-02-24 09:54:47,OUT
7258,2026-02-24 09:57:41,IN
4364,2026-02-24 10:10:56,OUT
8518,2026-02-24 10:22:54,OUT
9910,2026-02-24 10:29:35,OUT
3762,2026-02-24 10:30:27,OUT
8762,2026-02-24 10:57:12,OUT
3762,2026-02-24 11:07:27,IN
9910,2026-02-24 11:14:35,IN
7721,2026-02-24 11:16:07,OUT
8762,2026-02-24 11:23:12,IN
5360,2026-02-24 11:51:12,OUT
4763,2026-02-24 12:03:52,OUT
1327,2026-02-24 12:10:11,OUT
1553,2026-02-24 12:14:22,OUT
5024,2026-02-24 12:19:08,OUT
5024,2026-02-24 12:36:08,IN
3762,2026-02-24 12:37:27,OUT
7258,2026-02-24 12:38:41,OUT
4566,2026-02-24 12:42:36,OUT
1553,2026-02-24 12:44:22,IN
9910,2026-02-24 12:57:35,OUT
2112,2026-02-24 12:57:37,OUT
8762,2026-02-24 13:07:12,OUT
3762,2026-02-24 13:15:27,IN
4566,2026-02-24 13:16:36,IN
1553,2026-02-24 13:50:22,OUT
2112,2026-02-24 13:54:37,IN
8762,2026-02-24 13:58:12,IN
4566,2026-02-24 14:27:36,OUT
1553,2026-02-24 14:37:22,IN
4566,2026-02-24 14:47:36,IN
3762,2026-02-24 15:24:27,OUT
5024,2026-02-24 15:38:08,OUT
1553,2026-02-24 15:47:22,OUT
3762,2026-02-24 16:24:27,IN
5024,2026-02-24 16:25:08,IN
2112,2026-02-24 16:27:37,OUT
8762,2026-02-24 16:35:12,OUT
1553,2026-02-24 16:44:22,IN
8762,2026-02-24 17:09:12,IN
2112,2026-02-24 17:18:37,IN
4566,2026-02-24 17:59:36,OUT
8762,2026-02-24 18:37:12,OUT
3762,2026-02-24 18:45:27,OUT
5024,2026-02-24 19:24:08,OUT
2112,2026-02-24 19:32:37,OUT
5024,2026-02-24 19:50:08,IN
1553,2026-02-24 19:50:22,OUT
2112,2026-02-24 20:12:37,IN
2112,2026-02-24 21:54:37,OUT
5024,2026-02-24 22:27:08,OUT
6129,2026-02-25 07:01:44,IN
5024,2026-02-25 07:02:00,IN
8518,2026-02-25 07:27:06,IN
1553,2026-02-25 07:39:53,IN
1187,2026-02-25 07:41:15,IN
8762,2026-02-25 07:42:41,IN
2112,2026-02-25 08:30:44,IN
3556,2026-02-25 08:33:17,IN
4364,2026-02-25 08:46:36,IN
8834,2026-02-25 08:56:46,IN
6718,2026-02-25 08:58:21,IN
5146,2026-02-25 09:05:31,IN
8518,2026-02-25 09:22:06,OUT
3640,2026-02-25 09:29:53,IN
6827,2026-02-25 09:51:38,IN
1327,2026-02-25 09:58:55,IN
5024,2026-02-25 10:07:00,OUT
8518,2026-02-25 10:15:06,IN
1187,2026-02-25 10:16:15,OUT
1553,2026-02-25 10:21:53,OUT
5024,2026-02-25 10:27:00,IN
2112,2026-02-25 10:27:44,OUT
8834,2026-02-25 10:41:46,OUT
2112,2026-02-25 10:49:44,IN
8762,2026-02-25 10:54:41,OUT
5146,2026-02-25 10:57:31,OUT
6129,2026-02-25 10:59:44,OUT
8762,2026-02-25 11:10:41,IN
8834,2026-02-25 11:20:46,IN
6129,2026-02-25 11:25:44,IN
6827,2026-02-25 11:35:38,OUT
8518,2026-02-25 11:38:06,OUT
3556,2026-02-25 11:38:17,OUT
1327,2026-02-25 11:42:55,OUT
5146,2026-02-25 11:50:31,IN
4364,2026-02-25 11:50:36,OUT
6827,2026-02-25 11:56:38,IN
2112,2026-02-25 11:56:44,OUT
8518,2026-02-25 12:08:06,IN
5024,2026-02-25 12:17:00,OUT
4364,2026-02-25 12:17:36,IN
1327,2026-02-25 12:33:55,IN
6718,2026-02-25 12:42:21,OUT
2112,2026-02-25 12:48:44,IN
3640,2026-02-25 12:56:53,OUT
8762,2026-02-25 13:13:41,OUT
6718,2026-02-25 13:16:21,IN
6129,2026-02-25 13:28:44,OUT
8834,2026-02-25 13:33:46,OUT
8762,2026-02-25 13:38:41,IN
3640,2026-02-25 13:38:53,IN
5146,2026-02-25 13:40:31,OUT
4364,2026-02-25 13:55:36,OUT
5146,2026-02-25 14:16:31,IN
4364,2026-02-25 14:54:36,IN
8518,2026-02-25 15:05:06,OUT
3640,2026-02-25 15:06:53,OUT
6827,2026-02-25 15:12:38,OUT
6827,2026-02-25 15:40:38,IN
8762,2026-02-25 15:40:41,OUT
6718,2026-02-25 15:42:21,OUT
8518,2026-02-25 15:49:06,IN
1327,2026-02-25 16:23:55,OUT
8762,2026-02-25 16:27:41,IN
2112,2026-02-25 16:31:44,OUT
4364,2026-02-25 16:44:36,OUT
6827,2026-02-25 17:04:38,OUT
4364,2026-02-25 17:11:36,IN
2112,2026-02-25 17:12:44,IN
5146,2026-02-25 17:17:31,OUT
8518,2026-02-25 17:24:06,OUT
8762,2026-02-25 18:34:41,OUT
4364,2026-02-25 18:58:36,OUT
2112,2026-02-25 19:10:44,OUT
1327,2026-02-26 07:23:10,IN
4566,2026-02-26 08:09:18,IN
3640,2026-02-26 08:32:18,IN
5146,2026-02-26 08:33:57,IN
8822,2026-02-26 08:38:45,IN
7721,2026-02-26 08:42:00,IN
6129,2026-02-26 08:42:08,IN
1125,2026-02-26 08:47:10,IN
5360,2026-02-26 08:49:41,IN
3762,2026-02-26 08:55:04,IN
4364,2026-02-26 08:55:32,IN
8565,2026-02-26 08:55:42,IN
5009,2026-02-26 08:58:36,IN
5024,2026-02-26 09:03:57,IN
3556,2026-02-26 09:04:02,IN
8834,2026-02-26 09:22:20,IN
2112,2026-02-26 09:27:29,IN
9839,2026-02-26 09:31:26,IN
7258,2026-02-26 09:35:57,IN
6129,2026-02-26 09:43:08,OUT
4364,2026-02-26 10:02:32,OUT
3762,2026-02-26 10:13:04,OUT
1327,2026-02-26 10:18:10,OUT
4566,2026-02-26 10:34:18,OUT
5146,2026-02-26 10:35:57,OUT
3556,2026-02-26 10:38:02,OUT
7721,2026-02-26 10:41:00,OUT
7721,2026-02-26 10:56:00,IN
3640,2026-02-26 10:58:18,OUT
4364,2026-02-26 10:59:32,IN
4566,2026-02-26 11:08:18,IN
5360,2026-02-26 11:12:41,OUT
3762,2026-02-26 11:13:04,IN
7258,2026-02-26 11:20:57,OUT
5146,2026-02-26 11:25:57,IN
5024,2026-02-26 11:26:57,OUT
3640,2026-02-26 11:27:18,IN
3556,2026-02-26 11:28:02,IN
5360,2026-02-26 11:31:41,IN
7258,2026-02-26 11:59:57,IN
1125,2026-02-26 12:10:10,OUT
8822,2026-02-26 12:24:45,OUT
1125,2026-02-26 12:37:10,IN
5009,2026-02-26 12:45:36,OUT
8565,2026-02-26 12:45:42,OUT
5146,2026-02-26 12:46:57,OUT
3556,2026-02-26 12:54:02,OUT
8834,2026-02-26 13:00:20,OUT
9839,2026-02-26 13:02:26,OUT
5009,2026-02-26 13:06:36,IN
5146,2026-02-26 13:10:57,IN
8822,2026-02-26 13:11:45,IN
2112,2026-02-26 13:18:29,OUT
9839,2026-02-26 13:40:26,IN
5360,2026-02-26 13:55:41,OUT
8834,2026-02-26 13:56:20,IN
2112,2026-02-26 13:59:29,IN
5360,2026-02-26 14:12:41,IN
7721,2026-02-26 14:13:00,OUT
4364,2026-02-26 14:13:32,OUT
5146,2026-02-26 14:16:57,OUT
3640,2026-02-26 14:17:18,OUT
4566,2026-02-26 14:39:18,OUT
3762,2026-02-26 14:43:04,OUT
7721,2026-02-26 14:51:00,IN
3640,2026-02-26 15:04:18,IN
3762,2026-02-26 15:22:04,IN
7258,2026-02-26 15:22:57,OUT
8822,2026-02-26 15:45:45,OUT
1125,2026-02-26 15:57:10,OUT
1125,2026-02-26 16:13:10,IN
7258,2026-02-26 16:14:57,IN
7721,2026-02-26 16:16:00,OUT
8834,2026-02-26 16:20:20,OUT
9839,2026-02-26 16:23:26,OUT
3640,2026-02-26 16:33:18,OUT
7721,2026-02-26 16:55:00,IN
5360,2026-02-26 16:58:41,OUT
5009,2026-02-26 17:05:36,OUT
9839,2026-02-26 17:13:26,IN
8834,2026-02-26 17:15:20,IN
2112,2026-02-26 17:25:29,OUT
3640,2026-02-26 17:29:18,IN
7258,2026-02-26 17:52:57,OUT
5009,2026-02-26 18:05:36,IN
7258,2026-02-26 18:30:57,IN
7721,2026-02-26 18:37:00,OUT
3762,2026-02-26 18:38:04,OUT
8834,2026-02-26 18:48:20,OUT
3640,2026-02-26 19:28:18,OUT
1125,2026-02-26 19:32:10,OUT
9839,2026-02-26 19:52:26,OUT
7258,2026-02-26 19:59:57,OUT
1125,2026-02-26 20:08:10,IN
5009,2026-02-26 21:10:36,OUT
1125,2026-02-26 22:30:10,OUT
7412,2026-02-27 07:04:26,IN
5024,2026-02-27 07:08:13,IN
4364,2026-02-27 07:08:23,IN
2112,2026-02-27 07:16:38,IN
3762,2026-02-27 07:41:07,IN
8518,2026-02-27 07:43:43,IN
3640,2026-02-27 07:47:14,IN
9839,2026-02-27 07:55:33,IN
6129,2026-02-27 08:08:19,IN
4566,2026-02-27 08:31:38,IN
1187,2026-02-27 08:33:01,IN
4364,2026-02-27 08:33:23,OUT
3556,2026-02-27 08:48:58,IN
4364,2026-02-27 08:53:23,IN
7258,2026-02-27 09:00:18,IN
1125,2026-02-27 09:01:21,IN
3762,2026-02-27 09:03:07,OUT
8834,2026-02-27 09:07:02,IN
1327,2026-02-27 09:18:39,IN
3762,2026-02-27 09:20:07,IN
5360,2026-02-27 09:25:38,IN
7721,2026-02-27 09:26:17,IN
6129,2026-02-27 09:31:19,OUT
9910,2026-02-27 09:34:26,IN
8565,2026-02-27 09:36:47,IN
8518,2026-02-27 09:39:43,OUT
6827,2026-02-27 09:44:02,IN
9193,2026-02-27 09:44:04,IN
8822,2026-02-27 09:45:17,IN
1016,2026-02-27 09:52:38,IN
3640,2026-02-27 09:53:14,OUT
5558,2026-02-27 09:53:57,IN
6129,2026-02-27 10:07:19,IN
8834,2026-02-27 10:19:02,OUT
8518,2026-02-27 10:23:43,IN
3640,2026-02-27 10:25:14,IN
3556,2026-02-27 10:27:58,OUT
9839,2026-02-27 10:29:33,OUT
7412,2026-02-27 10:33:26,OUT
8834,2026-02-27 10:37:02,IN
2112,2026-02-27 10:39:38,OUT
6827,2026-02-27 10:46:02,OUT
1187,2026-02-27 10:49:01,OUT
7412,2026-02-27 10:50:26,IN
5024,2026-02-27 10:53:13,OUT
7721,2026-02-27 10:58:17,OUT
9839,2026-02-27 11:06:33,IN
6827,2026-02-27 11:07:02,IN
4566,2026-02-27 11:12:38,OUT
1125,2026-02-27 11:37:21,OUT
1187,2026-02-27 11:38:01,IN
5558,2026-02-27 11:55:57,OUT
7412,2026-02-27 11:58:26,OUT
9910,2026-02-27 12:02:26,OUT
8565,2026-02-27 12:11:47,OUT
9910,2026-02-27 12:17:26,IN
6827,2026-02-27 12:20:02,OUT
4364,2026-02-27 12:20:23,OUT
5360,2026-02-27 12:25:38,OUT
3762,2026-02-27 12:29:07,OUT
1327,2026-02-27 12:29:39,OUT
8834,2026-02-27 12:35:02,OUT
1125,2026-02-27 12:35:21,IN
5558,2026-02-27 12:50:57,IN
7258,2026-02-27 12:52:18,OUT
7412,2026-02-27 12:52:26,IN
9193,2026-02-27 12:55:04,OUT
8565,2026-02-27 13:04:47,IN
9839,2026-02-27 13:05:33,OUT
6827,2026-02-27 13:08:02,IN
3640,2026-02-27 13:09:14,OUT
8822,2026-02-27 13:14:17,OUT
6129,2026-02-27 13:15:19,OUT
5360,2026-02-27 13:18:38,IN
8834,2026-02-27 13:23:02,IN
1016,2026-02-27 13:23:38,OUT
1327,2026-02-27 13:25:39,IN
8822,2026-02-27 13:36:17,IN
8518,2026-02-27 13:37:43,OUT
1016,2026-02-27 13:47:38,IN
9193,2026-02-27 13:52:04,IN
8518,2026-02-27 14:05:43,IN
6827,2026-02-27 14:18:02,OUT
5360,2026-02-27 14:32:38,OUT
5558,2026-02-27 14:45:57,OUT
5360,2026-02-27 14:51:38,IN
1187,2026-02-27 15:07:01,OUT
6827,2026-02-27 15:07:02,IN
9910,2026-02-27 15:19:26,OUT
1016,2026-02-27 15:23:38,OUT
1125,2026-02-27 15:40:21,OUT
1187,2026-02-27 15:51:01,IN
8518,2026-02-27 16:04:43,OUT
9193,2026-02-27 16:07:04,OUT
1125,2026-02-27 16:13:21,IN
8565,2026-02-27 16:29:47,OUT
7412,2026-02-27 16:44:26,OUT
9193,2026-02-27 16:47:04,IN
1327,2026-02-27 16:48:39,OUT
8518,2026-02-27 16:50:43,IN
8822,2026-02-27 16:53:17,OUT
8834,2026-02-27 16:55:02,OUT
8822,2026-02-27 17:14:17,IN
5360,2026-02-27 17:29:38,OUT
1187,2026-02-27 17:30:01,OUT
6827,2026-02-27 18:01:02,OUT
5360,2026-02-27 18:14:38,IN
1125,2026-02-27 18:24:21,OUT
8518,2026-02-27 18:25:43,OUT
1125,2026-02-27 18:48:21,IN
5360,2026-02-27 19:28:38,OUT
9193,2026-02-27 19:37:04,OUT
9193,2026-02-27 20:08:04,IN
8822,2026-02-27 20:53:17,OUT
8822,2026-02-27 21:22:17,IN
1125,2026-02-27 21:38:21,OUT
9193,2026-02-27 23:04:04,OUT
8822,2026-02-27 23:51:17,OUT
3556,2026-03-02 07:03:13,IN
9193,2026-03-02 07:38:43,IN
6465,2026-03-02 07:49:43,IN
3762,2026-03-02 08:05:39,IN
5558,2026-03-02 08:37:14,IN
5024,2026-03-02 08:39:10,IN
1187,2026-03-02 08:39:22,IN
4054,2026-03-02 08:49:38,IN
8762,2026-03-02 08:54:30,IN
4566,2026-03-02 08:57:09,IN
1327,2026-03-02 09:04:24,IN
2112,2026-03-02 09:08:21,IN
6604,2026-03-02 09:10:51,IN
8518,2026-03-02 09:12:39,IN
5360,2026-03-02 09:19:53,IN
8822,2026-03-02 09:27:45,IN
5009,2026-03-02 09:28:22,IN
6827,2026-03-02 09:35:45,IN
3556,2026-03-02 09:43:13,OUT
7721,2026-03-02 09:44:56,IN
7258,2026-03-02 09:45:33,IN
5558,2026-03-02 09:48:14,OUT
9193,2026-03-02 10:15:43,OUT
5360,2026-03-02 10:20:53,OUT
3556,2026-03-02 10:23:13,IN
5558,2026-03-02 10:26:14,IN
5024,2026-03-02 10:53:10,OUT
9193,2026-03-02 11:05:43,IN
6465,2026-03-02 11:08:43,OUT
5360,2026-03-02 11:18:53,IN
8518,2026-03-02 11:21:39,OUT
5024,2026-03-02 11:32:10,IN
6465,2026-03-02 11:36:43,IN
3762,2026-03-02 11:39:39,OUT
5009,2026-03-02 11:45:22,OUT
2112,2026-03-02 11:51:21,OUT
7721,2026-03-02 12:00:56,OUT
6827,2026-03-02 12:09:45,OUT
6604,2026-03-02 12:10:51,OUT
4566,2026-03-02 12:14:09,OUT
5558,2026-03-02 12:15:14,OUT
1187,2026-03-02 12:15:22,OUT
8518,2026-03-02 12:17:39,IN
2112,2026-03-02 12:19:21,IN
4054,2026-03-02 12:21:38,OUT
8762,2026-03-02 12:26:30,OUT
5009,2026-03-02 12:44:22,IN
4566,2026-03-02 12:45:09,IN
8822,2026-03-02 12:45:45,OUT
6827,2026-03-02 12:46:45,IN
5558,2026-03-02 12:48:14,IN
1187,2026-03-02 12:48:22,IN
4054,2026-03-02 12:50:38,IN
6604,2026-03-02 12:54:51,IN
1327,2026-03-02 13:02:24,OUT
8762,2026-03-02 13:23:30,IN
5024,2026-03-02 13:26:10,OUT
2112,2026-03-02 13:31:21,OUT
7258,2026-03-02 13:33:33,OUT
5024,2026-03-02 13:50:10,IN
1327,2026-03-02 13:50:24,IN
7258,2026-03-02 13:53:33,IN
9193,2026-03-02 14:06:43,OUT
3556,2026-03-02 14:17:13,OUT
2112,2026-03-02 14:20:21,IN
6465,2026-03-02 14:29:43,OUT
9193,2026-03-02 14:30:43,IN
8518,2026-03-02 14:33:39,OUT
8762,2026-03-02 14:44:30,OUT
5360,2026-03-02 14:50:53,OUT
6604,2026-03-02 15:01:51,OUT
4054,2026-03-02 15:03:38,OUT
8518,2026-03-02 15:03:39,IN
6827,2026-03-02 15:04:45,OUT
5009,2026-03-02 15:14:22,OUT
3556,2026-03-02 15:16:13,IN
5360,2026-03-02 15:18:53,IN
6465,2026-03-02 15:19:43,IN
1327,2026-03-02 15:22:24,OUT
4566,2026-03-02 15:38:09,OUT
6604,2026-03-02 15:40:51,IN
5558,2026-03-02 15:42:14,OUT
5009,2026-03-02 15:53:22,IN
4054,2026-03-02 15:58:38,IN
1187,2026-03-02 16:03:22,OUT
7258,2026-03-02 16:07:33,OUT
5024,2026-03-02 16:20:10,OUT
5558,2026-03-02 16:22:14,IN
5360,2026-03-02 16:22:53,OUT
8518,2026-03-02 16:23:39,OUT
7258,2026-03-02 16:42:33,IN
6465,2026-03-02 16:45:43,OUT
8518,2026-03-02 16:47:39,IN
5360,2026-03-02 16:47:53,IN
1187,2026-03-02 16:49:22,IN
4054,2026-03-02 17:21:38,OUT
6465,2026-03-02 17:36:43,IN
6604,2026-03-02 17:39:51,OUT
5558,2026-03-02 17:42:14,OUT
2112,2026-03-02 17:52:21,OUT
3556,2026-03-02 17:56:13,OUT
4054,2026-03-02 18:13:38,IN
9193,2026-03-02 18:22:43,OUT
6604,2026-03-02 18:31:51,IN
5009,2026-03-02 18:37:22,OUT
2112,2026-03-02 18:46:21,IN
3556,2026-03-02 18:52:13,IN
5360,2026-03-02 19:36:53,OUT
1187,2026-03-02 19:50:22,OUT
8518,2026-03-02 20:00:39,OUT
7258,2026-03-02 20:02:33,OUT
6604,2026-03-02 20:02:51,OUT
6465,2026-03-02 21:05:43,OUT
4054,2026-03-02 21:20:38,OUT
2112,2026-03-02 21:43:21,OUT
3556,2026-03-02 22:31:13,OUT
8822,2026-03-03 07:01:47,IN
4566,2026-03-03 07:05:39,IN
8565,2026-03-03 07:19:03,IN
5360,2026-03-03 07:31:51,IN
3640,2026-03-03 07:34:08,IN
7721,2026-03-03 07:44:26,IN
1903,2026-03-03 07:48:29,IN
9910,2026-03-03 07:54:19,IN
9839,2026-03-03 07:57:29,IN
6465,2026-03-03 07:57:49,IN
8834,2026-03-03 08:12:41,IN
3556,2026-03-03 08:22:54,IN
2112,2026-03-03 08:56:15,IN
8565,2026-03-03 08:59:03,OUT
1553,2026-03-03 08:59:40,IN
3762,2026-03-03 09:05:17,IN
4364,2026-03-03 09:11:22,IN
7258,2026-03-03 09:20:32,IN
8565,2026-03-03 09:23:03,IN
3640,2026-03-03 09:23:08,OUT
7721,2026-03-03 09:36:26,OUT
5024,2026-03-03 09:43:03,IN
6465,2026-03-03 09:46:49,OUT
1327,2026-03-03 09:48:15,IN
8518,2026-03-03 09:48:52,IN
3640,2026-03-03 10:06:08,IN
9910,2026-03-03 10:11:19,OUT
7721,2026-03-03 10:17:26,IN
1553,2026-03-03 10:18:40,OUT
3556,2026-03-03 10:20:54,OUT
8834,2026-03-03 10:22:41,OUT
6465,2026-03-03 10:23:49,IN
4566,2026-03-03 10:31:39,OUT
8822,2026-03-03 10:43:47,OUT
8834,2026-03-03 10:44:41,IN
5024,2026-03-03 10:45:03,OUT
5360,2026-03-03 10:50:51,OUT
1903,2026-03-03 10:54:29,OUT
5024,2026-03-03 11:04:03,IN
1553,2026-03-03 11:07:40,IN
9910,2026-03-03 11:11:19,IN
4566,2026-03-03 11:11:39,IN
8822,2026-03-03 11:12:47,IN
3556,2026-03-03 11:14:54,IN
8518,2026-03-03 11:21:52,OUT
4364,2026-03-03 11:23:22,OUT
6465,2026-03-03 11:35:49,OUT
9839,2026-03-03 11:36:29,OUT
8565,2026-03-03 11:47:03,OUT
1327,2026-03-03 11:49:15,OUT
1903,2026-03-03 11:54:29,IN
8518,2026-03-03 11:59:52,IN
4364,2026-03-03 12:18:22,IN
7258,2026-03-03 12:23:32,OUT
9839,2026-03-03 12:26:29,IN
1327,2026-03-03 12:32:15,IN
2112,2026-03-03 12:40:15,OUT
3762,2026-03-03 12:50:17,OUT
4566,2026-03-03 12:50:39,OUT
8822,2026-03-03 12:50:47,OUT
7258,2026-03-03 12:51:32,IN
9910,2026-03-03 12:57:19,OUT
1903,2026-03-03 13:00:29,OUT
8834,2026-03-03 13:08:41,OUT
3640,2026-03-03 13:13:08,OUT
5024,2026-03-03 13:15:03,OUT
4566,2026-03-03 13:21:39,IN
3762,2026-03-03 13:26:17,IN
1553,2026-03-03 13:28:40,OUT
9910,2026-03-03 13:43:19,IN
7721,2026-03-03 13:45:26,OUT
3640,2026-03-03 13:50:08,IN
1903,2026-03-03 13:53:29,IN
8834,2026-03-03 14:05:41,IN
7258,2026-03-03 14:06:32,OUT
5024,2026-03-03 14:08:03,IN
7721,2026-03-03 14:15:26,IN
4566,2026-03-03 14:23:39,OUT
7258,2026-03-03 14:46:32,IN
3556,2026-03-03 15:05:54,OUT
4566,2026-03-03 15:10:39,IN
1903,2026-03-03 15:12:29,OUT
8518,2026-03-03 15:25:52,OUT
3556,2026-03-03 15:28:54,IN
4364,2026-03-03 15:34:22,OUT
8518,2026-03-03 15:45:52,IN
9910,2026-03-03 15:46:19,OUT
7721,2026-03-03 15:52:26,OUT
1327,2026-03-03 15:53:15,OUT
9839,2026-03-03 15:53:29,OUT
5024,2026-03-03 16:07:03,OUT
9910,2026-03-03 16:09:19,IN
7721,2026-03-03 16:21:26,IN
3640,2026-03-03 16:27:08,OUT
1327,2026-03-03 16:46:15,IN
5024,2026-03-03 16:48:03,IN
3762,2026-03-03 17:04:17,OUT
8518,2026-03-03 17:41:52,OUT
8834,2026-03-03 17:48:41,OUT
3762,2026-03-03 17:52:17,IN
4566,2026-03-03 17:57:39,OUT
8518,2026-03-03 18:05:52,IN
1327,2026-03-03 18:18:15,OUT
7721,2026-03-03 18:25:26,OUT
5024,2026-03-03 18:38:03,OUT
7258,2026-03-03 18:39:32,OUT
1327,2026-03-03 18:42:15,IN
3556,2026-03-03 18:42:54,OUT
7258,2026-03-03 19:14:32,IN
9910,2026-03-03 19:33:19,OUT
8518,2026-03-03 19:33:52,OUT
3762,2026-03-03 19:43:17,OUT
1327,2026-03-03 20:07:15,OUT
7258,2026-03-03 21:08:32,OUT
4566,2026-03-04 07:11:50,IN
6465,2026-03-04 07:16:29,IN
8518,2026-03-04 07:20:46,IN
7721,2026-03-04 07:42:03,IN
5976,2026-03-04 07:54:24,IN
3640,2026-03-04 08:01:30,IN
1327,2026-03-04 08:04:12,IN
5024,2026-03-04 08:14:50,IN
7258,2026-03-04 08:16:08,IN
4364,2026-03-04 08:17:04,IN
9910,2026-03-04 08:27:34,IN
3556,2026-03-04 08:35:31,IN
3762,2026-03-04 08:37:04,IN
4054,2026-03-04 08:40:06,IN
8834,2026-03-04 08:50:42,IN
8822,2026-03-04 08:57:05,IN
8565,2026-03-04 09:30:28,IN
3640,2026-03-04 09:32:30,OUT
7412,2026-03-04 09:32:56,IN
1553,2026-03-04 09:42:44,IN
7258,2026-03-04 09:47:08,OUT
4566,2026-03-04 09:47:50,OUT
2112,2026-03-04 09:57:13,IN
3640,2026-03-04 10:05:30,IN
9910,2026-03-04 10:14:34,OUT
8834,2026-03-04 10:16:42,OUT
8822,2026-03-04 10:17:05,OUT
5976,2026-03-04 10:25:24,OUT
8834,2026-03-04 10:31:42,IN
3762,2026-03-04 10:32:04,OUT
4566,2026-03-04 10:37:50,IN
8565,2026-03-04 10:41:28,OUT
7258,2026-03-04 10:42:08,IN
6465,2026-03-04 10:43:29,OUT
9910,2026-03-04 10:54:34,IN
8518,2026-03-04 10:54:46,OUT
5024,2026-03-04 10:55:50,OUT
4364,2026-03-04 10:59:04,OUT
7721,2026-03-04 11:02:03,OUT
3762,2026-03-04 11:04:04,IN
5976,2026-03-04 11:10:24,IN
5024,2026-03-04 11:15:50,IN
7721,2026-03-04 11:23:03,IN
4364,2026-03-04 11:24:04,IN
8565,2026-03-04 11:32:28,IN
8834,2026-03-04 11:37:42,OUT
1327,2026-03-04 11:42:12,OUT
3556,2026-03-04 12:18:31,OUT
5024,2026-03-04 12:20:50,OUT
1327,2026-03-04 12:25:12,IN
4054,2026-03-04 12:33:06,OUT
1553,2026-03-04 12:42:44,OUT
3556,2026-03-04 12:46:31,IN
5024,2026-03-04 12:46:50,IN
7412,2026-03-04 12:53:56,OUT
4054,2026-03-04 12:58:06,IN
4364,2026-03-04 13:05:04,OUT
2112,2026-03-04 13:27:13,OUT
9910,2026-03-04 13:28:34,OUT
7412,2026-03-04 13:39:56,IN
1553,2026-03-04 13:40:44,IN
3640,2026-03-04 13:51:30,OUT
4566,2026-03-04 14:02:50,OUT
2112,2026-03-04 14:09:13,IN
7721,2026-03-04 14:17:03,OUT
7258,2026-03-04 14:34:08,OUT
7721,2026-03-04 14:37:03,IN
4566,2026-03-04 14:39:50,IN
1553,2026-03-04 14:44:44,OUT
5976,2026-03-04 14:45:24,OUT
3762,2026-03-04 14:56:04,OUT
7258,2026-03-04 15:02:08,IN
8565,2026-03-04 15:02:28,OUT
1553,2026-03-04 15:15:44,IN
5024,2026-03-04 15:22:50,OUT
4054,2026-03-04 15:23:06,OUT
3762,2026-03-04 15:25:04,IN
2112,2026-03-04 15:29:13,OUT
1327,2026-03-04 15:37:12,OUT
5976,2026-03-04 15:45:24,IN
8565,2026-03-04 15:45:28,IN
3556,2026-03-04 15:47:31,OUT
2112,2026-03-04 15:54:13,IN
1327,2026-03-04 16:24:12,IN
7412,2026-03-04 16:51:56,OUT
8565,2026-03-04 17:15:28,OUT
7721,2026-03-04 17:29:03,OUT
7258,2026-03-04 17:50:08,OUT
1553,2026-03-04 17:52:44,OUT
8565,2026-03-04 17:59:28,IN
5976,2026-03-04 18:18:24,OUT
1553,2026-03-04 18:21:44,IN
4566,2026-03-04 18:30:50,OUT
1327,2026-03-04 18:31:12,OUT
2112,2026-03-04 18:44:13,OUT
3762,2026-03-04 18:45:04,OUT
1327,2026-03-04 18:47:12,IN
2112,2026-03-04 19:26:13,IN
1327,2026-03-04 19:49:12,OUT
1553,2026-03-04 20:21:44,OUT
2112,2026-03-04 20:53:13,OUT
8565,2026-03-04 21:06:28,OUT
5360,2026-03-05 07:35:33,IN
7721,2026-03-05 07:40:32,IN
5976,2026-03-05 07:43:54,IN
5558,2026-03-05 07:47:32,IN
2112,2026-03-05 07:55:57,IN
3640,2026-03-05 08:01:18,IN
7258,2026-03-05 08:09:32,IN
7412,2026-03-05 08:13:16,IN
5360,2026-03-05 08:36:33,OUT
6827,2026-03-05 08:39:27,IN
7721,2026-03-05 08:42:32,OUT
4364,2026-03-05 08:48:44,IN
5009,2026-03-05 08:52:53,IN
8518,2026-03-05 08:56:06,IN
4566,2026-03-05 08:58:32,IN
7721,2026-03-05 08:59:32,IN
6718,2026-03-05 09:05:39,IN
9839,2026-03-05 09:14:51,IN
1125,2026-03-05 09:19:49,IN
8762,2026-03-05 09:26:12,IN
5360,2026-03-05 09:28:33,IN
2657,2026-03-05 09:30:46,IN
1327,2026-03-05 09:33:09,IN
1187,2026-03-05 09:34:01,IN
1553,2026-03-05 09:47:39,IN
5024,2026-03-05 09:50:09,IN
3640,2026-03-05 10:12:18,OUT
9839,2026-03-05 10:19:51,OUT
1125,2026-03-05 10:24:49,OUT
5009,2026-03-05 10:34:53,OUT
5976,2026-03-05 10:49:54,OUT
6718,2026-03-05 10:53:39,OUT
8762,2026-03-05 10:56:12,OUT
5558,2026-03-05 10:58:32,OUT
9839,2026-03-05 11:02:51,IN
3640,2026-03-05 11:03:18,IN
7412,2026-03-05 11:07:16,OUT
1125,2026-03-05 11:12:49,IN
6827,2026-03-05 11:15:27,OUT
8762,2026-03-05 11:24:12,IN
1553,2026-03-05 11:24:39,OUT
8518,2026-03-05 11:27:06,OUT
4566,2026-03-05 11:28:32,OUT
7721,2026-03-05 11:28:32,OUT
4364,2026-03-05 11:33:44,OUT
6718,2026-03-05 11:34:39,IN
2112,2026-03-05 11:40:57,OUT
7412,2026-03-05 11:45:16,IN
5558,2026-03-05 11:45:32,IN
1553,2026-03-05 11:49:39,IN
2112,2026-03-05 11:55:57,IN
7258,2026-03-05 12:02:32,OUT
6827,2026-03-05 12:04:27,IN
4566,2026-03-05 12:11:32,IN
7721,2026-03-05 12:11:32,IN
1187,2026-03-05 12:20:01,OUT
2657,2026-03-05 12:26:46,OUT
9839,2026-03-05 12:31:51,OUT
5360,2026-03-05 12:40:33,OUT
2657,2026-03-05 12:47:46,IN
8762,2026-03-05 12:56:12,OUT
1187,2026-03-05 13:00:01,IN
9839,2026-03-05 13:24:51,IN
1327,2026-03-05 13:28:09,OUT
5024,2026-03-05 13:29:09,OUT
6718,2026-03-05 13:31:39,OUT
5558,2026-03-05 13:40:32,OUT
1327,2026-03-05 13:58:09,IN
5558,2026-03-05 14:03:32,IN
7412,2026-03-05 14:06:16,OUT
1187,2026-03-05 14:13:01,OUT
6718,2026-03-05 14:14:39,IN
6827,2026-03-05 14:16:27,OUT
1125,2026-03-05 14:23:49,OUT
2112,2026-03-05 14:23:57,OUT
2112,2026-03-05 14:50:57,IN
3640,2026-03-05 14:52:18,OUT
7412,2026-03-05 15:03:16,IN
6827,2026-03-05 15:10:27,IN
1553,2026-03-05 15:12:39,OUT
3640,2026-03-05 15:15:18,IN
7721,2026-03-05 15:22:32,OUT
6718,2026-03-05 15:33:39,OUT
4566,2026-03-05 15:45:32,OUT
1553,2026-03-05 15:53:39,IN
2657,2026-03-05 16:01:46,OUT
4566,2026-03-05 16:13:32,IN
9839,2026-03-05 16:30:51,OUT
6827,2026-03-05 16:36:27,OUT
9839,2026-03-05 16:48:51,IN
1553,2026-03-05 16:55:39,OUT
2112,2026-03-05 17:08:57,OUT
5558,2026-03-05 17:18:32,OUT
6827,2026-03-05 17:32:27,IN
1327,2026-03-05 17:33:09,OUT
7412,2026-03-05 17:33:16,OUT
4566,2026-03-05 17:50:32,OUT
5558,2026-03-05 17:52:32,IN
7412,2026-03-05 17:55:16,IN
3640,2026-03-05 19:09:18,OUT
5558,2026-03-05 19:16:32,OUT
6827,2026-03-05 19:21:27,OUT
9839,2026-03-05 20:16:51,OUT
7412,2026-03-05 21:29:16,OUT
6827,2026-03-06 07:18:16,IN
8762,2026-03-06 07:22:08,IN
2657,2026-03-06 07:23:54,IN
7721,2026-03-06 07:24:41,IN
8834,2026-03-06 07:31:09,IN
3762,2026-03-06 07:33:45,IN
3640,2026-03-06 07:54:50,IN
1327,2026-03-06 08:03:17,IN
1187,2026-03-06 08:11:37,IN
5024,2026-03-06 08:13:48,IN
4566,2026-03-06 08:21:23,IN
9910,2026-03-06 08:27:46,IN
8565,2026-03-06 08:31:07,IN
2112,2026-03-06 08:51:56,IN
6465,2026-03-06 09:08:34,IN
4364,2026-03-06 09:13:17,IN
5009,2026-03-06 09:13:18,IN
4763,2026-03-06 09:32:32,IN
1125,2026-03-06 09:44:14,IN
5976,2026-03-06 09:44:23,IN
7258,2026-03-06 09:46:05,IN
7721,2026-03-06 09:49:41,OUT
8565,2026-03-06 09:50:07,OUT
8518,2026-03-06 09:54:12,IN
1327,2026-03-06 10:06:17,OUT
5009,2026-03-06 10:21:18,OUT
7721,2026-03-06 10:22:41,IN
1327,2026-03-06 10:23:17,IN
3762,2026-03-06 10:23:45,OUT
8565,2026-03-06 10:33:07,IN
2657,2026-03-06 10:36:54,OUT
5009,2026-03-06 10:44:18,IN
7258,2026-03-06 10:52:05,OUT
5024,2026-03-06 10:53:48,OUT
8834,2026-03-06 10:56:09,OUT
6827,2026-03-06 11:06:16,OUT
8834,2026-03-06 11:14:09,IN
4763,2026-03-06 11:16:32,OUT
8762,2026-03-06 11:19:08,OUT
3762,2026-03-06 11:23:45,IN
2112,2026-03-06 11:24:56,OUT
4566,2026-03-06 11:25:23,OUT
2657,2026-03-06 11:31:54,IN
4364,2026-03-06 11:36:17,OUT
5976,2026-03-06 11:36:23,OUT
3640,2026-03-06 11:38:50,OUT
8762,2026-03-06 11:41:08,IN
1187,2026-03-06 11:46:37,OUT
9910,2026-03-06 11:56:46,OUT
5976,2026-03-06 11:58:23,IN
4566,2026-03-06 12:03:23,IN
8518,2026-03-06 12:10:12,OUT
6465,2026-03-06 12:11:34,OUT
7721,2026-03-06 12:15:41,OUT
2112,2026-03-06 12:21:56,IN
1187,2026-03-06 12:22:37,IN
6465,2026-03-06 12:31:34,IN
8518,2026-03-06 12:38:12,IN
1125,2026-03-06 12:44:14,OUT
9910,2026-03-06 12:48:46,IN
7721,2026-03-06 12:53:41,IN
3762,2026-03-06 13:31:45,OUT
1327,2026-03-06 13:36:17,OUT
8565,2026-03-06 13:38:07,OUT
5009,2026-03-06 13:50:18,OUT
1187,2026-03-06 13:52:37,OUT
3762,2026-03-06 14:16:45,IN
5009,2026-03-06 14:18:18,IN
2657,2026-03-06 14:19:54,OUT
9910,2026-03-06 14:24:46,OUT
8565,2026-03-06 14:32:07,IN
2657,2026-03-06 14:34:54,IN
7721,2026-03-06 14:39:41,OUT
2112,2026-03-06 14:39:56,OUT
8762,2026-03-06 14:42:08,OUT
5976,2026-03-06 14:46:23,OUT
6465,2026-03-06 14:50:34,OUT
1187,2026-03-06 14:50:37,IN
8762,2026-03-06 14:58:08,IN
7721,2026-03-06 15:01:41,IN
8834,2026-03-06 15:03:09,OUT
2112,2026-03-06 15:12:56,IN
4566,2026-03-06 15:18:23,OUT
9910,2026-03-06 15:18:46,IN
8834,2026-03-06 15:25:09,IN
5976,2026-03-06 15:41:23,IN
8518,2026-03-06 15:50:12,OUT
1187,2026-03-06 15:54:37,OUT
8518,2026-03-06 16:19:12,IN
3762,2026-03-06 16:31:45,OUT
8762,2026-03-06 16:40:08,OUT
5009,2026-03-06 16:54:18,OUT
8565,2026-03-06 17:09:07,OUT
5976,2026-03-06 17:09:23,OUT
3762,2026-03-06 17:11:45,IN
2657,2026-03-06 17:17:54,OUT
9910,2026-03-06 17:25:46,OUT
8834,2026-03-06 17:29:09,OUT
5976,2026-03-06 17:32:23,IN
2112,2026-03-06 17:47:56,OUT
8834,2026-03-06 18:06:09,IN
2657,2026-03-06 18:15:54,IN
9910,2026-03-06 18:22:46,IN
7721,2026-03-06 18:29:41,OUT
3762,2026-03-06 18:46:45,OUT
8834,2026-03-06 19:09:09,OUT
8518,2026-03-06 19:23:12,OUT
5976,2026-03-06 19:58:23,OUT
8518,2026-03-06 20:10:12,IN
9910,2026-03-06 20:19:46,OUT
2657,2026-03-06 20:48:54,OUT
8518,2026-03-06 23:10:12,OUT
3762,2026-03-09 07:11:18,IN
8822,2026-03-09 07:14:20,IN
6827,2026-03-09 07:14:39,IN
5024,2026-03-09 07:24:53,IN
6465,2026-03-09 07:32:20,IN
3640,2026-03-09 07:37:08,IN
2657,2026-03-09 07:50:31,IN
4566,2026-03-09 08:02:41,IN
2112,2026-03-09 08:03:24,IN
1327,2026-03-09 08:04:00,IN
5558,2026-03-09 08:07:02,IN
7258,2026-03-09 08:18:28,IN
7412,2026-03-09 08:18:47,IN
8565,2026-03-09 08:26:07,IN
5009,2026-03-09 08:32:12,IN
6718,2026-03-09 08:34:01,IN
1187,2026-03-09 08:38:04,IN
6465,2026-03-09 08:47:20,OUT
8762,2026-03-09 08:47:35,IN
5360,2026-03-09 08:55:49,IN
6465,2026-03-09 09:03:20,IN
5976,2026-03-09 09:04:38,IN
9839,2026-03-09 09:16:40,IN
3640,2026-03-09 09:37:08,OUT
9193,2026-03-09 09:37:16,IN
3762,2026-03-09 09:51:18,OUT
7721,2026-03-09 09:56:49,IN
8565,2026-03-09 10:14:07,OUT
5024,2026-03-09 10:15:53,OUT
4566,2026-03-09 10:22:41,OUT
3640,2026-03-09 10:27:08,IN
1327,2026-03-09 10:30:00,OUT
6827,2026-03-09 10:31:39,OUT
8822,2026-03-09 10:36:20,OUT
3762,2026-03-09 10:42:18,IN
6718,2026-03-09 10:43:01,OUT
2657,2026-03-09 10:45:31,OUT
1187,2026-03-09 10:53:04,OUT
7412,2026-03-09 10:53:47,OUT
6465,2026-03-09 11:00:20,OUT
8565,2026-03-09 11:07:07,IN
2657,2026-03-09 11:09:31,IN
4566,2026-03-09 11:13:41,IN
5024,2026-03-09 11:13:53,IN
6827,2026-03-09 11:14:39,IN
6465,2026-03-09 11:15:20,IN
7412,2026-03-09 11:17:47,IN
8822,2026-03-09 11:25:20,IN
6718,2026-03-09 11:27:01,IN
5558,2026-03-09 11:34:02,OUT
7258,2026-03-09 11:39:28,OUT
8762,2026-03-09 11:46:35,OUT
5009,2026-03-09 11:48:12,OUT
2112,2026-03-09 11:49:24,OUT
7258,2026-03-09 12:04:28,IN
5976,2026-03-09 12:08:38,OUT
2112,2026-03-09 12:12:24,IN
3762,2026-03-09 12:25:18,OUT
5558,2026-03-09 12:31:02,IN
5009,2026-03-09 12:32:12,IN
6827,2026-03-09 12:32:39,OUT
5976,2026-03-09 12:34:38,IN
9193,2026-03-09 12:35:16,OUT
9839,2026-03-09 12:36:40,OUT
8762,2026-03-09 12:38:35,IN
5360,2026-03-09 12:41:49,OUT
5024,2026-03-09 13:05:53,OUT
9839,2026-03-09 13:08:40,IN
3762,2026-03-09 13:12:18,IN
2657,2026-03-09 13:23:31,OUT
6827,2026-03-09 13:23:39,IN
6718,2026-03-09 13:26:01,OUT
4566,2026-03-09 13:26:41,OUT
7412,2026-03-09 13:34:47,OUT
7721,2026-03-09 13:44:49,OUT
8822,2026-03-09 13:53:20,OUT
2657,2026-03-09 13:54:31,IN
4566,2026-03-09 14:04:41,IN
8822,2026-03-09 14:09:20,IN
6718,2026-03-09 14:11:01,IN
3640,2026-03-09 14:15:08,OUT
5558,2026-03-09 14:22:02,OUT
7721,2026-03-09 14:28:49,IN
7412,2026-03-09 14:31:47,IN
3640,2026-03-09 14:34:08,IN
5558,2026-03-09 14:38:02,IN
8565,2026-03-09 14:44:07,OUT
6827,2026-03-09 14:46:39,OUT
6465,2026-03-09 14:59:20,OUT
6827,2026-03-09 15:17:39,IN
7258,2026-03-09 15:37:28,OUT
6465,2026-03-09 15:40:20,IN
3640,2026-03-09 15:46:08,OUT
2112,2026-03-09 15:49:24,OUT
9839,2026-03-09 15:49:40,OUT
3762,2026-03-09 16:06:18,OUT
7258,2026-03-09 16:11:28,IN
2112,2026-03-09 16:17:24,IN
5009,2026-03-09 16:20:12,OUT
9839,2026-03-09 16:25:40,IN
5558,2026-03-09 16:27:02,OUT
8762,2026-03-09 16:31:35,OUT
5976,2026-03-09 16:32:38,OUT
5009,2026-03-09 16:35:12,IN
5976,2026-03-09 16:51:38,IN
6827,2026-03-09 17:02:39,OUT
8762,2026-03-09 17:15:35,IN
7412,2026-03-09 17:19:47,OUT
2657,2026-03-09 17:26:31,OUT
4566,2026-03-09 17:28:41,OUT
8822,2026-03-09 17:32:20,OUT
7412,2026-03-09 17:55:47,IN
6465,2026-03-09 17:59:20,OUT
6718,2026-03-09 18:01:01,OUT
7721,2026-03-09 18:11:49,OUT
5976,2026-03-09 18:16:38,OUT
7721,2026-03-09 18:26:49,IN
8762,2026-03-09 18:27:35,OUT
6718,2026-03-09 18:37:01,IN
5009,2026-03-09 19:04:12,OUT
2112,2026-03-09 19:08:24,OUT
8762,2026-03-09 19:13:35,IN
5009,2026-03-09 20:02:12,IN
7721,2026-03-09 20:05:49,OUT
7258,2026-03-09 20:09:28,OUT
6718,2026-03-09 20:14:01,OUT
9839,2026-03-09 20:20:40,OUT
7412,2026-03-09 20:34:47,OUT
9839,2026-03-09 20:40:40,IN
5009,2026-03-09 21:30:12,OUT
8762,2026-03-09 22:40:35,OUT
9839,2026-03-10 00:03:40,OUT
8834,2026-03-10 07:03:44,IN
4566,2026-03-10 07:23:15,IN
6604,2026-03-10 07:25:09,IN
3640,2026-03-10 07:30:22,IN
8518,2026-03-10 07:41:45,IN
4763,2026-03-10 07:42:23,IN
6827,2026-03-10 07:48:22,IN
1327,2026-03-10 07:51:20,IN
7258,2026-03-10 07:55:01,IN
8834,2026-03-10 08:04:44,OUT
1553,2026-03-10 08:05:26,IN
4364,2026-03-10 08:14:44,IN
3762,2026-03-10 08:19:21,IN
6604,2026-03-10 08:28:09,OUT
8834,2026-03-10 08:40:44,IN
8822,2026-03-10 08:59:24,IN
6604,2026-03-10 09:01:09,IN
4763,2026-03-10 09:12:23,OUT
4566,2026-03-10 09:16:15,OUT
9910,2026-03-10 09:23:27,IN
1553,2026-03-10 09:26:26,OUT
7721,2026-03-10 09:26:50,IN
4364,2026-03-10 09:37:44,OUT
5976,2026-03-10 09:40:52,IN
3640,2026-03-10 09:41:22,OUT
2112,2026-03-10 09:43:51,IN
1327,2026-03-10 09:53:20,OUT
5024,2026-03-10 09:54:46,IN
7412,2026-03-10 09:58:55,IN
4566,2026-03-10 09:59:15,IN
1553,2026-03-10 10:06:26,IN
8518,2026-03-10 10:12:45,OUT
4364,2026-03-10 10:14:44,IN
3640,2026-03-10 10:40:22,IN
8518,2026-03-10 10:44:45,IN
1327,2026-03-10 10:45:20,IN
6604,2026-03-10 10:52:09,OUT
7721,2026-03-10 11:09:50,OUT
6827,2026-03-10 11:11:22,OUT
7258,2026-03-10 11:16:01,OUT
3762,2026-03-10 11:19:21,OUT
5976,2026-03-10 11:23:52,OUT
7412,2026-03-10 11:24:55,OUT
8822,2026-03-10 11:28:24,OUT
6604,2026-03-10 11:29:09,IN
6827,2026-03-10 11:45:22,IN
7412,2026-03-10 11:48:55,IN
3762,2026-03-10 11:49:21,IN
9910,2026-03-10 11:57:27,OUT
3640,2026-03-10 11:59:22,OUT
8518,2026-03-10 12:04:45,OUT
8822,2026-03-10 12:06:24,IN
5024,2026-03-10 12:20:46,OUT
2112,2026-03-10 12:21:51,OUT
8834,2026-03-10 12:28:44,OUT
3640,2026-03-10 12:29:22,IN
9910,2026-03-10 12:40:27,IN
8518,2026-03-10 12:45:45,IN
7412,2026-03-10 12:51:55,OUT
3762,2026-03-10 13:12:21,OUT
7412,2026-03-10 13:12:55,IN
1553,2026-03-10 13:13:26,OUT
2112,2026-03-10 13:14:51,IN
4566,2026-03-10 13:35:15,OUT
4364,2026-03-10 13:57:44,OUT
1553,2026-03-10 14:01:26,IN
3762,2026-03-10 14:09:21,IN
4566,2026-03-10 14:11:15,IN
8822,2026-03-10 14:14:24,OUT
1327,2026-03-10 14:43:20,OUT
3640,2026-03-10 14:51:22,OUT
6604,2026-03-10 14:59:09,OUT
9910,2026-03-10 14:59:27,OUT
1327,2026-03-10 15:01:20,IN
3762,2026-03-10 15:12:21,OUT
9910,2026-03-10 15:18:27,IN
2112,2026-03-10 15:27:51,OUT
6827,2026-03-10 15:31:22,OUT
3640,2026-03-10 15:41:22,IN
6604,2026-03-10 15:42:09,IN
3762,2026-03-10 15:42:21,IN
2112,2026-03-10 15:46:51,IN
1553,2026-03-10 16:17:26,OUT
1327,2026-03-10 16:27:20,OUT
8518,2026-03-10 16:29:45,OUT
9910,2026-03-10 17:05:27,OUT
7412,2026-03-10 17:11:55,OUT
4566,2026-03-10 17:20:15,OUT
3640,2026-03-10 17:33:22,OUT
3762,2026-03-10 17:56:21,OUT
2112,2026-03-10 18:05:51,OUT
6604,2026-03-10 18:06:09,OUT
2112,2026-03-10 18:20:51,IN
2112,2026-03-10 22:12:51,OUT
8834,2026-03-11 07:35:17,IN
8565,2026-03-11 07:40:34,IN
3640,2026-03-11 07:42:30,IN
1187,2026-03-11 07:48:30,IN
1125,2026-03-11 07:55:06,IN
4364,2026-03-11 08:17:11,IN
4566,2026-03-11 08:25:47,IN
8518,2026-03-11 08:42:33,IN
2112,2026-03-11 08:45:59,IN
3762,2026-03-11 08:47:27,IN
5009,2026-03-11 08:50:53,IN
5360,2026-03-11 09:02:43,IN
1903,2026-03-11 09:10:08,IN
5024,2026-03-11 09:11:04,IN
3556,2026-03-11 09:14:07,IN
6465,2026-03-11 09:32:54,IN
7258,2026-03-11 09:34:21,IN
7721,2026-03-11 09:36:35,IN
1327,2026-03-11 09:50:46,IN
4364,2026-03-11 09:51:11,OUT
4566,2026-03-11 09:55:47,OUT
2112,2026-03-11 10:03:59,OUT
5009,2026-03-11 10:04:53,OUT
4364,2026-03-11 10:12:11,IN
1187,2026-03-11 10:18:30,OUT
5360,2026-03-11 10:19:43,OUT
5009,2026-03-11 10:27:53,IN
3640,2026-03-11 10:33:30,OUT
7258,2026-03-11 10:37:21,OUT
6465,2026-03-11 10:37:54,OUT
4566,2026-03-11 10:43:47,IN
1187,2026-03-11 10:51:30,IN
6465,2026-03-11 10:52:54,IN
5360,2026-03-11 10:56:43,IN
8518,2026-03-11 11:02:33,OUT
8834,2026-03-11 11:11:17,OUT
7258,2026-03-11 11:11:21,IN
8565,2026-03-11 11:15:34,OUT
8518,2026-03-11 11:26:33,IN
3762,2026-03-11 11:29:27,OUT
3640,2026-03-11 11:30:30,IN
8834,2026-03-11 11:37:17,IN
1125,2026-03-11 11:42:06,OUT
5009,2026-03-11 11:53:53,OUT
6465,2026-03-11 11:54:54,OUT
8565,2026-03-11 12:02:34,IN
7721,2026-03-11 12:09:35,OUT
1125,2026-03-11 12:10:06,IN
3556,2026-03-11 12:11:07,OUT
5009,2026-03-11 12:14:53,IN
3762,2026-03-11 12:18:27,IN
1327,2026-03-11 12:19:46,OUT
4364,2026-03-11 12:21:11,OUT
5024,2026-03-11 12:34:04,OUT
7721,2026-03-11 12:36:35,IN
6465,2026-03-11 12:39:54,IN
7258,2026-03-11 12:41:21,OUT
1903,2026-03-11 12:44:08,OUT
1327,2026-03-11 12:47:46,IN
3556,2026-03-11 12:59:07,IN
8834,2026-03-11 13:00:17,OUT
4364,2026-03-11 13:10:11,IN
8834,2026-03-11 13:16:17,IN
7258,2026-03-11 13:20:21,IN
1903,2026-03-11 13:36:08,IN
8565,2026-03-11 13:37:34,OUT
5360,2026-03-11 13:42:43,OUT
6465,2026-03-11 13:49:54,OUT
5360,2026-03-11 14:03:43,IN
6465,2026-03-11 14:06:54,IN
4566,2026-03-11 14:23:47,OUT
8565,2026-03-11 14:27:34,IN
1187,2026-03-11 14:30:30,OUT
8834,2026-03-11 14:34:17,OUT
7258,2026-03-11 14:34:21,OUT
8518,2026-03-11 14:46:33,OUT
1327,2026-03-11 14:58:46,OUT
8834,2026-03-11 15:09:17,IN
7721,2026-03-11 15:10:35,OUT
1187,2026-03-11 15:12:30,IN
8518,2026-03-11 15:14:33,IN
3640,2026-03-11 15:15:30,OUT
3762,2026-03-11 15:17:27,OUT
8565,2026-03-11 15:35:34,OUT
1903,2026-03-11 15:42:08,OUT
3556,2026-03-11 15:45:07,OUT
1125,2026-03-11 15:50:06,OUT
4364,2026-03-11 15:53:11,OUT
8565,2026-03-11 15:53:34,IN
7721,2026-03-11 15:59:35,IN
5009,2026-03-11 15:59:53,OUT
3762,2026-03-11 16:02:27,IN
1903,2026-03-11 16:04:08,IN
4364,2026-03-11 16:38:11,IN
1187,2026-03-11 16:39:30,OUT
7721,2026-03-11 17:15:35,OUT
6465,2026-03-11 17:19:54,OUT
1187,2026-03-11 17:25:30,IN
5360,2026-03-11 17:56:43,OUT
3762,2026-03-11 18:00:27,OUT
8834,2026-03-11 18:03:17,OUT
5360,2026-03-11 18:36:43,IN
8565,2026-03-11 18:41:34,OUT
8518,2026-03-11 18:57:33,OUT
1187,2026-03-11 19:23:30,OUT
1903,2026-03-11 19:43:08,OUT
8518,2026-03-11 19:57:33,IN
4364,2026-03-11 20:13:11,OUT
5360,2026-03-11 20:14:43,OUT
8518,2026-03-11 23:49:33,OUT
5024,2026-03-12 07:00:53,IN
3556,2026-03-12 07:07:30,IN
3762,2026-03-12 07:08:54,IN
6465,2026-03-12 07:19:47,IN
4054,2026-03-12 07:24:20,IN
3640,2026-03-12 07:26:43,IN
5009,2026-03-12 07:51:05,IN
8762,2026-03-12 07:54:52,IN
6827,2026-03-12 08:04:12,IN
8518,2026-03-12 08:05:45,IN
1327,2026-03-12 08:11:26,IN
3762,2026-03-12 08:22:54,OUT
3556,2026-03-12 08:31:30,OUT
6465,2026-03-12 08:38:47,OUT
7721,2026-03-12 08:44:59,IN
3762,2026-03-12 08:52:54,IN
4364,2026-03-12 08:52:56,IN
8834,2026-03-12 08:54:14,IN
5360,2026-03-12 08:55:08,IN
6465,2026-03-12 08:57:47,IN
1553,2026-03-12 08:58:45,IN
8762,2026-03-12 09:00:52,OUT
6827,2026-03-12 09:09:12,OUT
3556,2026-03-12 09:17:30,IN
4566,2026-03-12 09:19:27,IN
7412,2026-03-12 09:27:08,IN
5009,2026-03-12 09:29:05,OUT
7258,2026-03-12 09:30:59,IN
8518,2026-03-12 09:37:45,OUT
2657,2026-03-12 09:44:36,IN
6827,2026-03-12 09:47:12,IN
8762,2026-03-12 09:50:52,IN
2112,2026-03-12 09:58:13,IN
6465,2026-03-12 09:58:47,OUT
5009,2026-03-12 09:59:05,IN
3640,2026-03-12 10:04:43,OUT
8518,2026-03-12 10:12:45,IN
1553,2026-03-12 10:24:45,OUT
3640,2026-03-12 10:38:43,IN
5024,2026-03-12 10:42:53,OUT
3762,2026-03-12 10:43:54,OUT
8834,2026-03-12 10:47:14,OUT
4054,2026-03-12 10:47:20,OUT
1553,2026-03-12 10:48:45,IN
1327,2026-03-12 10:52:26,OUT
6465,2026-03-12 10:52:47,IN
5024,2026-03-12 11:06:53,IN
4364,2026-03-12 11:08:56,OUT
7721,2026-03-12 11:08:59,OUT
2112,2026-03-12 11:12:13,OUT
8834,2026-03-12 11:12:14,IN
4054,2026-03-12 11:16:20,IN
4364,2026-03-12 11:35:56,IN
2112,2026-03-12 11:39:13,IN
1327,2026-03-12 11:42:26,IN
5360,2026-03-12 11:44:08,OUT
5009,2026-03-12 11:50:05,OUT
3556,2026-03-12 11:51:30,OUT
5360,2026-03-12 11:59:08,IN
7721,2026-03-12 12:00:59,IN
8762,2026-03-12 12:05:52,OUT
7258,2026-03-12 12:08:59,OUT
6827,2026-03-12 12:17:12,OUT
3556,2026-03-12 12:20:30,IN
6465,2026-03-12 12:20:47,OUT
3640,2026-03-12 12:39:43,OUT
6827,2026-03-12 12:53:12,IN
2112,2026-03-12 12:55:13,OUT
4566,2026-03-12 13:02:27,OUT
2657,2026-03-12 13:03:36,OUT
7721,2026-03-12 13:05:59,OUT
2112,2026-03-12 13:16:13,IN
6465,2026-03-12 13:16:47,IN
7412,2026-03-12 13:18:08,OUT
7412,2026-03-12 13:33:08,IN
4054,2026-03-12 13:38:20,OUT
7721,2026-03-12 13:42:59,IN
8518,2026-03-12 13:43:45,OUT
3556,2026-03-12 13:45:30,OUT
4566,2026-03-12 13:48:27,IN
5360,2026-03-12 13:54:08,OUT
8518,2026-03-12 14:12:45,IN
1553,2026-03-12 14:17:45,OUT
5360,2026-03-12 14:19:08,IN
4054,2026-03-12 14:21:20,IN
3556,2026-03-12 14:22:30,IN
8834,2026-03-12 14:35:14,OUT
7721,2026-03-12 14:52:59,OUT
5024,2026-03-12 14:57:53,OUT
1327,2026-03-12 14:58:26,OUT
1553,2026-03-12 15:01:45,IN
4364,2026-03-12 15:03:56,OUT
8518,2026-03-12 15:16:45,OUT
7721,2026-03-12 15:25:59,IN
8834,2026-03-12 15:31:14,IN
5024,2026-03-12 15:46:53,IN
6827,2026-03-12 16:01:12,OUT
7412,2026-03-12 16:03:08,OUT
8518,2026-03-12 16:09:45,IN
6465,2026-03-12 16:11:47,OUT
2112,2026-03-12 16:19:13,OUT
3556,2026-03-12 16:25:30,OUT
7412,2026-03-12 16:43:08,IN
4054,2026-03-12 17:15:20,OUT
4566,2026-03-12 17:33:27,OUT
5024,2026-03-12 17:37:53,OUT
4054,2026-03-12 17:40:20,IN
1553,2026-03-12 17:52:45,OUT
8518,2026-03-12 17:54:45,OUT
7721,2026-03-12 18:04:59,OUT
8834,2026-03-12 18:07:14,OUT
5360,2026-03-12 18:08:08,OUT
4566,2026-03-12 18:31:27,IN
5360,2026-03-12 18:42:08,IN
1553,2026-03-12 18:45:45,IN
7412,2026-03-12 19:35:08,OUT
4054,2026-03-12 19:49:20,OUT
1553,2026-03-12 19:52:45,OUT
5360,2026-03-12 19:56:08,OUT
7412,2026-03-12 20:23:08,IN
4566,2026-03-12 21:15:27,OUT
7412,2026-03-12 22:56:08,OUT
7721,2026-03-13 07:04:02,IN
5024,2026-03-13 07:15:38,IN
8762,2026-03-13 07:15:41,IN
3640,2026-03-13 07:15:53,IN
9910,2026-03-13 07:33:08,IN
1187,2026-03-13 07:44:45,IN
8822,2026-03-13 07:45:21,IN
8565,2026-03-13 08:03:20,IN
4364,2026-03-13 08:08:35,IN
7721,2026-03-13 08:15:02,OUT
7258,2026-03-13 08:27:21,IN
3556,2026-03-13 08:28:57,IN
2112,2026-03-13 08:29:06,IN
8518,2026-03-13 08:29:28,IN
5024,2026-03-13 08:38:38,OUT
7721,2026-03-13 08:41:02,IN
1553,2026-03-13 08:48:21,IN
5024,2026-03-13 08:54:38,IN
6465,2026-03-13 09:20:30,IN
3762,2026-03-13 09:23:39,IN
1327,2026-03-13 09:29:29,IN
1187,2026-03-13 09:31:45,OUT
5558,2026-03-13 09:32:52,IN
8518,2026-03-13 09:34:28,OUT
4566,2026-03-13 09:41:18,IN
9910,2026-03-13 09:46:08,OUT
7258,2026-03-13 10:00:21,OUT
8565,2026-03-13 10:07:20,OUT
8518,2026-03-13 10:11:28,IN
3640,2026-03-13 10:27:53,OUT
4364,2026-03-13 10:29:35,OUT
9910,2026-03-13 10:34:08,IN
8565,2026-03-13 10:37:20,IN
8762,2026-03-13 10:37:41,OUT
1327,2026-03-13 11:01:29,OUT
8822,2026-03-13 11:09:21,OUT
1327,2026-03-13 11:19:29,IN
7721,2026-03-13 11:20:02,OUT
5024,2026-03-13 11:23:38,OUT
3556,2026-03-13 11:30:57,OUT
3762,2026-03-13 11:33:39,OUT
8762,2026-03-13 11:33:41,IN
7721,2026-03-13 11:46:02,IN
3556,2026-03-13 11:48:57,IN
2112,2026-03-13 11:52:06,OUT
8822,2026-03-13 11:52:21,IN
6465,2026-03-13 11:58:30,OUT
4566,2026-03-13 12:00:18,OUT
1553,2026-03-13 12:07:21,OUT
2112,2026-03-13 12:14:06,IN
3762,2026-03-13 12:14:39,IN
8565,2026-03-13 12:17:20,OUT
5024,2026-03-13 12:21:38,IN
1553,2026-03-13 12:35:21,IN
8518,2026-03-13 12:46:28,OUT
5558,2026-03-13 12:55:52,OUT
8518,2026-03-13 13:07:28,IN
5558,2026-03-13 13:52:52,IN
3556,2026-03-13 13:54:57,OUT
8762,2026-03-13 14:19:41,OUT
9910,2026-03-13 14:26:08,OUT
1327,2026-03-13 14:28:29,OUT
1553,2026-03-13 14:42:21,OUT
3556,2026-03-13 14:42:57,IN
2112,2026-03-13 14:46:06,OUT
7721,2026-03-13 15:01:02,OUT
5024,2026-03-13 15:03:38,OUT
9910,2026-03-13 15:22:08,IN
1553,2026-03-13 15:22:21,IN
5024,2026-03-13 15:25:38,IN
1327,2026-03-13 15:27:29,IN
8518,2026-03-13 15:31:28,OUT
7721,2026-03-13 15:33:02,IN
8822,2026-03-13 15:33:21,OUT
8822,2026-03-13 15:54:21,IN
3762,2026-03-13 16:04:39,OUT
3762,2026-03-13 16:33:39,IN
5558,2026-03-13 16:38:52,OUT
3556,2026-03-13 17:32:57,OUT
7721,2026-03-13 17:59:02,OUT
1553,2026-03-13 18:16:21,OUT
5024,2026-03-13 18:47:38,OUT
3762,2026-03-13 18:48:39,OUT
9910,2026-03-13 19:03:08,OUT
3762,2026-03-13 19:03:39,IN
1327,2026-03-13 19:07:29,OUT
1553,2026-03-13 19:12:21,IN
1327,2026-03-13 19:23:29,IN
8822,2026-03-13 19:25:21,OUT
8822,2026-03-13 19:54:21,IN
3762,2026-03-13 21:08:39,OUT
1327,2026-03-13 21:26:29,OUT
8822,2026-03-13 21:52:21,OUT
1553,2026-03-13 22:38:21,OUT
7721,2026-03-16 07:08:07,IN
8762,2026-03-16 07:14:16,IN
8834,2026-03-16 07:21:28,IN
4566,2026-03-16 07:30:27,IN
3762,2026-03-16 07:42:02,IN
1327,2026-03-16 07:42:55,IN
3556,2026-03-16 08:01:58,IN
7258,2026-03-16 08:03:16,IN
5009,2026-03-16 08:14:20,IN
1187,2026-03-16 08:20:33,IN
7412,2026-03-16 08:27:36,IN
5024,2026-03-16 08:46:37,IN
8762,2026-03-16 08:53:16,OUT
3640,2026-03-16 08:56:37,IN
9910,2026-03-16 09:01:38,IN
8518,2026-03-16 09:04:15,IN
3762,2026-03-16 09:09:02,OUT
4364,2026-03-16 09:13:47,IN
1903,2026-03-16 09:16:32,IN
7721,2026-03-16 09:20:07,OUT
1553,2026-03-16 09:21:04,IN
8762,2026-03-16 09:26:16,IN
1327,2026-03-16 09:26:55,OUT
7258,2026-03-16 09:34:16,OUT
9839,2026-03-16 09:35:15,IN
5360,2026-03-16 09:38:49,IN
2112,2026-03-16 09:39:32,IN
6465,2026-03-16 09:49:16,IN
1327,2026-03-16 09:53:55,IN
7721,2026-03-16 09:54:07,IN
7258,2026-03-16 10:05:16,IN
3556,2026-03-16 10:16:58,OUT
8518,2026-03-16 10:17:15,OUT
1903,2026-03-16 10:24:32,OUT
1187,2026-03-16 10:24:33,OUT
3640,2026-03-16 10:36:37,OUT
8518,2026-03-16 10:42:15,IN
4566,2026-03-16 10:44:27,OUT
8834,2026-03-16 10:54:28,OUT
5024,2026-03-16 11:01:37,OUT
4566,2026-03-16 11:10:27,IN
7721,2026-03-16 11:13:07,OUT
1187,2026-03-16 11:14:33,IN
8834,2026-03-16 11:16:28,IN
5009,2026-03-16 11:23:20,OUT
7258,2026-03-16 11:24:16,OUT
7412,2026-03-16 11:24:36,OUT
9910,2026-03-16 11:26:38,OUT
9839,2026-03-16 11:34:15,OUT
3640,2026-03-16 11:36:37,IN
1327,2026-03-16 11:48:55,OUT
1553,2026-03-16 11:51:04,OUT
7721,2026-03-16 11:52:07,IN
9910,2026-03-16 11:56:38,IN
5360,2026-03-16 12:12:49,OUT
9839,2026-03-16 12:13:15,IN
6465,2026-03-16 12:21:16,OUT
7258,2026-03-16 12:24:16,IN
8518,2026-03-16 12:30:15,OUT
5360,2026-03-16 12:34:49,IN
8834,2026-03-16 12:36:28,OUT
3640,2026-03-16 12:38:37,OUT
6465,2026-03-16 12:39:16,IN
8518,2026-03-16 12:46:15,IN
2112,2026-03-16 12:54:32,OUT
8762,2026-03-16 12:57:16,OUT
4364,2026-03-16 13:06:47,OUT
4566,2026-03-16 13:11:27,OUT
3640,2026-03-16 13:15:37,IN
9910,2026-03-16 13:15:38,OUT
9839,2026-03-16 13:17:15,OUT
8834,2026-03-16 13:24:28,IN
1187,2026-03-16 13:26:33,OUT
8762,2026-03-16 13:29:16,IN
2112,2026-03-16 13:31:32,IN
4364,2026-03-16 13:36:47,IN
5360,2026-03-16 13:45:49,OUT
9839,2026-03-16 13:49:15,IN
8518,2026-03-16 13:53:15,OUT
9910,2026-03-16 14:13:38,IN
7721,2026-03-16 14:23:07,OUT
7258,2026-03-16 14:29:16,OUT
8762,2026-03-16 14:37:16,OUT
7258,2026-03-16 15:01:16,IN
8834,2026-03-16 15:12:28,OUT
8762,2026-03-16 15:22:16,IN
8834,2026-03-16 15:33:28,IN
9839,2026-03-16 15:38:15,OUT
2112,2026-03-16 15:59:32,OUT
6465,2026-03-16 16:06:16,OUT
3640,2026-03-16 16:07:37,OUT
7258,2026-03-16 16:08:16,OUT
2112,2026-03-16 16:30:32,IN
4364,2026-03-16 17:32:47,OUT
8834,2026-03-16 17:42:28,OUT
9910,2026-03-16 17:45:38,OUT
2112,2026-03-16 18:21:32,OUT
4364,2026-03-16 18:29:47,IN
8762,2026-03-16 18:35:16,OUT
4364,2026-03-16 20:14:47,OUT
1553,2026-03-17 07:21:11,IN
2112,2026-03-17 07:42:57,IN
3762,2026-03-17 07:54:10,IN
3640,2026-03-17 08:14:34,IN
5558,2026-03-17 08:16:51,IN
7258,2026-03-17 08:24:10,IN
8822,2026-03-17 08:28:14,IN
8518,2026-03-17 08:44:18,IN
6465,2026-03-17 08:58:00,IN
4364,2026-03-17 09:17:57,IN
5024,2026-03-17 09:19:06,IN
7721,2026-03-17 09:21:39,IN
1553,2026-03-17 09:27:11,OUT
4763,2026-03-17 09:27:33,IN
5558,2026-03-17 09:31:51,OUT
1125,2026-03-17 09:51:32,IN
5558,2026-03-17 09:54:51,IN
4566,2026-03-17 09:54:54,IN
4054,2026-03-17 09:56:34,IN
2112,2026-03-17 10:03:57,OUT
3762,2026-03-17 10:16:10,OUT
3762,2026-03-17 11:03:10,IN
3640,2026-03-17 11:10:34,OUT
4364,2026-03-17 11:35:57,OUT
8518,2026-03-17 11:44:18,OUT
6465,2026-03-17 11:47:00,OUT
3640,2026-03-17 11:49:34,IN
8822,2026-03-17 11:50:14,OUT
5024,2026-03-17 11:55:06,OUT
7258,2026-03-17 12:04:10,OUT
4054,2026-03-17 12:06:34,OUT
6465,2026-03-17 12:09:00,IN
8518,2026-03-17 12:19:18,IN
8822,2026-03-17 12:27:14,IN
5558,2026-03-17 12:32:51,OUT
4364,2026-03-17 12:34:57,IN
7258,2026-03-17 12:35:10,IN
7721,2026-03-17 12:40:39,OUT
4763,2026-03-17 12:55:33,OUT
4566,2026-03-17 13:02:54,OUT
7721,2026-03-17 13:03:39,IN
4054,2026-03-17 13:05:34,IN
1125,2026-03-17 13:16:32,OUT
4763,2026-03-17 13:27:33,IN
5558,2026-03-17 13:31:51,IN
4566,2026-03-17 13:52:54,IN
8518,2026-03-17 14:01:18,OUT
7258,2026-03-17 14:23:10,OUT
3762,2026-03-17 14:24:10,OUT
4364,2026-03-17 14:36:57,OUT
4763,2026-03-17 14:44:33,OUT
3762,2026-03-17 14:47:10,IN
4054,2026-03-17 15:00:34,OUT
8822,2026-03-17 15:11:14,OUT
3640,2026-03-17 15:46:34,OUT
6465,2026-03-17 15:49:00,OUT
3762,2026-03-17 15:50:10,OUT
5558,2026-03-17 15:51:51,OUT
8822,2026-03-17 15:53:14,IN
4566,2026-03-17 16:19:54,OUT
3762,2026-03-17 16:20:10,IN
5558,2026-03-17 16:24:51,IN
7721,2026-03-17 16:43:39,OUT
3640,2026-03-17 16:44:34,IN
4566,2026-03-17 16:45:54,IN
4566,2026-03-17 18:11:54,OUT
8822,2026-03-17 18:22:14,OUT
3640,2026-03-17 18:37:34,OUT
8822,2026-03-17 18:53:14,IN
5558,2026-03-17 19:20:51,OUT
3762,2026-03-17 20:17:10,OUT
8822,2026-03-17 21:55:14,OUT
9839,2026-03-18 07:03:47,IN
7721,2026-03-18 07:05:14,IN
3640,2026-03-18 07:08:51,IN
8518,2026-03-18 07:21:31,IN
5360,2026-03-18 07:40:17,IN
8822,2026-03-18 07:41:56,IN
7258,2026-03-18 08:02:19,IN
4566,2026-03-18 08:07:32,IN
7721,2026-03-18 08:15:14,OUT
2112,2026-03-18 08:18:06,IN
6465,2026-03-18 08:19:04,IN
6827,2026-03-18 08:29:56,IN
3556,2026-03-18 08:35:56,IN
1327,2026-03-18 08:51:08,IN
7721,2026-03-18 08:51:14,IN
1187,2026-03-18 08:53:51,IN
3762,2026-03-18 08:56:40,IN
5024,2026-03-18 09:10:28,IN
4364,2026-03-18 09:13:15,IN
4566,2026-03-18 09:29:32,OUT
6718,2026-03-18 09:32:14,IN
8518,2026-03-18 09:33:31,OUT
3640,2026-03-18 09:45:51,OUT
8518,2026-03-18 09:50:31,IN
5009,2026-03-18 09:54:18,IN
4566,2026-03-18 10:15:32,IN
5024,2026-03-18 10:18:28,OUT
9839,2026-03-18 10:26:47,OUT
3640,2026-03-18 10:26:51,IN
8822,2026-03-18 10:42:56,OUT
3556,2026-03-18 10:46:56,OUT
6465,2026-03-18 10:51:04,OUT
7258,2026-03-18 10:52:19,OUT
5009,2026-03-18 10:54:18,OUT
2112,2026-03-18 11:11:06,OUT
5360,2026-03-18 11:23:17,OUT
1187,2026-03-18 11:28:51,OUT
7258,2026-03-18 11:32:19,IN
6465,2026-03-18 11:36:04,IN
5009,2026-03-18 11:38:18,IN
3762,2026-03-18 11:42:40,OUT
5360,2026-03-18 11:44:17,IN
1187,2026-03-18 11:49:51,IN
7721,2026-03-18 11:54:14,OUT
4364,2026-03-18 11:54:15,OUT
2112,2026-03-18 12:08:06,IN
1327,2026-03-18 12:08:08,OUT
4364,2026-03-18 12:09:15,IN
3640,2026-03-18 12:12:51,OUT
6827,2026-03-18 12:14:56,OUT
4566,2026-03-18 12:21:32,OUT
8518,2026-03-18 12:23:31,OUT
3762,2026-03-18 12:30:40,IN
6465,2026-03-18 12:54:04,OUT
6827,2026-03-18 12:55:56,IN
5360,2026-03-18 12:56:17,OUT
5009,2026-03-18 12:58:18,OUT
1327,2026-03-18 13:00:08,IN
3640,2026-03-18 13:07:51,IN
6465,2026-03-18 13:12:04,IN
6718,2026-03-18 13:13:14,OUT
2112,2026-03-18 13:18:06,OUT
5360,2026-03-18 13:18:17,IN
4364,2026-03-18 13:26:15,OUT
1187,2026-03-18 13:48:51,OUT
7258,2026-03-18 13:53:19,OUT
6718,2026-03-18 13:55:14,IN
1187,2026-03-18 14:08:51,IN
1327,2026-03-18 14:21:08,OUT
5360,2026-03-18 14:37:17,OUT
1327,2026-03-18 14:59:08,IN
6465,2026-03-18 15:19:04,OUT
3640,2026-03-18 15:23:51,OUT
6718,2026-03-18 15:24:14,OUT
5360,2026-03-18 15:36:17,IN
3762,2026-03-18 16:15:40,OUT
6827,2026-03-18 16:18:56,OUT
6718,2026-03-18 16:19:14,IN
1327,2026-03-18 16:49:08,OUT
6827,2026-03-18 17:18:56,IN
1187,2026-03-18 17:25:51,OUT
1187,2026-03-18 17:48:51,IN
5360,2026-03-18 17:53:17,OUT
6718,2026-03-18 18:15:14,OUT
6827,2026-03-18 18:22:56,OUT
6718,2026-03-18 19:09:14,IN
1187,2026-03-18 21:46:51,OUT
6718,2026-03-18 21:57:14,OUT
7258,2026-03-19 07:04:34,IN
1903,2026-03-19 07:12:03,IN
8518,2026-03-19 07:27:34,IN
6604,2026-03-19 07:48:45,IN
3640,2026-03-19 08:01:06,IN
7721,2026-03-19 08:01:21,IN
3762,2026-03-19 08:04:46,IN
8834,2026-03-19 08:08:14,IN
4566,2026-03-19 08:22:37,IN
6465,2026-03-19 08:36:54,IN
8822,2026-03-19 08:37:18,IN
7412,2026-03-19 08:53:01,IN
4364,2026-03-19 09:07:15,IN
6604,2026-03-19 09:18:45,OUT
7258,2026-03-19 09:32:34,OUT
8565,2026-03-19 09:38:11,IN
4566,2026-03-19 09:43:37,OUT
5024,2026-03-19 09:44:17,IN
2112,2026-03-19 09:46:56,IN
8518,2026-03-19 09:49:34,OUT
9910,2026-03-19 09:54:22,IN
6465,2026-03-19 09:56:54,OUT
1903,2026-03-19 10:00:03,OUT
8834,2026-03-19 10:03:14,OUT
7258,2026-03-19 10:03:34,IN
1903,2026-03-19 10:21:03,IN
8518,2026-03-19 10:29:34,IN
3762,2026-03-19 10:40:46,OUT
7721,2026-03-19 10:42:21,OUT
6465,2026-03-19 10:45:54,IN
8834,2026-03-19 11:00:14,IN
7721,2026-03-19 11:11:21,IN
8822,2026-03-19 11:26:18,OUT
7412,2026-03-19 11:40:01,OUT
4364,2026-03-19 11:42:15,OUT
3640,2026-03-19 11:45:06,OUT
1903,2026-03-19 12:01:03,OUT
4364,2026-03-19 12:14:15,IN
2112,2026-03-19 12:14:56,OUT
7412,2026-03-19 12:15:01,IN
1903,2026-03-19 12:22:03,IN
8822,2026-03-19 12:22:18,IN
3640,2026-03-19 12:32:06,IN
8834,2026-03-19 12:37:14,OUT
5024,2026-03-19 12:39:17,OUT
2112,2026-03-19 12:56:56,IN
8565,2026-03-19 13:09:11,OUT
9910,2026-03-19 13:25:22,OUT
7258,2026-03-19 13:29:34,OUT
7258,2026-03-19 13:45:34,IN
8565,2026-03-19 13:58:11,IN
8518,2026-03-19 14:06:34,OUT
6465,2026-03-19 14:19:54,OUT
8518,2026-03-19 14:23:34,IN
8822,2026-03-19 14:26:18,OUT
4364,2026-03-19 14:39:15,OUT
1903,2026-03-19 14:40:03,OUT
7412,2026-03-19 14:56:01,OUT
7721,2026-03-19 14:58:21,OUT
7721,2026-03-19 15:52:21,IN
8565,2026-03-19 15:58:11,OUT
2112,2026-03-19 16:06:56,OUT
8565,2026-03-19 16:16:11,IN
2112,2026-03-19 16:22:56,IN
3640,2026-03-19 16:30:06,OUT
7258,2026-03-19 16:44:34,OUT
8518,2026-03-19 17:18:34,OUT
3640,2026-03-19 17:22:06,IN
8565,2026-03-19 18:05:11,OUT
8565,2026-03-19 18:20:11,IN
7721,2026-03-19 18:52:21,OUT
2112,2026-03-19 18:57:56,OUT
8565,2026-03-19 20:15:11,OUT
3640,2026-03-19 20:23:06,OUT
8518,2026-03-20 07:20:51,IN
6827,2026-03-20 07:28:11,IN
5976,2026-03-20 07:31:41,IN
5024,2026-03-20 07:32:28,IN
2112,2026-03-20 07:33:21,IN
5360,2026-03-20 07:41:28,IN
7412,2026-03-20 08:01:14,IN
4566,2026-03-20 08:04:20,IN
3762,2026-03-20 08:04:47,IN
7258,2026-03-20 08:26:34,IN
8518,2026-03-20 08:28:51,OUT
1327,2026-03-20 08:38:29,IN
1125,2026-03-20 08:48:48,IN
5360,2026-03-20 08:55:28,OUT
1553,2026-03-20 08:56:57,IN
6465,2026-03-20 09:01:25,IN
3556,2026-03-20 09:04:03,IN
3762,2026-03-20 09:15:47,OUT
5024,2026-03-20 09:16:28,OUT
4054,2026-03-20 09:17:10,IN
1187,2026-03-20 09:18:23,IN
8762,2026-03-20 09:19:02,IN
9910,2026-03-20 09:20:21,IN
8518,2026-03-20 09:22:51,IN
8834,2026-03-20 09:26:12,IN
8565,2026-03-20 09:33:51,IN
1327,2026-03-20 09:38:29,OUT
3762,2026-03-20 09:38:47,IN
2112,2026-03-20 09:46:21,OUT
7258,2026-03-20 09:51:34,OUT
6827,2026-03-20 09:54:11,OUT
7412,2026-03-20 10:05:14,OUT
3556,2026-03-20 10:08:03,OUT
6827,2026-03-20 10:13:11,IN
6465,2026-03-20 10:19:25,OUT
7258,2026-03-20 10:25:34,IN
4566,2026-03-20 10:31:20,OUT
8834,2026-03-20 10:35:12,OUT
6465,2026-03-20 10:40:25,IN
8565,2026-03-20 10:49:51,OUT
3556,2026-03-20 10:51:03,IN
4054,2026-03-20 10:52:10,OUT
8518,2026-03-20 10:55:51,OUT
9910,2026-03-20 11:00:21,OUT
1553,2026-03-20 11:01:57,OUT
5976,2026-03-20 11:06:41,OUT
8834,2026-03-20 11:13:12,IN
3762,2026-03-20 11:13:47,OUT
5976,2026-03-20 11:36:41,IN
1553,2026-03-20 11:45:57,IN
8518,2026-03-20 11:46:51,IN
8762,2026-03-20 11:53:02,OUT
1125,2026-03-20 12:02:48,OUT
1187,2026-03-20 12:07:23,OUT
8762,2026-03-20 12:08:02,IN
3556,2026-03-20 12:09:03,OUT
3556,2026-03-20 12:25:03,IN
1125,2026-03-20 12:32:48,IN
8834,2026-03-20 12:50:12,OUT
1187,2026-03-20 12:51:23,IN
6827,2026-03-20 12:52:11,OUT
7258,2026-03-20 13:06:34,OUT
6827,2026-03-20 13:09:11,IN
1553,2026-03-20 13:17:57,OUT
7258,2026-03-20 13:27:34,IN
1553,2026-03-20 13:45:57,IN
8518,2026-03-20 13:46:51,OUT
1125,2026-03-20 14:05:48,OUT
6465,2026-03-20 14:18:25,OUT
6827,2026-03-20 14:29:11,OUT
5976,2026-03-20 14:32:41,OUT
3556,2026-03-20 14:39:03,OUT
1125,2026-03-20 14:47:48,IN
3556,2026-03-20 15:13:03,IN
6827,2026-03-20 15:16:11,IN
5976,2026-03-20 15:26:41,IN
8762,2026-03-20 15:35:02,OUT
1187,2026-03-20 16:07:23,OUT
1553,2026-03-20 16:09:57,OUT
1187,2026-03-20 16:43:23,IN
1553,2026-03-20 16:44:57,IN
7258,2026-03-20 16:55:34,OUT
6827,2026-03-20 17:22:11,OUT
5976,2026-03-20 17:29:41,OUT
1125,2026-03-20 17:54:48,OUT
5976,2026-03-20 18:03:41,IN
1553,2026-03-20 18:11:57,OUT
1125,2026-03-20 18:32:48,IN
1187,2026-03-20 18:37:23,OUT
3556,2026-03-20 19:08:03,OUT
1187,2026-03-20 19:20:23,IN
1125,2026-03-20 20:41:48,OUT
5976,2026-03-20 21:30:41,OUT
1187,2026-03-20 21:39:23,OUT
2112,2026-03-23 07:03:09,IN
5024,2026-03-23 07:22:52,IN
1903,2026-03-23 07:36:07,IN
8822,2026-03-23 07:38:54,IN
5558,2026-03-23 07:45:26,IN
8565,2026-03-23 07:54:58,IN
7258,2026-03-23 07:59:27,IN
6465,2026-03-23 08:13:00,IN
3556,2026-03-23 08:14:57,IN
9839,2026-03-23 08:42:43,IN
1187,2026-03-23 08:52:06,IN
7258,2026-03-23 09:02:27,OUT
1553,2026-03-23 09:11:13,IN
8822,2026-03-23 09:13:54,OUT
4364,2026-03-23 09:21:55,IN
1327,2026-03-23 09:23:54,IN
5360,2026-03-23 09:25:52,IN
7721,2026-03-23 09:27:00,IN
7258,2026-03-23 09:28:27,IN
4566,2026-03-23 09:43:23,IN
8518,2026-03-23 09:45:42,IN
1187,2026-03-23 09:54:06,OUT
3762,2026-03-23 09:55:31,IN
6465,2026-03-23 10:08:00,OUT
5024,2026-03-23 10:10:52,OUT
5024,2026-03-23 10:28:52,IN
1187,2026-03-23 10:43:06,IN
2112,2026-03-23 10:47:09,OUT
9839,2026-03-23 10:53:43,OUT
9839,2026-03-23 11:11:43,IN
1903,2026-03-23 11:13:07,OUT
5558,2026-03-23 11:17:26,OUT
8518,2026-03-23 11:20:42,OUT
7258,2026-03-23 11:29:27,OUT
8565,2026-03-23 11:32:58,OUT
5024,2026-03-23 11:41:52,OUT
3556,2026-03-23 11:52:57,OUT
1327,2026-03-23 11:53:54,OUT
7258,2026-03-23 12:01:27,IN
5558,2026-03-23 12:03:26,IN
3762,2026-03-23 12:05:31,OUT
8518,2026-03-23 12:07:42,IN
1327,2026-03-23 12:09:54,IN
1903,2026-03-23 12:11:07,IN
4566,2026-03-23 12:25:23,OUT
5360,2026-03-23 12:28:52,OUT
5024,2026-03-23 12:34:52,IN
4364,2026-03-23 12:34:55,OUT
3556,2026-03-23 12:39:57,IN
1553,2026-03-23 12:48:13,OUT
4364,2026-03-23 13:08:55,IN
7258,2026-03-23 13:09:27,OUT
7721,2026-03-23 13:12:00,OUT
1187,2026-03-23 13:15:06,OUT
5360,2026-03-23 13:20:52,IN
8518,2026-03-23 13:26:42,OUT
1187,2026-03-23 13:36:06,IN
7258,2026-03-23 13:49:27,IN
7721,2026-03-23 14:06:00,IN
8518,2026-03-23 14:08:42,IN
4364,2026-03-23 14:23:55,OUT
9839,2026-03-23 14:30:43,OUT
1327,2026-03-23 14:41:54,OUT
1327,2026-03-23 14:59:54,IN
7258,2026-03-23 15:08:27,OUT
4364,2026-03-23 15:14:55,IN
1187,2026-03-23 15:15:06,OUT
3556,2026-03-23 15:18:57,OUT
5024,2026-03-23 15:20:52,OUT
9839,2026-03-23 15:30:43,IN
5558,2026-03-23 15:38:26,OUT
3556,2026-03-23 15:46:57,IN
5360,2026-03-23 15:57:52,OUT
5558,2026-03-23 15:58:26,IN
1187,2026-03-23 16:03:06,IN
1903,2026-03-23 16:08:07,OUT
5360,2026-03-23 16:24:52,IN
7721,2026-03-23 16:42:00,OUT
8518,2026-03-23 16:57:42,OUT
5558,2026-03-23 17:11:26,OUT
3556,2026-03-23 17:20:57,OUT
1327,2026-03-23 17:21:54,OUT
9839,2026-03-23 17:41:43,OUT
5558,2026-03-23 17:54:26,IN
8518,2026-03-23 17:55:42,IN
1327,2026-03-23 18:10:54,IN
9839,2026-03-23 18:22:43,IN
5360,2026-03-23 18:25:52,OUT
4364,2026-03-23 18:46:55,OUT
1187,2026-03-23 19:14:06,OUT
8518,2026-03-23 19:22:42,OUT
9839,2026-03-23 19:28:43,OUT
5558,2026-03-23 19:54:26,OUT
1327,2026-03-23 21:11:54,OUT
7412,2026-03-24 07:00:37,IN
8518,2026-03-24 07:09:55,IN
3640,2026-03-24 07:31:24,IN
8762,2026-03-24 07:46:25,IN
3762,2026-03-24 07:55:27,IN
5360,2026-03-24 07:59:37,IN
6465,2026-03-24 07:59:59,IN
7258,2026-03-24 08:00:29,IN
1327,2026-03-24 08:02:44,IN
6827,2026-03-24 08:03:13,IN
7412,2026-03-24 08:13:37,OUT
1125,2026-03-24 08:41:55,IN
1553,2026-03-24 09:00:37,IN
4566,2026-03-24 09:04:14,IN
2112,2026-03-24 09:20:28,IN
9839,2026-03-24 09:22:20,IN
8565,2026-03-24 09:31:37,IN
9910,2026-03-24 09:32:21,IN
4054,2026-03-24 09:34:29,IN
5024,2026-03-24 09:36:19,IN
3640,2026-03-24 09:55:24,OUT
6827,2026-03-24 09:59:13,OUT
7721,2026-03-24 09:59:45,IN
8518,2026-03-24 10:00:55,OUT
3640,2026-03-24 10:12:24,IN
6827,2026-03-24 10:14:13,IN
8518,2026-03-24 10:19:55,IN
5360,2026-03-24 10:39:37,OUT
4566,2026-03-24 10:47:14,OUT
1125,2026-03-24 10:49:55,OUT
1553,2026-03-24 11:01:37,OUT
5024,2026-03-24 11:06:19,OUT
7258,2026-03-24 11:13:29,OUT
8762,2026-03-24 11:15:25,OUT
3762,2026-03-24 11:17:27,OUT
5024,2026-03-24 11:28:19,IN
8762,2026-03-24 11:34:25,IN
1327,2026-03-24 11:39:44,OUT
7721,2026-03-24 11:43:45,OUT
1553,2026-03-24 11:45:37,IN
1125,2026-03-24 11:48:55,IN
9839,2026-03-24 11:49:20,OUT
8565,2026-03-24 11:49:37,OUT
6465,2026-03-24 11:51:59,OUT
3762,2026-03-24 11:52:27,IN
9910,2026-03-24 11:58:21,OUT
7258,2026-03-24 11:58:29,IN
1327,2026-03-24 12:09:44,IN
2112,2026-03-24 12:15:28,OUT
9839,2026-03-24 12:19:20,IN
6465,2026-03-24 12:25:59,IN
2112,2026-03-24 12:48:28,IN
8565,2026-03-24 12:49:37,IN
6827,2026-03-24 13:02:13,OUT
3762,2026-03-24 13:10:27,OUT
4054,2026-03-24 13:24:29,OUT
8518,2026-03-24 13:27:55,OUT
6827,2026-03-24 13:45:13,IN
3640,2026-03-24 13:48:24,OUT
6465,2026-03-24 14:02:59,OUT
8762,2026-03-24 14:09:25,OUT
4054,2026-03-24 14:09:29,IN
5024,2026-03-24 14:25:19,OUT
3640,2026-03-24 14:28:24,IN
9839,2026-03-24 14:34:20,OUT
1553,2026-03-24 14:34:37,OUT
8762,2026-03-24 14:49:25,IN
7258,2026-03-24 14:51:29,OUT
1553,2026-03-24 14:57:37,IN
9839,2026-03-24 15:03:20,IN
3640,2026-03-24 15:32:24,OUT
7258,2026-03-24 15:32:29,IN
1125,2026-03-24 15:34:55,OUT
1327,2026-03-24 15:37:44,OUT
2112,2026-03-24 15:48:28,OUT
4054,2026-03-24 15:49:29,OUT
8565,2026-03-24 15:50:37,OUT
3640,2026-03-24 15:51:24,IN
1327,2026-03-24 16:02:44,IN
6827,2026-03-24 16:18:13,OUT
8565,2026-03-24 16:20:37,IN
4054,2026-03-24 16:27:29,IN
6827,2026-03-24 17:05:13,IN
8762,2026-03-24 17:20:25,OUT
1327,2026-03-24 17:22:44,OUT
4054,2026-03-24 17:40:29,OUT
9839,2026-03-24 17:44:20,OUT
3640,2026-03-24 17:46:24,OUT
7258,2026-03-24 18:04:29,OUT
4054,2026-03-24 18:12:29,IN
7258,2026-03-24 18:23:29,IN
9839,2026-03-24 18:43:20,IN
1553,2026-03-24 18:46:37,OUT
6827,2026-03-24 18:52:13,OUT
8565,2026-03-24 19:53:37,OUT
4054,2026-03-24 20:23:29,OUT
8565,2026-03-24 20:30:37,IN
9839,2026-03-24 22:11:20,OUT
7258,2026-03-24 22:16:29,OUT
8565,2026-03-25 00:10:37,OUT
6465,2026-03-25 07:08:20,IN
5009,2026-03-25 07:13:55,IN
1187,2026-03-25 07:36:36,IN
3762,2026-03-25 07:51:04,IN
3640,2026-03-25 07:56:15,IN
1125,2026-03-25 07:58:40,IN
2657,2026-03-25 08:06:16,IN
5024,2026-03-25 08:06:50,IN
4566,2026-03-25 08:27:01,IN
2112,2026-03-25 08:28:11,IN
6718,2026-03-25 08:44:53,IN
7721,2026-03-25 08:46:18,IN
6604,2026-03-25 08:48:24,IN
5009,2026-03-25 08:50:55,OUT
7412,2026-03-25 09:12:07,IN
9193,2026-03-25 09:12:22,IN
7258,2026-03-25 09:22:43,IN
5976,2026-03-25 09:23:51,IN
1327,2026-03-25 09:27:42,IN
4566,2026-03-25 09:29:01,OUT
5009,2026-03-25 09:36:55,IN
3640,2026-03-25 09:37:15,OUT
8518,2026-03-25 09:40:50,IN
5024,2026-03-25 09:40:50,OUT
2657,2026-03-25 09:42:16,OUT
8834,2026-03-25 09:47:02,IN
9910,2026-03-25 09:49:02,IN
4364,2026-03-25 09:56:49,IN
3640,2026-03-25 10:07:15,IN
2657,2026-03-25 10:07:16,IN
6604,2026-03-25 10:21:24,OUT
6465,2026-03-25 10:23:20,OUT
3762,2026-03-25 10:24:04,OUT
4566,2026-03-25 10:26:01,IN
5024,2026-03-25 10:36:50,IN
1327,2026-03-25 10:39:42,OUT
7412,2026-03-25 10:43:07,OUT
3762,2026-03-25 10:48:04,IN
1187,2026-03-25 10:48:36,OUT
7258,2026-03-25 11:07:43,OUT
1125,2026-03-25 11:16:40,OUT
1187,2026-03-25 11:17:36,IN
1125,2026-03-25 11:31:40,IN
9910,2026-03-25 11:32:02,OUT
4364,2026-03-25 11:35:49,OUT
6718,2026-03-25 11:36:53,OUT
7412,2026-03-25 11:37:07,IN
7721,2026-03-25 11:37:18,OUT
9193,2026-03-25 11:40:22,OUT
8834,2026-03-25 11:42:02,OUT
4364,2026-03-25 11:52:49,IN
2112,2026-03-25 11:54:11,OUT
7258,2026-03-25 11:55:43,IN
5024,2026-03-25 12:13:50,OUT
9193,2026-03-25 12:14:22,IN
8834,2026-03-25 12:15:02,IN
6718,2026-03-25 12:15:53,IN
9910,2026-03-25 12:19:02,IN
5024,2026-03-25 12:36:50,IN
5976,2026-03-25 12:36:51,OUT
3762,2026-03-25 12:49:04,OUT
2657,2026-03-25 12:51:16,OUT
5976,2026-03-25 13:06:51,IN
5009,2026-03-25 13:08:55,OUT
1125,2026-03-25 13:10:40,OUT
3640,2026-03-25 13:12:15,OUT
8518,2026-03-25 13:16:50,OUT
2657,2026-03-25 13:25:16,IN
7412,2026-03-25 13:54:07,OUT
7258,2026-03-25 13:59:43,OUT
4566,2026-03-25 14:01:01,OUT
7258,2026-03-25 14:14:43,IN
4566,2026-03-25 14:31:01,IN
1187,2026-03-25 14:39:36,OUT
9910,2026-03-25 14:58:02,OUT
9193,2026-03-25 15:08:22,OUT
4364,2026-03-25 15:09:49,OUT
2657,2026-03-25 15:19:16,OUT
8834,2026-03-25 15:21:02,OUT
9910,2026-03-25 15:27:02,IN
1187,2026-03-25 15:28:36,IN
5024,2026-03-25 15:39:50,OUT
6718,2026-03-25 15:39:53,OUT
8834,2026-03-25 15:47:02,IN
7258,2026-03-25 15:51:43,OUT
4364,2026-03-25 15:53:49,IN
2657,2026-03-25 15:57:16,IN
7258,2026-03-25 16:20:43,IN
5024,2026-03-25 16:34:50,IN
9910,2026-03-25 16:38:02,OUT
1187,2026-03-25 16:40:36,OUT
9910,2026-03-25 16:54:02,IN
5976,2026-03-25 17:05:51,OUT
1187,2026-03-25 17:07:36,IN
8834,2026-03-25 17:20:02,OUT
5976,2026-03-25 17:22:51,IN
4364,2026-03-25 17:32:49,OUT
8834,2026-03-25 17:42:02,IN
4566,2026-03-25 18:04:01,OUT
5024,2026-03-25 18:07:50,OUT
4364,2026-03-25 18:27:49,IN
7258,2026-03-25 18:34:43,OUT
4566,2026-03-25 18:48:01,IN
1187,2026-03-25 19:11:36,OUT
2657,2026-03-25 19:26:16,OUT
9910,2026-03-25 19:31:02,OUT
5976,2026-03-25 19:44:51,OUT
5976,2026-03-25 20:12:51,IN
4566,2026-03-25 20:46:01,OUT
8834,2026-03-25 21:33:02,OUT
4364,2026-03-25 22:03:49,OUT
5976,2026-03-25 22:03:51,OUT
8518,2026-03-26 07:21:19,IN
8565,2026-03-26 07:22:42,IN
1327,2026-03-26 07:28:52,IN
5360,2026-03-26 07:33:22,IN
5976,2026-03-26 07:49:20,IN
2112,2026-03-26 07:52:35,IN
5024,2026-03-26 07:55:53,IN
3762,2026-03-26 07:56:51,IN
6827,2026-03-26 08:11:54,IN
8822,2026-03-26 08:25:00,IN
9910,2026-03-26 08:44:06,IN
4566,2026-03-26 08:44:33,IN
8518,2026-03-26 08:50:19,OUT
5558,2026-03-26 09:00:54,IN
1327,2026-03-26 09:02:52,OUT
7258,2026-03-26 09:05:37,IN
8762,2026-03-26 09:12:24,IN
3556,2026-03-26 09:15:13,IN
8518,2026-03-26 09:18:19,IN
1327,2026-03-26 09:25:52,IN
3762,2026-03-26 09:26:51,OUT
6465,2026-03-26 09:32:24,IN
7412,2026-03-26 09:34:52,IN
8834,2026-03-26 09:40:22,IN
5009,2026-03-26 09:41:53,IN
5360,2026-03-26 09:44:22,OUT
4364,2026-03-26 09:46:22,IN
8565,2026-03-26 09:52:42,OUT
1903,2026-03-26 09:56:41,IN
9910,2026-03-26 10:04:06,OUT
2112,2026-03-26 10:05:35,OUT
3762,2026-03-26 10:09:51,IN
8822,2026-03-26 10:10:00,OUT
5976,2026-03-26 10:36:20,OUT
8762,2026-03-26 10:38:24,OUT
8565,2026-03-26 10:38:42,IN
1327,2026-03-26 10:40:52,OUT
7412,2026-03-26 10:43:52,OUT
8822,2026-03-26 10:52:00,IN
2112,2026-03-26 10:59:35,IN
5024,2026-03-26 11:13:53,OUT
8834,2026-03-26 11:20:22,OUT
4566,2026-03-26 11:20:33,OUT
1327,2026-03-26 11:20:52,IN
7412,2026-03-26 11:25:52,IN
8518,2026-03-26 11:27:19,OUT
5558,2026-03-26 11:33:54,OUT
6827,2026-03-26 11:57:54,OUT
4364,2026-03-26 11:59:22,OUT
8834,2026-03-26 11:59:22,IN
5024,2026-03-26 12:00:53,IN
4566,2026-03-26 12:04:33,IN
5009,2026-03-26 12:06:53,OUT
6465,2026-03-26 12:16:24,OUT
2112,2026-03-26 12:24:35,OUT
3556,2026-03-26 12:30:13,OUT
1903,2026-03-26 12:31:41,OUT
6827,2026-03-26 12:32:54,IN
5009,2026-03-26 12:34:53,IN
7258,2026-03-26 12:47:37,OUT
4364,2026-03-26 12:49:22,IN
1903,2026-03-26 12:50:41,IN
3762,2026-03-26 13:05:51,OUT
8565,2026-03-26 13:14:42,OUT
7258,2026-03-26 13:19:37,IN
2112,2026-03-26 13:23:35,IN
3762,2026-03-26 13:54:51,IN
8822,2026-03-26 13:59:00,OUT
7412,2026-03-26 14:01:52,OUT
5024,2026-03-26 14:16:53,OUT
8822,2026-03-26 14:24:00,IN
2112,2026-03-26 14:27:35,OUT
1327,2026-03-26 14:29:52,OUT
5024,2026-03-26 14:51:53,IN
1327,2026-03-26 14:56:52,IN
8834,2026-03-26 15:08:22,OUT
7258,2026-03-26 15:08:37,OUT
8834,2026-03-26 15:45:22,IN
7258,2026-03-26 15:48:37,IN
5009,2026-03-26 15:56:53,OUT
4566,2026-03-26 16:00:33,OUT
4364,2026-03-26 16:24:22,OUT
3762,2026-03-26 16:24:51,OUT
1903,2026-03-26 16:30:41,OUT
5024,2026-03-26 16:31:53,OUT
6827,2026-03-26 16:31:54,OUT
4566,2026-03-26 16:32:33,IN
5009,2026-03-26 16:52:53,IN
4364,2026-03-26 16:57:22,IN
1903,2026-03-26 16:59:41,IN
5024,2026-03-26 17:00:53,IN
6827,2026-03-26 17:10:54,IN
3762,2026-03-26 17:24:51,IN
1327,2026-03-26 17:41:52,OUT
8822,2026-03-26 17:49:00,OUT
4566,2026-03-26 18:47:33,OUT
7258,2026-03-26 19:11:37,OUT
4566,2026-03-26 19:26:33,IN
8834,2026-03-26 19:28:22,OUT
5024,2026-03-26 19:46:53,OUT
4364,2026-03-26 19:56:22,OUT
3762,2026-03-26 19:56:51,OUT
5009,2026-03-26 19:56:53,OUT
7258,2026-03-26 20:08:37,IN
8834,2026-03-26 20:11:22,IN
6827,2026-03-26 20:28:54,OUT
5009,2026-03-26 20:34:53,IN
1903,2026-03-26 20:36:41,OUT
4566,2026-03-26 20:38:33,OUT
7258,2026-03-26 21:16:37,OUT
8834,2026-03-26 21:18:22,OUT
1903,2026-03-26 21:35:41,IN
5009,2026-03-26 22:13:53,OUT
1903,2026-03-26 23:50:41,OUT
3556,2026-03-27 07:09:12,IN
8822,2026-03-27 07:23:51,IN
5009,2026-03-27 08:07:38,IN
4364,2026-03-27 08:09:45,IN
7258,2026-03-27 08:17:39,IN
6465,2026-03-27 08:20:57,IN
1187,2026-03-27 08:24:02,IN
5976,2026-03-27 08:32:25,IN
5024,2026-03-27 08:33:11,IN
3640,2026-03-27 08:51:55,IN
6827,2026-03-27 08:53:16,IN
4763,2026-03-27 08:59:09,IN
3762,2026-03-27 09:03:23,IN
7721,2026-03-27 09:08:06,IN
4364,2026-03-27 09:13:45,OUT
7258,2026-03-27 09:17:39,OUT
5009,2026-03-27 09:24:38,OUT
8822,2026-03-27 09:30:51,OUT
1187,2026-03-27 09:40:02,OUT
8518,2026-03-27 09:46:14,IN
5009,2026-03-27 09:48:38,IN
4566,2026-03-27 09:51:55,IN
1327,2026-03-27 09:52:22,IN
3556,2026-03-27 09:53:12,OUT
1187,2026-03-27 09:55:02,IN
7258,2026-03-27 10:06:39,IN
8822,2026-03-27 10:06:51,IN
6827,2026-03-27 10:11:16,OUT
6465,2026-03-27 10:38:57,OUT
4763,2026-03-27 10:49:09,OUT
6827,2026-03-27 11:02:16,IN
4566,2026-03-27 11:05:55,OUT
8822,2026-03-27 11:08:51,OUT
8518,2026-03-27 11:10:14,OUT
6465,2026-03-27 11:13:57,IN
4566,2026-03-27 11:25:55,IN
8822,2026-03-27 11:42:51,IN
5009,2026-03-27 11:51:38,OUT
3640,2026-03-27 11:55:55,OUT
5024,2026-03-27 12:02:11,OUT
7721,2026-03-27 12:07:06,OUT
8518,2026-03-27 12:10:14,IN
1327,2026-03-27 12:11:22,OUT
5976,2026-03-27 12:28:25,OUT
6827,2026-03-27 12:29:16,OUT
3762,2026-03-27 12:39:23,OUT
6465,2026-03-27 12:40:57,OUT
3640,2026-03-27 12:42:55,IN
7258,2026-03-27 12:46:39,OUT
5024,2026-03-27 12:53:11,IN
1327,2026-03-27 12:55:22,IN
1187,2026-03-27 13:04:02,OUT
3762,2026-03-27 13:04:23,IN
6827,2026-03-27 13:21:16,IN
4566,2026-03-27 13:24:55,OUT
1187,2026-03-27 13:27:02,IN
8822,2026-03-27 13:49:51,OUT
8822,2026-03-27 14:38:51,IN
1327,2026-03-27 14:42:22,OUT
5024,2026-03-27 15:11:11,OUT
3640,2026-03-27 15:26:55,OUT
5024,2026-03-27 15:34:11,IN
8518,2026-03-27 15:37:14,OUT
3762,2026-03-27 15:40:23,OUT
3640,2026-03-27 15:42:55,IN
8822,2026-03-27 15:56:51,OUT
8518,2026-03-27 16:00:14,IN
3762,2026-03-27 16:39:23,IN
6827,2026-03-27 16:47:16,OUT
5024,2026-03-27 16:54:11,OUT
1187,2026-03-27 17:03:02,OUT
5024,2026-03-27 17:21:11,IN
1187,2026-03-27 17:58:02,IN
3640,2026-03-27 18:12:55,OUT
8518,2026-03-27 19:26:14,OUT
3762,2026-03-27 19:36:23,OUT
8518,2026-03-27 20:26:14,IN
5024,2026-03-27 20:49:11,OUT
1187,2026-03-27 21:40:02,OUT
8518,2026-03-27 22:18:14,OUT
7412,2026-03-30 07:00:21,IN
6604,2026-03-30 07:00:58,IN
4763,2026-03-30 07:03:42,IN
8518,2026-03-30 07:12:53,IN
3762,2026-03-30 07:26:20,IN
5558,2026-03-30 07:31:52,IN
9910,2026-03-30 07:44:48,IN
3640,2026-03-30 07:51:38,IN
6465,2026-03-30 07:52:34,IN
4364,2026-03-30 08:09:13,IN
7721,2026-03-30 08:11:18,IN
8834,2026-03-30 08:20:15,IN
6604,2026-03-30 08:27:58,OUT
9839,2026-03-30 08:43:57,IN
3640,2026-03-30 08:54:38,OUT
5009,2026-03-30 08:55:46,IN
3762,2026-03-30 09:00:20,OUT
8762,2026-03-30 09:02:32,IN
6604,2026-03-30 09:03:58,IN
2112,2026-03-30 09:04:14,IN
8565,2026-03-30 09:10:06,IN
8518,2026-03-30 09:14:53,OUT
1327,2026-03-30 09:17:06,IN
4566,2026-03-30 09:18:04,IN
1553,2026-03-30 09:21:12,IN
4763,2026-03-30 09:21:42,OUT
3556,2026-03-30 09:29:15,IN
1187,2026-03-30 09:30:48,IN
6465,2026-03-30 09:32:34,OUT
3640,2026-03-30 09:35:38,IN
3762,2026-03-30 09:40:20,IN
6827,2026-03-30 09:42:20,IN
5024,2026-03-30 09:47:04,IN
7412,2026-03-30 09:55:21,OUT
5360,2026-03-30 09:58:32,IN
9839,2026-03-30 10:00:57,OUT
7412,2026-03-30 10:11:21,IN
4763,2026-03-30 10:12:42,IN
5558,2026-03-30 10:18:52,OUT
9839,2026-03-30 10:21:57,IN
6465,2026-03-30 10:25:34,IN
4364,2026-03-30 10:31:13,OUT
8834,2026-03-30 10:36:15,OUT
2112,2026-03-30 10:38:14,OUT
9910,2026-03-30 11:04:48,OUT
3640,2026-03-30 11:07:38,OUT
5558,2026-03-30 11:14:52,IN
4364,2026-03-30 11:22:13,IN
2112,2026-03-30 11:28:14,IN
9910,2026-03-30 11:28:48,IN
5360,2026-03-30 11:30:32,OUT
7721,2026-03-30 11:34:18,OUT
8762,2026-03-30 11:35:32,OUT
6465,2026-03-30 11:39:34,OUT
4566,2026-03-30 11:42:04,OUT
6827,2026-03-30 11:53:20,OUT
5360,2026-03-30 11:58:32,IN
1187,2026-03-30 11:58:48,OUT
1327,2026-03-30 12:14:06,OUT
8762,2026-03-30 12:19:32,IN
1187,2026-03-30 12:22:48,IN
1553,2026-03-30 12:24:12,OUT
6604,2026-03-30 12:25:58,OUT
7721,2026-03-30 12:31:18,IN
5009,2026-03-30 12:32:46,OUT
5558,2026-03-30 12:32:52,OUT
2112,2026-03-30 12:38:14,OUT
6465,2026-03-30 12:38:34,IN
4566,2026-03-30 12:41:04,IN
9839,2026-03-30 12:44:57,OUT
6827,2026-03-30 12:47:20,IN
8565,2026-03-30 12:59:06,OUT
6604,2026-03-30 13:00:58,IN
1327,2026-03-30 13:09:06,IN
4364,2026-03-30 13:24:13,OUT
3556,2026-03-30 13:28:15,OUT
9839,2026-03-30 13:28:57,IN
7412,2026-03-30 13:32:21,OUT
3762,2026-03-30 13:34:20,OUT
2112,2026-03-30 13:36:14,IN
5024,2026-03-30 13:38:04,OUT
9910,2026-03-30 13:55:48,OUT
4763,2026-03-30 13:56:42,OUT
6604,2026-03-30 14:05:58,OUT
4364,2026-03-30 14:14:13,IN
7412,2026-03-30 14:14:21,IN
9839,2026-03-30 14:35:57,OUT
6604,2026-03-30 14:43:58,IN
7721,2026-03-30 14:48:18,OUT
6465,2026-03-30 14:48:34,OUT
9910,2026-03-30 14:48:48,IN
4566,2026-03-30 14:56:04,OUT
9839,2026-03-30 15:10:57,IN
7721,2026-03-30 15:18:18,IN
6827,2026-03-30 15:18:20,OUT
4566,2026-03-30 15:22:04,IN
1187,2026-03-30 15:25:48,OUT
5360,2026-03-30 15:37:32,OUT
7412,2026-03-30 15:51:21,OUT
6827,2026-03-30 16:02:20,IN
8762,2026-03-30 16:04:32,OUT
7412,2026-03-30 16:13:21,IN
6604,2026-03-30 16:16:58,OUT
1327,2026-03-30 16:19:06,OUT
1327,2026-03-30 16:37:06,IN
2112,2026-03-30 16:37:14,OUT
9839,2026-03-30 16:43:57,OUT
8762,2026-03-30 16:52:32,IN
9910,2026-03-30 16:53:48,OUT
4566,2026-03-30 17:21:04,OUT
2112,2026-03-30 17:25:14,IN
4364,2026-03-30 17:27:13,OUT
7412,2026-03-30 17:35:21,OUT
4364,2026-03-30 18:13:13,IN
6827,2026-03-30 18:54:20,OUT
1327,2026-03-30 19:04:06,OUT
7721,2026-03-30 19:10:18,OUT
1327,2026-03-30 19:36:06,IN
6827,2026-03-30 19:40:20,IN
8762,2026-03-30 20:23:32,OUT
2112,2026-03-30 20:47:14,OUT
4364,2026-03-30 21:01:13,OUT
8762,2026-03-30 21:13:32,IN
6827,2026-03-30 22:12:20,OUT
1327,2026-03-30 22:40:06,OUT
8762,2026-03-30 22:56:32,OUT
4054,2026-03-31 07:11:39,IN
7412,2026-03-31 07:22:17,IN
7721,2026-03-31 07:22:21,IN
7258,2026-03-31 07:22:59,IN
1327,2026-03-31 07:24:15,IN
2112,2026-03-31 07:30:40,IN
6827,2026-03-31 07:32:57,IN
1903,2026-03-31 07:38:59,IN
5024,2026-03-31 07:49:11,IN
8762,2026-03-31 08:13:54,IN
7721,2026-03-31 08:47:21,OUT
3556,2026-03-31 08:52:35,IN
7258,2026-03-31 08:53:59,OUT
2657,2026-03-31 08:56:10,IN
1553,2026-03-31 09:03:00,IN
3640,2026-03-31 09:04:27,IN
5024,2026-03-31 09:08:11,OUT
5976,2026-03-31 09:09:47,IN
7412,2026-03-31 09:12:17,OUT
4364,2026-03-31 09:13:41,IN
9193,2026-03-31 09:19:15,IN
8518,2026-03-31 09:34:33,IN
7721,2026-03-31 09:40:21,IN
5024,2026-03-31 09:53:11,IN
8565,2026-03-31 09:58:44,IN
1327,2026-03-31 10:07:15,OUT
4054,2026-03-31 10:09:39,OUT
3640,2026-03-31 10:18:27,OUT
6827,2026-03-31 10:19:57,OUT
2657,2026-03-31 10:24:10,OUT
8762,2026-03-31 10:25:54,OUT
2112,2026-03-31 10:29:40,OUT
4054,2026-03-31 10:42:39,IN
8518,2026-03-31 10:50:33,OUT
2112,2026-03-31 10:54:40,IN
4364,2026-03-31 11:00:41,OUT
1327,2026-03-31 11:03:15,IN
6827,2026-03-31 11:05:57,IN
2657,2026-03-31 11:08:10,IN
1903,2026-03-31 11:08:59,OUT
8518,2026-03-31 11:13:33,IN
8762,2026-03-31 11:16:54,IN
3640,2026-03-31 11:17:27,IN
4364,2026-03-31 11:22:41,IN
5024,2026-03-31 11:42:11,OUT
1327,2026-03-31 12:04:15,OUT
1553,2026-03-31 12:18:00,OUT
8565,2026-03-31 12:19:44,OUT
3556,2026-03-31 12:24:35,OUT
7721,2026-03-31 12:27:21,OUT
1327,2026-03-31 12:31:15,IN
5976,2026-03-31 12:35:47,OUT
3556,2026-03-31 12:47:35,IN
7721,2026-03-31 13:02:21,IN
8762,2026-03-31 13:02:54,OUT
3640,2026-03-31 13:10:27,OUT
1553,2026-03-31 13:13:00,IN
9193,2026-03-31 13:16:15,OUT
3640,2026-03-31 13:30:27,IN
9193,2026-03-31 13:32:15,IN
8518,2026-03-31 13:48:33,OUT
6827,2026-03-31 13:52:57,OUT
2112,2026-03-31 14:01:40,OUT
2657,2026-03-31 14:08:10,OUT
4054,2026-03-31 14:38:39,OUT
4364,2026-03-31 15:08:41,OUT
4054,2026-03-31 15:10:39,IN
3640,2026-03-31 15:16:27,OUT
1327,2026-03-31 15:33:15,OUT
3556,2026-03-31 15:52:35,OUT
3556,2026-03-31 16:09:35,IN
1553,2026-03-31 16:28:00,OUT
1327,2026-03-31 16:31:15,IN
9193,2026-03-31 16:34:15,OUT
4054,2026-03-31 16:46:39,OUT
7721,2026-03-31 16:49:21,OUT
1553,2026-03-31 16:52:00,IN
4054,2026-03-31 17:23:39,IN
9193,2026-03-31 17:24:15,IN
1327,2026-03-31 17:54:15,OUT
1553,2026-03-31 18:40:00,OUT
1553,2026-03-31 19:29:00,IN
9193,2026-03-31 19:29:15,OUT
3556,2026-03-31 19:51:35,OUT
4054,2026-03-31 19:57:39,OUT
3556,2026-03-31 20:12:35,IN
1553,2026-03-31 20:58:00,OUT
3556,2026-03-31 22:39:35,OUT
